#ifndef CUNEIFORM_H
#define CUNEIFORM_H



const unsigned short draw_stone_0[] PROGMEM = {
0x003C, 0x0B00,
0x803C, 0x0B00,
0x8047, 0x0B1F,
0x8052, 0x0B3D,
0x805C, 0x0B5A,
0x8067, 0x0B78,
0x8073, 0x0B96,
0x8082, 0x0BB2,
0x8091, 0x0BCE,
0x80A0, 0x0BEA,
0x80B0, 0x0C06,
0x80BE, 0x0C21,
0x80D3, 0x0C3A,
0x80E9, 0x0C53,
0x80FD, 0x0C6C,
0x8113, 0x0C86,
0x8128, 0x0CA0,
0x813B, 0x0CBA,
0x814F, 0x0CD3,
0x8164, 0x0CED,
0x8177, 0x0D05,
0x8197, 0x0D0B,
0x81B7, 0x0D12,
0x81D5, 0x0D18,
0x81F4, 0x0D20,
0x8213, 0x0D27,
0x8233, 0x0D29,
0x8255, 0x0D29,
0x8277, 0x0D27,
0x8298, 0x0D25,
0x82B7, 0x0D25,
0x82D8, 0x0D23,
0x82F8, 0x0D21,
0x8318, 0x0D22,
0x8337, 0x0D23,
0x8356, 0x0D25,
0x8376, 0x0D25,
0x8396, 0x0D27,
0x83B6, 0x0D28,
0x83D7, 0x0D29,
0x83F7, 0x0D2A,
0x8419, 0x0D2D,
0x843A, 0x0D2F,
0x845B, 0x0D32,
0x847C, 0x0D34,
0x849D, 0x0D36,
0x84BC, 0x0D39,
0x84DC, 0x0D3B,
0x84FC, 0x0D3E,
0x851C, 0x0D40,
0x853C, 0x0D3E,
0x855C, 0x0D38,
0x857C, 0x0D32,
0x859C, 0x0D2E,
0x85BC, 0x0D28,
0x85DC, 0x0D21,
0x85FC, 0x0D1C,
0x861C, 0x0D17,
0x863C, 0x0D13,
0x865D, 0x0D10,
0x867E, 0x0D0C,
0x869F, 0x0D08,
0x86BF, 0x0D05,
0x86DE, 0x0D01,
0x86FF, 0x0CFE,
0x8720, 0x0CFE,
0x8741, 0x0CFF,
0x8762, 0x0D00,
0x8781, 0x0D02,
0x87A1, 0x0D03,
0x87BF, 0x0D03,
0x87E0, 0x0D06,
0x8800, 0x0D07,
0x8820, 0x0D0B,
0x8840, 0x0D10,
0x8860, 0x0D16,
0x887F, 0x0D1B,
0x889E, 0x0D21,
0x88BC, 0x0D26,
0x88DD, 0x0D2B,
0x88FD, 0x0D2E,
0x891C, 0x0D31,
0x893D, 0x0D32,
0x895D, 0x0D34,
0x897D, 0x0D36,
0x899F, 0x0D38,
0x89C0, 0x0D3B,
0x89E0, 0x0D3D,
0x8A01, 0x0D3F,
0x8A21, 0x0D40,
0x8A41, 0x0D43,
0x8A60, 0x0D45,
0x8A7F, 0x0D43,
0x8A9E, 0x0D3D,
0x8ABE, 0x0D36,
0x8ADE, 0x0D30,
0x8AFD, 0x0D29,
0x8B1C, 0x0D23,
0x8B3B, 0x0D1D,
0x8B5B, 0x0D16,
0x8B7A, 0x0D10,
0x8B9A, 0x0D09,
0x8BB2, 0x0CF3,
0x8BC9, 0x0CDB,
0x8BDF, 0x0CC2,
0x8BF7, 0x0CA9,
0x8C0E, 0x0C90,
0x8C1F, 0x0C75,
0x8C2A, 0x0C57,
0x8C35, 0x0C39,
0x8C40, 0x0C1C,
0x8C4A, 0x0BFF,
0x8C55, 0x0BE1,
0x8C60, 0x0BC3,
0x8C6B, 0x0BA5,
0x8C72, 0x0B87,
0x8C71, 0x0B65,
0x8C6F, 0x0B43,
0x8C6D, 0x0B22,
0x8C6B, 0x0B01,
0x8C69, 0x0AE0,
0x8C69, 0x0AC0,
0x8C73, 0x0AA2,
0x8C7C, 0x0A83,
0x8C86, 0x0A66,
0x8C90, 0x0A48,
0x8C9A, 0x0A29,
0x8CA4, 0x0A0B,
0x8CAD, 0x09EE,
0x8CB6, 0x09D0,
0x8CC0, 0x09B2,
0x8CCA, 0x0994,
0x8CD3, 0x0977,
0x8CDF, 0x0959,
0x8CED, 0x093D,
0x8CFA, 0x0920,
0x8D07, 0x0903,
0x8D14, 0x08E6,
0x8D21, 0x08CA,
0x8D2B, 0x08AC,
0x8D2B, 0x088B,
0x8D2C, 0x086B,
0x8D2C, 0x084A,
0x8D2D, 0x082C,
0x8D2D, 0x080B,
0x8D2E, 0x07EC,
0x8D2E, 0x07CD,
0x8D2C, 0x07AE,
0x8D21, 0x0791,
0x8D16, 0x0773,
0x8D0B, 0x0756,
0x8D00, 0x0738,
0x8CF5, 0x071A,
0x8CE9, 0x06FD,
0x8CE0, 0x06DF,
0x8CDC, 0x06BE,
0x8CD8, 0x069D,
0x8CD3, 0x067D,
0x8CCF, 0x065C,
0x8CCB, 0x063C,
0x8CC7, 0x061B,
0x8CC2, 0x05FB,
0x8CBE, 0x05DA,
0x8CBA, 0x05BA,
0x8CB5, 0x0599,
0x8CB1, 0x0579,
0x8CAD, 0x0559,
0x8CA9, 0x0538,
0x8CA5, 0x0518,
0x8CA3, 0x04F8,
0x8CA0, 0x04D7,
0x8C9C, 0x04B6,
0x8C99, 0x0495,
0x8C97, 0x0473,
0x8C93, 0x0453,
0x8C8B, 0x0434,
0x8C7D, 0x0417,
0x8C70, 0x03FA,
0x8C63, 0x03DE,
0x8C56, 0x03C2,
0x8C48, 0x03A4,
0x8C3B, 0x0388,
0x8C2C, 0x036C,
0x8C13, 0x0356,
0x8BFB, 0x0340,
0x8BE0, 0x032B,
0x8BC5, 0x031D,
0x8BA8, 0x030F,
0x8B8C, 0x0300,
0x8B6F, 0x02F3,
0x8B52, 0x02E4,
0x8B36, 0x02D6,
0x8B19, 0x02C9,
0x8AFD, 0x02BB,
0x8AE0, 0x02AD,
0x8AC4, 0x029E,
0x8AA5, 0x0297,
0x8A85, 0x0293,
0x8A65, 0x028E,
0x8A46, 0x028B,
0x8A25, 0x0286,
0x8A07, 0x028C,
0x89ED, 0x029E,
0x89D3, 0x02B3,
0x89B9, 0x02C7,
0x899F, 0x02DA,
0x8985, 0x02EC,
0x8969, 0x02FB,
0x894D, 0x0309,
0x8930, 0x0319,
0x8914, 0x0327,
0x88F8, 0x0335,
0x88DB, 0x0341,
0x88BB, 0x0348,
0x889C, 0x0350,
0x887C, 0x0356,
0x885D, 0x035D,
0x883D, 0x0363,
0x881D, 0x0369,
0x87FE, 0x0370,
0x87DE, 0x0377,
0x87BE, 0x037D,
0x879F, 0x0383,
0x877F, 0x038A,
0x8760, 0x0390,
0x8741, 0x0399,
0x8723, 0x03A3,
0x8706, 0x03AE,
0x86E8, 0x03B9,
0x86C8, 0x03BF,
0x86A7, 0x03C1,
0x8687, 0x03C1,
0x8666, 0x03C3,
0x8645, 0x03C6,
0x8624, 0x03C7,
0x8604, 0x03CA,
0x85E7, 0x03D6,
0x85CD, 0x03E9,
0x85B3, 0x03FD,
0x8599, 0x0411,
0x8581, 0x0429,
0x856A, 0x0442,
0x8551, 0x0458,
0x8535, 0x0468,
0x8519, 0x0478,
0x84FE, 0x0488,
0x84E3, 0x0498,
0x84C7, 0x04A8,
0x84B4, 0x04BF,
0x84AA, 0x04DD,
0x84A0, 0x04FB,
0x8486, 0x050E,
0x846D, 0x0520,
0x8452, 0x0533,
0x8437, 0x0545,
0x841F, 0x055C,
0x8406, 0x0573,
0x83EF, 0x058B,
0x83D7, 0x05A2,
0x83BD, 0x05B4,
0x83A2, 0x05C6,
0x8386, 0x05D8,
0x836C, 0x05EA,
0x8350, 0x05FC,
0x8338, 0x0612,
0x8320, 0x0629,
0x8308, 0x0640,
0x82EF, 0x0657,
0x82D6, 0x0670,
0x82C6, 0x068A,
0x82BB, 0x06A8,
0x82AF, 0x06C5,
0x82A3, 0x06E3,
0x8297, 0x0700,
0x8287, 0x071C,
0x8276, 0x0736,
0x8263, 0x0751,
0x824A, 0x0767,
0x8231, 0x077E,
0x8218, 0x0793,
0x81FF, 0x07A9,
0x81E7, 0x07BF,
0x81D1, 0x07D6,
0x81BA, 0x07EE,
0x81A2, 0x0808,
0x8191, 0x0822,
0x8182, 0x083E,
0x8174, 0x085A,
0x8165, 0x0877,
0x8157, 0x0893,
0x8149, 0x08B0,
0x8137, 0x08C9,
0x811B, 0x08D6,
0x80FE, 0x08E5,
0x80F3, 0x0902,
0x80E6, 0x091E,
0x80D9, 0x093B,
0x80CD, 0x0959,
0x80C2, 0x0976,
0x80B7, 0x0993,
0x80A5, 0x09AE,
0x8092, 0x09C9,
0x807F, 0x09E3,
0x8070, 0x09FF,
0x806C, 0x0A1F,
0x8069, 0x0A3F,
0x8065, 0x0A60,
0x8061, 0x0A80,
0x805D, 0x0AA1,
0x8054, 0x0ABC,
0x8047, 0x0AD9,
0x803C, 0x0B00,
0x003C, 0x0B00
};




const unsigned short draw_0[] PROGMEM = {
0x0438, 0x053C,
0x8438, 0x053C,
0x8440, 0x053E,
0x8444, 0x0545,
0x8442, 0x054D,
0x8441, 0x0555,
0x8444, 0x055D,
0x8446, 0x0565,
0x8446, 0x056E,
0x8446, 0x0577,
0x844A, 0x057D,
0x844D, 0x058D,
0x8447, 0x0594,
0x8446, 0x059D,
0x8434, 0x059C,
0x8431, 0x0594,
0x8429, 0x0593,
0x8420, 0x0593,
0x8417, 0x0593,
0x840F, 0x0593,
0x8406, 0x0593,
0x83FD, 0x0593,
0x83F5, 0x0593,
0x83ED, 0x0592,
0x83E7, 0x0591,
0x83DE, 0x0593,
0x83D5, 0x0593,
0x83CD, 0x0593,
0x83C6, 0x0597,
0x83BF, 0x059C,
0x83B9, 0x05A1,
0x83BF, 0x05A6,
0x83C6, 0x05AB,
0x83CD, 0x05AF,
0x83D4, 0x05B5,
0x83DD, 0x05B6,
0x83E5, 0x05B6,
0x83ED, 0x05B9,
0x83F6, 0x05B9,
0x83FE, 0x05B9,
0x8407, 0x05B9,
0x8410, 0x05B9,
0x8418, 0x05B9,
0x8421, 0x05B9,
0x842A, 0x05B9,
0x8431, 0x05B5,
0x8432, 0x05AD,
0x8432, 0x05A5,
0x8434, 0x059C,
0x8446, 0x059D,
0x8446, 0x05A5,
0x8446, 0x05AE,
0x8446, 0x05B7,
0x8446, 0x05C0,
0x8446, 0x05C9,
0x8446, 0x05D2,
0x8446, 0x05DB,
0x8435, 0x05D8,
0x8432, 0x05D0,
0x842A, 0x05D2,
0x8421, 0x05D2,
0x8419, 0x05D2,
0x8410, 0x05D2,
0x8407, 0x05D2,
0x83FE, 0x05D2,
0x83F6, 0x05D2,
0x83EE, 0x05D2,
0x83E5, 0x05CE,
0x83DD, 0x05CE,
0x83D9, 0x05CF,
0x83D4, 0x05D6,
0x83CD, 0x05DC,
0x83C6, 0x05E0,
0x83BB, 0x05CF,
0x83C1, 0x05CB,
0x83C6, 0x05C6,
0x83C0, 0x05C2,
0x83BA, 0x05BF,
0x83B3, 0x05BB,
0x83AD, 0x05B6,
0x83A7, 0x05B4,
0x83A6, 0x05B4,
0x83A6, 0x05BC,
0x83A8, 0x05C4,
0x83A9, 0x05CB,
0x83A7, 0x05D1,
0x83AD, 0x05D5,
0x83B4, 0x05D2,
0x83BB, 0x05CF,
0x83C6, 0x05E0,
0x83BE, 0x05E4,
0x83B7, 0x05E8,
0x83B9, 0x05EF,
0x83C0, 0x05F4,
0x83C8, 0x05F8,
0x83D1, 0x05F8,
0x83D9, 0x05F8,
0x83E1, 0x05FB,
0x83EA, 0x05FB,
0x83F2, 0x05F9,
0x83FA, 0x05F8,
0x8402, 0x05F8,
0x840C, 0x05F8,
0x8414, 0x05F8,
0x841D, 0x05F8,
0x8426, 0x05F8,
0x842E, 0x05F8,
0x8433, 0x05F2,
0x8435, 0x05E9,
0x8435, 0x05E0,
0x8435, 0x05D8,
0x8446, 0x05DB,
0x8446, 0x05E3,
0x8446, 0x05EC,
0x8446, 0x05F5,
0x8446, 0x05FE,
0x8445, 0x0606,
0x8442, 0x060E,
0x8445, 0x0616,
0x8446, 0x061F,
0x8446, 0x0628,
0x8447, 0x0631,
0x8447, 0x063A,
0x844C, 0x0640,
0x8452, 0x0648,
0x845A, 0x0647,
0x845C, 0x063E,
0x8461, 0x0637,
0x8461, 0x062E,
0x845F, 0x0627,
0x845B, 0x061E,
0x845C, 0x0616,
0x8460, 0x060E,
0x8461, 0x0606,
0x8461, 0x05FD,
0x8461, 0x05F4,
0x8461, 0x05EB,
0x8461, 0x05E2,
0x8473, 0x05E1,
0x8474, 0x05EA,
0x8474, 0x05F3,
0x8473, 0x05FC,
0x8476, 0x0605,
0x8473, 0x060D,
0x8472, 0x0616,
0x8474, 0x061F,
0x8473, 0x0628,
0x8473, 0x0631,
0x8474, 0x0639,
0x8477, 0x0643,
0x847D, 0x0649,
0x8486, 0x0648,
0x848B, 0x0642,
0x848B, 0x0638,
0x848B, 0x062F,
0x848B, 0x0626,
0x848B, 0x061D,
0x848B, 0x0614,
0x848E, 0x060C,
0x848E, 0x0602,
0x848E, 0x05F9,
0x849D, 0x05F6,
0x849E, 0x05FE,
0x849F, 0x0607,
0x84A0, 0x0610,
0x849F, 0x0619,
0x849F, 0x0622,
0x84A0, 0x062B,
0x84A5, 0x0632,
0x84A6, 0x063B,
0x84A8, 0x0644,
0x84AF, 0x0649,
0x84B7, 0x0647,
0x84BA, 0x063E,
0x84BA, 0x0635,
0x84B9, 0x062C,
0x84B5, 0x0624,
0x84B5, 0x061B,
0x84B6, 0x0612,
0x84BA, 0x060A,
0x84BA, 0x0601,
0x84BA, 0x05F8,
0x84BA, 0x05EF,
0x84BA, 0x05E6,
0x84BA, 0x05DD,
0x84BA, 0x05D4,
0x84BA, 0x05CB,
0x84BA, 0x05C2,
0x84BA, 0x05B9,
0x84BA, 0x05B0,
0x84BA, 0x05A7,
0x84BA, 0x059E,
0x84B7, 0x0596,
0x84AF, 0x0593,
0x84A6, 0x0593,
0x84A2, 0x0593,
0x84A0, 0x059C,
0x84A0, 0x05A5,
0x84A0, 0x05AE,
0x84A0, 0x05B7,
0x84A0, 0x05C0,
0x84A0, 0x05C9,
0x84A0, 0x05D2,
0x84A0, 0x05DB,
0x849F, 0x05E4,
0x849F, 0x05ED,
0x849D, 0x05F6,
0x848E, 0x05F9,
0x848E, 0x05F0,
0x848E, 0x05E7,
0x848E, 0x05DE,
0x848E, 0x05D5,
0x848E, 0x05CC,
0x848E, 0x05C2,
0x848E, 0x05B9,
0x848E, 0x05B0,
0x848E, 0x05A7,
0x848E, 0x059E,
0x848C, 0x0595,
0x8484, 0x0593,
0x847B, 0x0593,
0x8477, 0x0593,
0x8473, 0x059A,
0x8474, 0x05A3,
0x8473, 0x05AC,
0x8473, 0x05B5,
0x8473, 0x05BE,
0x8474, 0x05C7,
0x8476, 0x05D0,
0x8475, 0x05D9,
0x8473, 0x05E1,
0x8461, 0x05E2,
0x8461, 0x05D9,
0x8461, 0x05D0,
0x8461, 0x05C7,
0x8461, 0x05BF,
0x8461, 0x05B6,
0x8461, 0x05AD,
0x8461, 0x05A4,
0x8460, 0x059C,
0x845B, 0x0594,
0x8458, 0x058D,
0x844F, 0x058C,
0x844D, 0x058D,
0x844A, 0x057D,
0x8452, 0x057C,
0x845A, 0x057C,
0x845D, 0x0574,
0x845C, 0x056B,
0x845B, 0x0563,
0x845C, 0x055A,
0x8460, 0x0554,
0x8467, 0x054E,
0x846D, 0x0553,
0x8471, 0x055A,
0x8473, 0x0562,
0x8473, 0x056B,
0x8473, 0x0573,
0x8474, 0x057B,
0x847D, 0x057E,
0x8485, 0x057C,
0x848C, 0x057A,
0x848C, 0x0571,
0x848B, 0x0568,
0x848B, 0x0560,
0x848C, 0x0557,
0x848F, 0x0550,
0x8497, 0x054E,
0x849D, 0x0555,
0x849F, 0x055D,
0x84A0, 0x0565,
0x84A0, 0x056E,
0x84A0, 0x0577,
0x84A4, 0x057D,
0x84AD, 0x057C,
0x84B5, 0x057B,
0x84BA, 0x0574,
0x84B6, 0x056D,
0x84B5, 0x0566,
0x84B8, 0x055D,
0x84BB, 0x0555,
0x84BF, 0x054E,
0x84C6, 0x0549,
0x84CE, 0x054B,
0x84D0, 0x0554,
0x84D0, 0x055C,
0x84D0, 0x0565,
0x84D0, 0x056E,
0x84D0, 0x0576,
0x84D1, 0x057F,
0x84DA, 0x057F,
0x84E2, 0x057D,
0x84EA, 0x057C,
0x84F3, 0x057C,
0x84FC, 0x057D,
0x8504, 0x057D,
0x850C, 0x057D,
0x8514, 0x0578,
0x851C, 0x0578,
0x8525, 0x0578,
0x852E, 0x0578,
0x8537, 0x0578,
0x853F, 0x0578,
0x8547, 0x0575,
0x854F, 0x0574,
0x8558, 0x0574,
0x8560, 0x0573,
0x8568, 0x0572,
0x8571, 0x0574,
0x8579, 0x0571,
0x8581, 0x0573,
0x8588, 0x0577,
0x8589, 0x0580,
0x8587, 0x0588,
0x8580, 0x058C,
0x8577, 0x058C,
0x856E, 0x058C,
0x8566, 0x0589,
0x855E, 0x058C,
0x8556, 0x058E,
0x854E, 0x058C,
0x8546, 0x058E,
0x853E, 0x0590,
0x8535, 0x058F,
0x852D, 0x058F,
0x8524, 0x0590,
0x851C, 0x0591,
0x8513, 0x0590,
0x850B, 0x0593,
0x8503, 0x0594,
0x84FB, 0x0598,
0x84F2, 0x0598,
0x84EA, 0x0596,
0x84E3, 0x0593,
0x84DC, 0x0597,
0x84D3, 0x0599,
0x84D2, 0x05A1,
0x84D3, 0x05A8,
0x84D1, 0x05AF,
0x84D9, 0x05B3,
0x84E2, 0x05B2,
0x84EA, 0x05B4,
0x84F3, 0x05B6,
0x84FB, 0x05B6,
0x8504, 0x05B5,
0x850C, 0x05B6,
0x8515, 0x05B6,
0x851D, 0x05B6,
0x8526, 0x05B6,
0x852F, 0x05B6,
0x8538, 0x05B6,
0x8540, 0x05B5,
0x8548, 0x05B6,
0x8550, 0x05B5,
0x8559, 0x05B2,
0x8561, 0x05B2,
0x856A, 0x05B2,
0x8572, 0x05B2,
0x857B, 0x05B2,
0x8583, 0x05B3,
0x8588, 0x05BA,
0x8586, 0x05C2,
0x857F, 0x05C7,
0x8577, 0x05C9,
0x856E, 0x05C9,
0x8565, 0x05C9,
0x855D, 0x05C8,
0x8554, 0x05C8,
0x854B, 0x05C8,
0x8543, 0x05CB,
0x853B, 0x05CE,
0x8533, 0x05CE,
0x852A, 0x05CE,
0x8521, 0x05CE,
0x8519, 0x05CE,
0x8510, 0x05CE,
0x8507, 0x05CE,
0x84FF, 0x05CE,
0x84F6, 0x05CE,
0x84ED, 0x05CD,
0x84E6, 0x05CA,
0x84DD, 0x05C8,
0x84D5, 0x05C8,
0x84D0, 0x05CD,
0x84D0, 0x05D6,
0x84D0, 0x05DE,
0x84CE, 0x05E7,
0x84CF, 0x05EF,
0x84D5, 0x05F1,
0x84DE, 0x05F0,
0x84E6, 0x05F4,
0x84EE, 0x05F4,
0x84F7, 0x05F5,
0x84FF, 0x05F4,
0x8508, 0x05F4,
0x8511, 0x05F4,
0x8519, 0x05F4,
0x8522, 0x05F4,
0x852B, 0x05F4,
0x8534, 0x05F4,
0x853C, 0x05F4,
0x8543, 0x05F0,
0x854C, 0x05F0,
0x8555, 0x05F0,
0x855E, 0x05F0,
0x8566, 0x05F0,
0x856F, 0x05F0,
0x8578, 0x05F0,
0x857F, 0x05F5,
0x8584, 0x05FB,
0x8581, 0x0603,
0x8579, 0x0608,
0x8571, 0x0607,
0x856A, 0x0603,
0x8561, 0x0604,
0x8558, 0x0604,
0x8550, 0x0603,
0x8547, 0x0604,
0x853F, 0x0605,
0x8536, 0x0603,
0x852E, 0x0606,
0x8526, 0x0609,
0x851E, 0x0608,
0x8515, 0x0608,
0x850C, 0x0608,
0x8504, 0x0608,
0x84FB, 0x0608,
0x84F2, 0x0608,
0x84EA, 0x0608,
0x84E1, 0x0609,
0x84DA, 0x0606,
0x84D1, 0x0602,
0x84D0, 0x060A,
0x84CF, 0x0613,
0x84CC, 0x061B,
0x84CC, 0x0623,
0x84CF, 0x062B,
0x84D0, 0x0634,
0x84D2, 0x063C,
0x84D6, 0x0643,
0x84DD, 0x0648,
0x84E5, 0x0647,
0x84ED, 0x0649,
0x84F6, 0x0649,
0x84FE, 0x0649,
0x8506, 0x0646,
0x850F, 0x0645,
0x8516, 0x0648,
0x851F, 0x0649,
0x8527, 0x0646,
0x852F, 0x0649,
0x8538, 0x0649,
0x8540, 0x0649,
0x8549, 0x0649,
0x8552, 0x0649,
0x855A, 0x0646,
0x8562, 0x0646,
0x856B, 0x0646,
0x8573, 0x0646,
0x857B, 0x0648,
0x8582, 0x064C,
0x8587, 0x0653,
0x8582, 0x065A,
0x857A, 0x065D,
0x8572, 0x065E,
0x856B, 0x0661,
0x8563, 0x065D,
0x855A, 0x065D,
0x8551, 0x065D,
0x8549, 0x065D,
0x8541, 0x065E,
0x853A, 0x0660,
0x8532, 0x065D,
0x852A, 0x0660,
0x8522, 0x0662,
0x8519, 0x0661,
0x8511, 0x0660,
0x8509, 0x065E,
0x8502, 0x0661,
0x84F9, 0x0661,
0x84F0, 0x0661,
0x84E8, 0x0663,
0x84E4, 0x0668,
0x84E8, 0x0670,
0x84D9, 0x0679,
0x84D5, 0x0673,
0x84D2, 0x066A,
0x84CF, 0x0663,
0x84CB, 0x0663,
0x84C9, 0x066B,
0x84C8, 0x0673,
0x84C4, 0x067A,
0x84C4, 0x0682,
0x84B0, 0x0682,
0x84AF, 0x067A,
0x84AE, 0x0672,
0x84A9, 0x066D,
0x84A6, 0x0667,
0x84A0, 0x0663,
0x84A0, 0x0663,
0x849C, 0x066B,
0x849A, 0x0672,
0x849A, 0x067A,
0x849E, 0x0681,
0x84A5, 0x0685,
0x84AC, 0x0688,
0x84B0, 0x0682,
0x84C4, 0x0682,
0x84CB, 0x0686,
0x84D3, 0x0687,
0x84DA, 0x0688,
0x84DB, 0x0681,
0x84D9, 0x0679,
0x84E8, 0x0670,
0x84EB, 0x0678,
0x84EE, 0x0680,
0x84F4, 0x0685,
0x84F8, 0x068C,
0x84F6, 0x0694,
0x84F0, 0x069A,
0x84E9, 0x069E,
0x84E0, 0x069F,
0x84D8, 0x069C,
0x84D0, 0x069A,
0x84C7, 0x069A,
0x84C0, 0x069E,
0x84B7, 0x069E,
0x84AE, 0x069E,
0x84A6, 0x069E,
0x849E, 0x069E,
0x8496, 0x069B,
0x848C, 0x069A,
0x8485, 0x0699,
0x847C, 0x0698,
0x8474, 0x067E,
0x8479, 0x067A,
0x8477, 0x0672,
0x8477, 0x066B,
0x8473, 0x0664,
0x846E, 0x0663,
0x846A, 0x066A,
0x846B, 0x0672,
0x846E, 0x0679,
0x8474, 0x067E,
0x847C, 0x0698,
0x8474, 0x0699,
0x846D, 0x069E,
0x8466, 0x06A3,
0x845D, 0x06A4,
0x8456, 0x06A0,
0x844E, 0x069E,
0x8445, 0x069F,
0x843D, 0x069C,
0x843F, 0x0689,
0x8447, 0x068B,
0x844E, 0x0687,
0x844E, 0x0680,
0x844A, 0x0678,
0x8449, 0x0670,
0x8444, 0x066B,
0x8443, 0x066C,
0x8441, 0x0674,
0x8440, 0x067C,
0x843C, 0x0683,
0x843F, 0x0689,
0x843D, 0x069C,
0x8436, 0x069E,
0x842D, 0x069E,
0x8424, 0x069E,
0x841F, 0x0698,
0x8423, 0x0691,
0x8429, 0x068B,
0x8427, 0x0682,
0x842A, 0x067B,
0x842B, 0x0672,
0x842C, 0x0669,
0x842D, 0x0661,
0x8426, 0x065D,
0x841E, 0x065D,
0x8416, 0x065A,
0x840E, 0x0658,
0x8411, 0x0648,
0x841A, 0x0649,
0x8422, 0x0649,
0x8429, 0x0646,
0x842E, 0x063F,
0x8432, 0x0638,
0x8432, 0x062F,
0x8432, 0x0627,
0x8432, 0x061E,
0x8432, 0x0616,
0x8430, 0x060F,
0x8428, 0x060A,
0x8425, 0x060B,
0x841D, 0x060F,
0x8415, 0x060E,
0x840E, 0x060D,
0x8406, 0x0610,
0x83FE, 0x060F,
0x83F5, 0x0610,
0x83ED, 0x0610,
0x83E4, 0x0610,
0x83DC, 0x060F,
0x83D4, 0x0611,
0x83CD, 0x0615,
0x83C6, 0x061B,
0x83C0, 0x061F,
0x83B7, 0x0620,
0x83B0, 0x0625,
0x83A8, 0x0614,
0x83AE, 0x060E,
0x83B5, 0x060C,
0x83B5, 0x0607,
0x83B0, 0x0602,
0x83AA, 0x05FE,
0x83A2, 0x05FD,
0x83A1, 0x05FE,
0x839B, 0x0604,
0x839A, 0x060B,
0x839B, 0x0612,
0x83A2, 0x0616,
0x83A8, 0x0614,
0x83B0, 0x0625,
0x83B0, 0x062B,
0x83B7, 0x062E,
0x83BD, 0x0634,
0x83C1, 0x063B,
0x83C9, 0x063E,
0x83D0, 0x0641,
0x83D9, 0x0642,
0x83E1, 0x0642,
0x83E9, 0x0642,
0x83F1, 0x0642,
0x83F9, 0x0646,
0x8401, 0x0645,
0x840A, 0x0645,
0x8411, 0x0648,
0x840E, 0x0658,
0x8407, 0x065D,
0x83FE, 0x065D,
0x83F5, 0x065C,
0x83EE, 0x0658,
0x83E5, 0x0658,
0x83DC, 0x0658,
0x83D5, 0x065C,
0x83CD, 0x065E,
0x83C5, 0x0662,
0x83BE, 0x0668,
0x83B8, 0x066D,
0x83B0, 0x066F,
0x83AC, 0x0676,
0x83A9, 0x067D,
0x83A2, 0x0683,
0x839A, 0x0684,
0x8392, 0x0686,
0x838A, 0x0684,
0x8386, 0x067C,
0x8386, 0x0674,
0x8386, 0x066B,
0x8385, 0x0662,
0x8389, 0x065B,
0x838B, 0x0653,
0x838B, 0x064A,
0x839A, 0x064E,
0x839E, 0x0654,
0x83A4, 0x0659,
0x83AB, 0x0659,
0x83B1, 0x0656,
0x83B8, 0x0652,
0x83B6, 0x064C,
0x83B0, 0x0647,
0x83AA, 0x0644,
0x83A3, 0x063F,
0x83A0, 0x0640,
0x839D, 0x0647,
0x839A, 0x064E,
0x838B, 0x064A,
0x838B, 0x0641,
0x838B, 0x0639,
0x838B, 0x0630,
0x8386, 0x0629,
0x8387, 0x0622,
0x8389, 0x061A,
0x8386, 0x0612,
0x8386, 0x0609,
0x8386, 0x0601,
0x8386, 0x05F8,
0x8385, 0x05EF,
0x8386, 0x05E7,
0x8385, 0x05DE,
0x8385, 0x05D5,
0x8389, 0x05CE,
0x838F, 0x05C8,
0x8391, 0x05BF,
0x8391, 0x05B6,
0x8391, 0x05AE,
0x8390, 0x05A5,
0x838E, 0x059D,
0x838F, 0x0594,
0x8391, 0x058C,
0x8391, 0x0583,
0x83A3, 0x0582,
0x83A6, 0x0589,
0x83A9, 0x058F,
0x83AF, 0x058D,
0x83B6, 0x058A,
0x83B8, 0x0583,
0x83B3, 0x057E,
0x83AC, 0x057B,
0x83A6, 0x057B,
0x83A3, 0x0582,
0x8391, 0x0583,
0x8391, 0x057B,
0x8391, 0x0572,
0x8391, 0x0569,
0x838E, 0x0561,
0x838F, 0x055A,
0x8391, 0x0551,
0x8398, 0x054E,
0x839F, 0x0552,
0x83A5, 0x0558,
0x83AB, 0x055E,
0x83B2, 0x0565,
0x83B8, 0x056B,
0x83BE, 0x0571,
0x83C6, 0x0574,
0x83CC, 0x0579,
0x83D3, 0x057E,
0x83DC, 0x057F,
0x83E5, 0x057F,
0x83ED, 0x057D,
0x83F5, 0x057C,
0x83FE, 0x057C,
0x8406, 0x057F,
0x840F, 0x057F,
0x8417, 0x057F,
0x8420, 0x057F,
0x8429, 0x057F,
0x8430, 0x057D,
0x8432, 0x0575,
0x8432, 0x056B,
0x8432, 0x0563,
0x8432, 0x055A,
0x8432, 0x0551,
0x8432, 0x0549,
0x8433, 0x0540,
0x8438, 0x053C,
0x0438, 0x053C,
0x0437, 0x0543,
0x8437, 0x0543,
0x843B, 0x0547,
0x0437, 0x0543,
0x0438, 0x0555,
0x8438, 0x0555,
0x843C, 0x0559,
0x0438, 0x0555,
0x0431, 0x058D,
0x8431, 0x058D,
0x8435, 0x0591,
0x0431, 0x058D,
0x0437, 0x0588,
0x8437, 0x0588,
0x843B, 0x058C,
0x0437, 0x0588,
0x0438, 0x058D,
0x8438, 0x058D,
0x843C, 0x0592,
0x0438, 0x058D,
0x0437, 0x058A,
0x8437, 0x058A,
0x843B, 0x058E,
0x0437, 0x058A,
0x0432, 0x0582,
0x8432, 0x0582,
0x8436, 0x0586,
0x0432, 0x0582,
0x0439, 0x0591,
0x8439, 0x0591,
0x843D, 0x0595,
0x0439, 0x0591,
0x0438, 0x05AD,
0x8438, 0x05AD,
0x843C, 0x05B2,
0x0438, 0x05AD,
0x0437, 0x05B2,
0x8437, 0x05B2,
0x843B, 0x05B6,
0x0437, 0x05B2,
0x043C, 0x05BE,
0x843C, 0x05BE,
0x8440, 0x05C2,
0x043C, 0x05BE,
0x0437, 0x05B6,
0x8437, 0x05B6,
0x843B, 0x05BA,
0x0437, 0x05B6,
0x0438, 0x05BC,
0x8438, 0x05BC,
0x843C, 0x05C0,
0x0438, 0x05BC,
0x0437, 0x05D2,
0x8437, 0x05D2,
0x843B, 0x05D6,
0x0437, 0x05D2,
0x0435, 0x05C4,
0x8435, 0x05C4,
0x8439, 0x05C8,
0x0435, 0x05C4,
0x043E, 0x05E2,
0x843E, 0x05E2,
0x8442, 0x05E6,
0x043E, 0x05E2,
0x0441, 0x057C,
0x8441, 0x057C,
0x8445, 0x0580,
0x0441, 0x057C,
0x0445, 0x0583,
0x8445, 0x0583,
0x844A, 0x0587,
0x0445, 0x0583,
0x0440, 0x057A,
0x8440, 0x057A,
0x8444, 0x057E,
0x0440, 0x057A,
0x043E, 0x057D,
0x843E, 0x057D,
0x8442, 0x0581,
0x043E, 0x057D,
0x043F, 0x057A,
0x843F, 0x057A,
0x8444, 0x057F,
0x043F, 0x057A,
0x045A, 0x0587,
0x845A, 0x0587,
0x845E, 0x058B,
0x045A, 0x0587,
0x0459, 0x0589,
0x8459, 0x0589,
0x845D, 0x058D,
0x0459, 0x0589,
0x042F, 0x058C,
0x842F, 0x058C,
0x8433, 0x0590,
0x042F, 0x058C,
0x042B, 0x0589,
0x842B, 0x0589,
0x842F, 0x058D,
0x042B, 0x0589,
0x042B, 0x0586,
0x842B, 0x0586,
0x842F, 0x058A,
0x042B, 0x0586,
0x041C, 0x0584,
0x841C, 0x0584,
0x8420, 0x0588,
0x041C, 0x0584,
0x0416, 0x058A,
0x8416, 0x058A,
0x841B, 0x058E,
0x0416, 0x058A,
0x040F, 0x0587,
0x840F, 0x0587,
0x8413, 0x058B,
0x040F, 0x0587,
0x0406, 0x0586,
0x8406, 0x0586,
0x840B, 0x058A,
0x0406, 0x0586,
0x03FB, 0x0589,
0x83FB, 0x0589,
0x83FF, 0x058D,
0x03FB, 0x0589,
0x03A8, 0x059B,
0x83A8, 0x059B,
0x83AC, 0x059F,
0x03A8, 0x059B,
0x03AD, 0x05A5,
0x83AD, 0x05A5,
0x83B1, 0x05A9,
0x03AD, 0x05A5,
0x03B2, 0x05AB,
0x83B2, 0x05AB,
0x83B6, 0x05AF,
0x03B2, 0x05AB,
0x03B4, 0x05A2,
0x83B4, 0x05A2,
0x83B8, 0x05A6,
0x03B4, 0x05A2,
0x03B8, 0x058E,
0x83B8, 0x058E,
0x83BC, 0x0592,
0x03B8, 0x058E,
0x03CC, 0x0588,
0x83CC, 0x0588,
0x83D0, 0x058C,
0x03CC, 0x0588,
0x03EC, 0x0583,
0x83EC, 0x0583,
0x83F0, 0x0587,
0x03EC, 0x0583,
0x03ED, 0x0586,
0x83ED, 0x0586,
0x83F1, 0x058A,
0x03ED, 0x0586,
0x03EE, 0x05C9,
0x83EE, 0x05C9,
0x83F2, 0x05CD,
0x03EE, 0x05C9,
0x03ED, 0x05CA,
0x83ED, 0x05CA,
0x83F1, 0x05CE,
0x03ED, 0x05CA,
0x03E0, 0x05BF,
0x83E0, 0x05BF,
0x83E4, 0x05C3,
0x03E0, 0x05BF,
0x03E3, 0x05C0,
0x83E3, 0x05C0,
0x83E7, 0x05C4,
0x03E3, 0x05C0,
0x03DF, 0x05BF,
0x83DF, 0x05BF,
0x83E3, 0x05C3,
0x03DF, 0x05BF,
0x03C3, 0x05B5,
0x83C3, 0x05B5,
0x83C7, 0x05B9,
0x03C3, 0x05B5,
0x03C5, 0x05B4,
0x83C5, 0x05B4,
0x83C9, 0x05B8,
0x03C5, 0x05B4,
0x03C4, 0x05B0,
0x83C4, 0x05B0,
0x83C8, 0x05B4,
0x03C4, 0x05B0,
0x03BB, 0x05A4,
0x83BB, 0x05A4,
0x83BF, 0x05A8,
0x03BB, 0x05A4,
0x03C3, 0x05B0,
0x83C3, 0x05B0,
0x83C7, 0x05B4,
0x03C3, 0x05B0,
0x03F8, 0x05C6,
0x83F8, 0x05C6,
0x83FC, 0x05CA,
0x03F8, 0x05C6,
0x03FA, 0x05C9,
0x83FA, 0x05C9,
0x83FE, 0x05CD,
0x03FA, 0x05C9,
0x0404, 0x05C6,
0x8404, 0x05C6,
0x8408, 0x05CA,
0x0404, 0x05C6,
0x03FF, 0x05C4,
0x83FF, 0x05C4,
0x8403, 0x05C8,
0x03FF, 0x05C4,
0x0424, 0x05C9,
0x8424, 0x05C9,
0x8428, 0x05CD,
0x0424, 0x05C9,
0x03C7, 0x05D3,
0x83C7, 0x05D3,
0x83CC, 0x05D7,
0x03C7, 0x05D3,
0x03B5, 0x05FD,
0x83B5, 0x05FD,
0x83B9, 0x0601,
0x03B5, 0x05FD,
0x03BB, 0x05DA,
0x83BB, 0x05DA,
0x83BF, 0x05DE,
0x03BB, 0x05DA,
0x03BB, 0x05EC,
0x83BB, 0x05EC,
0x83BF, 0x05F0,
0x03BB, 0x05EC,
0x03BC, 0x057E,
0x83BC, 0x057E,
0x83C0, 0x0582,
0x03BC, 0x057E,
0x03C3, 0x057A,
0x83C3, 0x057A,
0x83C7, 0x057E,
0x03C3, 0x057A,
0x03B3, 0x0576,
0x83B3, 0x0576,
0x83B7, 0x057A,
0x03B3, 0x0576,
0x03B0, 0x0576,
0x83B0, 0x0576,
0x83B4, 0x057A,
0x03B0, 0x0576,
0x0395, 0x0575,
0x8395, 0x0575,
0x8399, 0x0579,
0x0395, 0x0575,
0x03A4, 0x05E8,
0x83A4, 0x05E8,
0x83A8, 0x05EC,
0x03A4, 0x05E8,
0x03A6, 0x059F,
0x83A6, 0x059F,
0x83AA, 0x05A3,
0x03A6, 0x059F,
0x039A, 0x05AB,
0x839A, 0x05AB,
0x839F, 0x05AF,
0x039A, 0x05AB,
0x03A1, 0x059E,
0x83A1, 0x059E,
0x83A5, 0x05A2,
0x03A1, 0x059E,
0x039A, 0x05D8,
0x839A, 0x05D8,
0x839E, 0x05DC,
0x039A, 0x05D8,
0x03AE, 0x05DC,
0x83AE, 0x05DC,
0x83B2, 0x05E0,
0x03AE, 0x05DC,
0x03B7, 0x05F6,
0x83B7, 0x05F6,
0x83BB, 0x05FA,
0x03B7, 0x05F6,
0x03BF, 0x05FB,
0x83BF, 0x05FB,
0x83C4, 0x05FF,
0x03BF, 0x05FB,
0x03FD, 0x0600,
0x83FD, 0x0600,
0x8401, 0x0604,
0x03FD, 0x0600,
0x03FF, 0x0602,
0x83FF, 0x0602,
0x8403, 0x0606,
0x03FF, 0x0602,
0x03FB, 0x0601,
0x83FB, 0x0601,
0x83FF, 0x0606,
0x03FB, 0x0601,
0x03FE, 0x0606,
0x83FE, 0x0606,
0x8402, 0x060A,
0x03FE, 0x0606,
0x03FB, 0x0603,
0x83FB, 0x0603,
0x83FF, 0x0607,
0x03FB, 0x0603,
0x03E4, 0x05FE,
0x83E4, 0x05FE,
0x83E9, 0x0602,
0x03E4, 0x05FE,
0x03DD, 0x0603,
0x83DD, 0x0603,
0x83E2, 0x0607,
0x03DD, 0x0603,
0x03DB, 0x0602,
0x83DB, 0x0602,
0x83DF, 0x0606,
0x03DB, 0x0602,
0x03D6, 0x05FC,
0x83D6, 0x05FC,
0x83DA, 0x0601,
0x03D6, 0x05FC,
0x03D3, 0x05FC,
0x83D3, 0x05FC,
0x83D7, 0x0600,
0x03D3, 0x05FC,
0x041A, 0x05FE,
0x841A, 0x05FE,
0x841E, 0x0603,
0x041A, 0x05FE,
0x0425, 0x05FC,
0x8425, 0x05FC,
0x8429, 0x0600,
0x0425, 0x05FC,
0x0425, 0x0602,
0x8425, 0x0602,
0x8429, 0x0606,
0x0425, 0x0602,
0x0424, 0x05FB,
0x8424, 0x05FB,
0x8428, 0x05FF,
0x0424, 0x05FB,
0x0430, 0x0602,
0x8430, 0x0602,
0x8434, 0x0607,
0x0430, 0x0602,
0x0429, 0x05FF,
0x8429, 0x05FF,
0x842D, 0x0603,
0x0429, 0x05FF,
0x0433, 0x0605,
0x8433, 0x0605,
0x8437, 0x0609,
0x0433, 0x0605,
0x0537, 0x0652,
0x8537, 0x0652,
0x853B, 0x0656,
0x0537, 0x0652,
0x055C, 0x0654,
0x855C, 0x0654,
0x8561, 0x0658,
0x055C, 0x0654,
0x055A, 0x0653,
0x855A, 0x0653,
0x855E, 0x0657,
0x055A, 0x0653,
0x0568, 0x0654,
0x8568, 0x0654,
0x856C, 0x0658,
0x0568, 0x0654,
0x0564, 0x0650,
0x8564, 0x0650,
0x8569, 0x0654,
0x0564, 0x0650,
0x0563, 0x0658,
0x8563, 0x0658,
0x8567, 0x065C,
0x0563, 0x0658,
0x057D, 0x064E,
0x857D, 0x064E,
0x8581, 0x0652,
0x057D, 0x064E,
0x057C, 0x0650,
0x857C, 0x0650,
0x8580, 0x0654,
0x057C, 0x0650,
0x0528, 0x0654,
0x8528, 0x0654,
0x852C, 0x0658,
0x0528, 0x0654,
0x0523, 0x0656,
0x8523, 0x0656,
0x8527, 0x065A,
0x0523, 0x0656,
0x0521, 0x0652,
0x8521, 0x0652,
0x8525, 0x0656,
0x0521, 0x0652,
0x0523, 0x0659,
0x8523, 0x0659,
0x8527, 0x065D,
0x0523, 0x0659,
0x0524, 0x0657,
0x8524, 0x0657,
0x8528, 0x065B,
0x0524, 0x0657,
0x0511, 0x064C,
0x8511, 0x064C,
0x8516, 0x0650,
0x0511, 0x064C,
0x050C, 0x064C,
0x850C, 0x064C,
0x8510, 0x0651,
0x050C, 0x064C,
0x0509, 0x0658,
0x8509, 0x0658,
0x850D, 0x065C,
0x0509, 0x0658,
0x050C, 0x0650,
0x850C, 0x0650,
0x8510, 0x0654,
0x050C, 0x0650,
0x050F, 0x064A,
0x850F, 0x064A,
0x8514, 0x064F,
0x050F, 0x064A,
0x04FE, 0x0654,
0x84FE, 0x0654,
0x8502, 0x0658,
0x04FE, 0x0654,
0x04F8, 0x0654,
0x84F8, 0x0654,
0x84FC, 0x0658,
0x04F8, 0x0654,
0x04FC, 0x0656,
0x84FC, 0x0656,
0x8500, 0x065A,
0x04FC, 0x0656,
0x050A, 0x064B,
0x850A, 0x064B,
0x850E, 0x064F,
0x050A, 0x064B,
0x04F8, 0x0650,
0x84F8, 0x0650,
0x84FC, 0x0654,
0x04F8, 0x0650,
0x04EC, 0x0651,
0x84EC, 0x0651,
0x84F0, 0x0655,
0x04EC, 0x0651,
0x04E5, 0x0684,
0x84E5, 0x0684,
0x84E9, 0x0688,
0x04E5, 0x0684,
0x04E4, 0x0682,
0x84E4, 0x0682,
0x84E8, 0x0686,
0x04E4, 0x0682,
0x04DF, 0x067B,
0x84DF, 0x067B,
0x84E4, 0x067F,
0x04DF, 0x067B,
0x04E1, 0x067C,
0x84E1, 0x067C,
0x84E5, 0x0680,
0x04E1, 0x067C,
0x04E3, 0x067D,
0x84E3, 0x067D,
0x84E7, 0x0681,
0x04E3, 0x067D,
0x04BA, 0x0687,
0x84BA, 0x0687,
0x84BE, 0x068B,
0x04BA, 0x0687,
0x04BC, 0x068C,
0x84BC, 0x068C,
0x84C0, 0x0690,
0x04BC, 0x068C,
0x04C7, 0x068A,
0x84C7, 0x068A,
0x84CB, 0x068E,
0x04C7, 0x068A,
0x04B7, 0x068A,
0x84B7, 0x068A,
0x84BB, 0x068E,
0x04B7, 0x068A,
0x04B8, 0x068B,
0x84B8, 0x068B,
0x84BC, 0x068F,
0x04B8, 0x068B,
0x04D5, 0x0690,
0x84D5, 0x0690,
0x84D9, 0x0694,
0x04D5, 0x0690,
0x04B6, 0x0697,
0x84B6, 0x0697,
0x84BA, 0x069B,
0x04B6, 0x0697,
0x04B8, 0x0693,
0x84B8, 0x0693,
0x84BC, 0x0697,
0x04B8, 0x0693,
0x04B2, 0x0696,
0x84B2, 0x0696,
0x84B6, 0x069A,
0x04B2, 0x0696,
0x04C4, 0x0657,
0x84C4, 0x0657,
0x84C8, 0x065B,
0x04C4, 0x0657,
0x04C3, 0x0659,
0x84C3, 0x0659,
0x84C7, 0x065D,
0x04C3, 0x0659,
0x04B2, 0x0676,
0x84B2, 0x0676,
0x84B7, 0x067A,
0x04B2, 0x0676,
0x04B7, 0x0672,
0x84B7, 0x0672,
0x84BB, 0x0676,
0x04B7, 0x0672,
0x04AC, 0x065E,
0x84AC, 0x065E,
0x84B0, 0x0662,
0x04AC, 0x065E,
0x04AD, 0x0655,
0x84AD, 0x0655,
0x84B1, 0x0659,
0x04AD, 0x0655,
0x04A5, 0x0660,
0x84A5, 0x0660,
0x84A9, 0x0664,
0x04A5, 0x0660,
0x04DB, 0x05F6,
0x84DB, 0x05F6,
0x84DF, 0x05FA,
0x04DB, 0x05F6,
0x04EE, 0x0600,
0x84EE, 0x0600,
0x84F2, 0x0604,
0x04EE, 0x0600,
0x04F0, 0x05FA,
0x84F0, 0x05FA,
0x84F4, 0x05FF,
0x04F0, 0x05FA,
0x04F9, 0x05FF,
0x84F9, 0x05FF,
0x84FE, 0x0603,
0x04F9, 0x05FF,
0x0511, 0x05FC,
0x8511, 0x05FC,
0x8515, 0x0600,
0x0511, 0x05FC,
0x0522, 0x05FD,
0x8522, 0x05FD,
0x8526, 0x0602,
0x0522, 0x05FD,
0x052D, 0x05FC,
0x852D, 0x05FC,
0x8531, 0x0600,
0x052D, 0x05FC,
0x0539, 0x05F8,
0x8539, 0x05F8,
0x853D, 0x05FD,
0x0539, 0x05F8,
0x053D, 0x05F9,
0x853D, 0x05F9,
0x8541, 0x05FD,
0x053D, 0x05F9,
0x0554, 0x05FA,
0x8554, 0x05FA,
0x8559, 0x05FE,
0x0554, 0x05FA,
0x0563, 0x05F9,
0x8563, 0x05F9,
0x8567, 0x05FD,
0x0563, 0x05F9,
0x0571, 0x05F7,
0x8571, 0x05F7,
0x8576, 0x05FB,
0x0571, 0x05F7,
0x0535, 0x05C2,
0x8535, 0x05C2,
0x8539, 0x05C6,
0x0535, 0x05C2,
0x054A, 0x05C0,
0x854A, 0x05C0,
0x854E, 0x05C4,
0x054A, 0x05C0,
0x0554, 0x05C0,
0x8554, 0x05C0,
0x8559, 0x05C4,
0x0554, 0x05C0,
0x0520, 0x05C2,
0x8520, 0x05C2,
0x8524, 0x05C6,
0x0520, 0x05C2,
0x0524, 0x05C5,
0x8524, 0x05C5,
0x8528, 0x05C9,
0x0524, 0x05C5,
0x0517, 0x05BC,
0x8517, 0x05BC,
0x851B, 0x05C0,
0x0517, 0x05BC,
0x051C, 0x05C0,
0x851C, 0x05C0,
0x8520, 0x05C4,
0x051C, 0x05C0,
0x051B, 0x05C4,
0x851B, 0x05C4,
0x851F, 0x05C8,
0x051B, 0x05C4,
0x0508, 0x05BE,
0x8508, 0x05BE,
0x850C, 0x05C2,
0x0508, 0x05BE,
0x0511, 0x05C0,
0x8511, 0x05C0,
0x8515, 0x05C4,
0x0511, 0x05C0,
0x0503, 0x05C1,
0x8503, 0x05C1,
0x8508, 0x05C5,
0x0503, 0x05C1,
0x04FA, 0x05BC,
0x84FA, 0x05BC,
0x84FE, 0x05C0,
0x04FA, 0x05BC,
0x04F5, 0x05BD,
0x84F5, 0x05BD,
0x84F9, 0x05C2,
0x04F5, 0x05BD,
0x04F0, 0x05C3,
0x84F0, 0x05C3,
0x84F4, 0x05C7,
0x04F0, 0x05C3,
0x04DE, 0x05BC,
0x84DE, 0x05BC,
0x84E2, 0x05C0,
0x04DE, 0x05BC,
0x04D7, 0x05BE,
0x84D7, 0x05BE,
0x84DB, 0x05C3,
0x04D7, 0x05BE,
0x052B, 0x0581,
0x852B, 0x0581,
0x852F, 0x0585,
0x052B, 0x0581,
0x0530, 0x0582,
0x8530, 0x0582,
0x8534, 0x0587,
0x0530, 0x0582,
0x0531, 0x0580,
0x8531, 0x0580,
0x8535, 0x0584,
0x0531, 0x0580,
0x052D, 0x0581,
0x852D, 0x0581,
0x8532, 0x0585,
0x052D, 0x0581,
0x053E, 0x0580,
0x853E, 0x0580,
0x8543, 0x0584,
0x053E, 0x0580,
0x0535, 0x057D,
0x8535, 0x057D,
0x8539, 0x0581,
0x0535, 0x057D,
0x0536, 0x057C,
0x8536, 0x057C,
0x853B, 0x0580,
0x0536, 0x057C,
0x054B, 0x057D,
0x854B, 0x057D,
0x8550, 0x0581,
0x054B, 0x057D,
0x054B, 0x057F,
0x854B, 0x057F,
0x8550, 0x0583,
0x054B, 0x057F,
0x0556, 0x057D,
0x8556, 0x057D,
0x855A, 0x0582,
0x0556, 0x057D,
0x0553, 0x0580,
0x8553, 0x0580,
0x8557, 0x0584,
0x0553, 0x0580,
0x0559, 0x057A,
0x8559, 0x057A,
0x855E, 0x057F,
0x0559, 0x057A,
0x056E, 0x0582,
0x856E, 0x0582,
0x8572, 0x0586,
0x056E, 0x0582,
0x0576, 0x057A,
0x8576, 0x057A,
0x857A, 0x057E,
0x0576, 0x057A,
0x057C, 0x057A,
0x857C, 0x057A,
0x8580, 0x057E,
0x057C, 0x057A,
0x057F, 0x0579,
0x857F, 0x0579,
0x8583, 0x057D,
0x057F, 0x0579,
0x04FD, 0x058B,
0x84FD, 0x058B,
0x8501, 0x058F,
0x04FD, 0x058B,
0x0508, 0x0588,
0x8508, 0x0588,
0x850C, 0x058C,
0x0508, 0x0588,
0x0511, 0x0587,
0x8511, 0x0587,
0x8515, 0x058B,
0x0511, 0x0587,
0x0514, 0x058A,
0x8514, 0x058A,
0x8518, 0x058E,
0x0514, 0x058A,
0x0515, 0x0585,
0x8515, 0x0585,
0x8519, 0x0589,
0x0515, 0x0585,
0x051C, 0x0588,
0x851C, 0x0588,
0x8521, 0x058C,
0x051C, 0x0588,
0x04BF, 0x05C7,
0x84BF, 0x05C7,
0x84C3, 0x05CB,
0x04BF, 0x05C7,
0x04C0, 0x05BE,
0x84C0, 0x05BE,
0x84C5, 0x05C2,
0x04C0, 0x05BE,
0x04CA, 0x05A1,
0x84CA, 0x05A1,
0x84CE, 0x05A5,
0x04CA, 0x05A1,
0x04CC, 0x05B6,
0x84CC, 0x05B6,
0x84D0, 0x05BA,
0x04CC, 0x05B6,
0x04F1, 0x0580,
0x84F1, 0x0580,
0x84F5, 0x0584,
0x04F1, 0x0580,
0x04D0, 0x05BF,
0x84D0, 0x05BF,
0x84D5, 0x05C3,
0x04D0, 0x05BF,
0x04C5, 0x0608,
0x84C5, 0x0608,
0x84C9, 0x060C,
0x04C5, 0x0608,
0x04BE, 0x05E7,
0x84BE, 0x05E7,
0x84C2, 0x05EC,
0x04BE, 0x05E7,
0x04C3, 0x059C,
0x84C3, 0x059C,
0x84C7, 0x05A0,
0x04C3, 0x059C,
0x04C7, 0x062C,
0x84C7, 0x062C,
0x84CB, 0x0630,
0x04C7, 0x062C,
0x04CD, 0x0649,
0x84CD, 0x0649,
0x84D1, 0x064D,
0x04CD, 0x0649,
0x04CA, 0x063A,
0x84CA, 0x063A,
0x84CE, 0x063E,
0x04CA, 0x063A,
0x04D0, 0x0653,
0x84D0, 0x0653,
0x84D4, 0x0657,
0x04D0, 0x0653,
0x04C5, 0x062E,
0x84C5, 0x062E,
0x84C9, 0x0632,
0x04C5, 0x062E,
0x04C7, 0x0643,
0x84C7, 0x0643,
0x84CC, 0x0647,
0x04C7, 0x0643,
0x04BD, 0x0639,
0x84BD, 0x0639,
0x84C1, 0x063D,
0x04BD, 0x0639,
0x04C3, 0x063C,
0x84C3, 0x063C,
0x84C7, 0x0640,
0x04C3, 0x063C,
0x04BE, 0x062E,
0x84BE, 0x062E,
0x84C2, 0x0632,
0x04BE, 0x062E,
0x04BA, 0x061F,
0x84BA, 0x061F,
0x84BE, 0x0623,
0x04BA, 0x061F,
0x04C1, 0x0582,
0x84C1, 0x0582,
0x84C5, 0x0586,
0x04C1, 0x0582,
0x04C4, 0x0572,
0x84C4, 0x0572,
0x84C8, 0x0576,
0x04C4, 0x0572,
0x04BD, 0x056C,
0x84BD, 0x056C,
0x84C1, 0x0570,
0x04BD, 0x056C,
0x04C7, 0x0565,
0x84C7, 0x0565,
0x84CB, 0x0569,
0x04C7, 0x0565,
0x04C3, 0x055B,
0x84C3, 0x055B,
0x84C7, 0x055F,
0x04C3, 0x055B,
0x04C9, 0x0555,
0x84C9, 0x0555,
0x84CD, 0x0559,
0x04C9, 0x0555,
0x04C3, 0x0553,
0x84C3, 0x0553,
0x84C7, 0x0557,
0x04C3, 0x0553,
0x04C3, 0x0554,
0x84C3, 0x0554,
0x84C7, 0x0558,
0x04C3, 0x0554,
0x04B6, 0x0585,
0x84B6, 0x0585,
0x84BA, 0x0589,
0x04B6, 0x0585,
0x04B1, 0x058D,
0x84B1, 0x058D,
0x84B5, 0x0591,
0x04B1, 0x058D,
0x04B2, 0x0581,
0x84B2, 0x0581,
0x84B6, 0x0585,
0x04B2, 0x0581,
0x04B1, 0x0581,
0x84B1, 0x0581,
0x84B5, 0x0585,
0x04B1, 0x0581,
0x04AA, 0x0588,
0x84AA, 0x0588,
0x84AF, 0x058C,
0x04AA, 0x0588,
0x0495, 0x05B4,
0x8495, 0x05B4,
0x8499, 0x05B8,
0x0495, 0x05B4,
0x0497, 0x05B6,
0x8497, 0x05B6,
0x849B, 0x05BA,
0x0497, 0x05B6,
0x0495, 0x05D0,
0x8495, 0x05D0,
0x8499, 0x05D4,
0x0495, 0x05D0,
0x0495, 0x05E1,
0x8495, 0x05E1,
0x8499, 0x05E5,
0x0495, 0x05E1,
0x0492, 0x05E8,
0x8492, 0x05E8,
0x8497, 0x05EC,
0x0492, 0x05E8,
0x0498, 0x062B,
0x8498, 0x062B,
0x849C, 0x062F,
0x0498, 0x062B,
0x0494, 0x060C,
0x8494, 0x060C,
0x8498, 0x0610,
0x0494, 0x060C,
0x0491, 0x0617,
0x8491, 0x0617,
0x8495, 0x061B,
0x0491, 0x0617,
0x0496, 0x060E,
0x8496, 0x060E,
0x849B, 0x0612,
0x0496, 0x060E,
0x0491, 0x0636,
0x8491, 0x0636,
0x8495, 0x063A,
0x0491, 0x0636,
0x0497, 0x065B,
0x8497, 0x065B,
0x849C, 0x065F,
0x0497, 0x065B,
0x0496, 0x0689,
0x8496, 0x0689,
0x849A, 0x068D,
0x0496, 0x0689,
0x048F, 0x0672,
0x848F, 0x0672,
0x8493, 0x0676,
0x048F, 0x0672,
0x049C, 0x0690,
0x849C, 0x0690,
0x84A0, 0x0694,
0x049C, 0x0690,
0x047A, 0x059A,
0x847A, 0x059A,
0x847E, 0x059E,
0x047A, 0x059A,
0x0484, 0x058B,
0x8484, 0x058B,
0x8488, 0x058F,
0x0484, 0x058B,
0x0485, 0x058C,
0x8485, 0x058C,
0x8489, 0x0590,
0x0485, 0x058C,
0x0489, 0x0586,
0x8489, 0x0586,
0x848D, 0x058A,
0x0489, 0x0586,
0x048D, 0x058F,
0x848D, 0x058F,
0x8491, 0x0593,
0x048D, 0x058F,
0x048C, 0x058A,
0x848C, 0x058A,
0x8491, 0x058F,
0x048C, 0x058A,
0x0499, 0x0586,
0x8499, 0x0586,
0x849D, 0x058A,
0x0499, 0x0586,
0x0495, 0x05A4,
0x8495, 0x05A4,
0x8499, 0x05A8,
0x0495, 0x05A4,
0x0494, 0x0564,
0x8494, 0x0564,
0x8499, 0x0568,
0x0494, 0x0564,
0x0492, 0x0557,
0x8492, 0x0557,
0x8496, 0x055B,
0x0492, 0x0557,
0x0468, 0x0623,
0x8468, 0x0623,
0x846C, 0x0627,
0x0468, 0x0623,
0x0468, 0x0648,
0x8468, 0x0648,
0x846D, 0x064C,
0x0468, 0x0648,
0x046D, 0x0684,
0x846D, 0x0684,
0x8471, 0x0688,
0x046D, 0x0684,
0x047F, 0x0684,
0x847F, 0x0684,
0x8483, 0x0688,
0x047F, 0x0684,
0x047B, 0x067E,
0x847B, 0x067E,
0x847F, 0x0682,
0x047B, 0x067E,
0x047E, 0x068C,
0x847E, 0x068C,
0x8482, 0x0690,
0x047E, 0x068C,
0x047F, 0x0683,
0x847F, 0x0683,
0x8483, 0x0687,
0x047F, 0x0683,
0x045F, 0x0658,
0x845F, 0x0658,
0x8463, 0x065C,
0x045F, 0x0658,
0x0461, 0x0647,
0x8461, 0x0647,
0x8465, 0x064B,
0x0461, 0x0647,
0x0470, 0x0644,
0x8470, 0x0644,
0x8474, 0x0648,
0x0470, 0x0644,
0x0473, 0x0651,
0x8473, 0x0651,
0x8477, 0x0655,
0x0473, 0x0651,
0x0477, 0x0666,
0x8477, 0x0666,
0x847B, 0x066A,
0x0477, 0x0666,
0x0468, 0x05BD,
0x8468, 0x05BD,
0x846C, 0x05C1,
0x0468, 0x05BD,
0x0467, 0x05BD,
0x8467, 0x05BD,
0x846B, 0x05C1,
0x0467, 0x05BD,
0x046B, 0x05C0,
0x846B, 0x05C0,
0x846F, 0x05C4,
0x046B, 0x05C0,
0x046D, 0x05CD,
0x846D, 0x05CD,
0x8471, 0x05D2,
0x046D, 0x05CD,
0x0469, 0x05C8,
0x8469, 0x05C8,
0x846D, 0x05CC,
0x0469, 0x05C8,
0x0467, 0x05D3,
0x8467, 0x05D3,
0x846B, 0x05D7,
0x0467, 0x05D3,
0x046B, 0x061B,
0x846B, 0x061B,
0x846F, 0x061F,
0x046B, 0x061B,
0x0464, 0x05FF,
0x8464, 0x05FF,
0x8468, 0x0603,
0x0464, 0x05FF,
0x046B, 0x05FE,
0x846B, 0x05FE,
0x846F, 0x0602,
0x046B, 0x05FE,
0x046D, 0x0601,
0x846D, 0x0601,
0x8471, 0x0605,
0x046D, 0x0601,
0x046F, 0x057F,
0x846F, 0x057F,
0x8473, 0x0583,
0x046F, 0x057F,
0x046A, 0x0589,
0x846A, 0x0589,
0x846E, 0x058D,
0x046A, 0x0589,
0x046A, 0x0587,
0x846A, 0x0587,
0x846E, 0x058B,
0x046A, 0x0587,
0x046A, 0x0573,
0x846A, 0x0573,
0x846E, 0x0577,
0x046A, 0x0573,
0x0469, 0x0564,
0x8469, 0x0564,
0x846D, 0x0568,
0x0469, 0x0564,
0x0469, 0x055B,
0x8469, 0x055B,
0x846D, 0x055F,
0x0469, 0x055B,
0x0466, 0x0559,
0x8466, 0x0559,
0x846A, 0x055E,
0x0466, 0x0559,
0x0465, 0x055C,
0x8465, 0x055C,
0x8469, 0x0560,
0x0465, 0x055C,
0x045F, 0x0617,
0x845F, 0x0617,
0x8464, 0x061B,
0x045F, 0x0617,
0x0447, 0x0644,
0x8447, 0x0644,
0x844B, 0x0648,
0x0447, 0x0644,
0x0444, 0x0664,
0x8444, 0x0664,
0x8448, 0x0668,
0x0444, 0x0664,
0x043D, 0x0656,
0x843D, 0x0656,
0x8441, 0x065A,
0x043D, 0x0656,
0x044B, 0x0665,
0x844B, 0x0665,
0x844F, 0x0669,
0x044B, 0x0665,
0x044D, 0x0658,
0x844D, 0x0658,
0x8451, 0x065C,
0x044D, 0x0658,
0x044C, 0x066A,
0x844C, 0x066A,
0x8450, 0x066E,
0x044C, 0x066A,
0x044D, 0x0668,
0x844D, 0x0668,
0x8451, 0x066C,
0x044D, 0x0668,
0x0453, 0x067D,
0x8453, 0x067D,
0x8457, 0x0681,
0x0453, 0x067D,
0x0451, 0x0668,
0x8451, 0x0668,
0x8455, 0x066C,
0x0451, 0x0668,
0x0454, 0x065D,
0x8454, 0x065D,
0x8459, 0x0661,
0x0454, 0x065D,
0x0458, 0x0669,
0x8458, 0x0669,
0x845C, 0x066E,
0x0458, 0x0669,
0x0452, 0x0683,
0x8452, 0x0683,
0x8456, 0x0687,
0x0452, 0x0683,
0x0450, 0x068F,
0x8450, 0x068F,
0x8454, 0x0693,
0x0450, 0x068F,
0x044E, 0x0698,
0x844E, 0x0698,
0x8452, 0x069C,
0x044E, 0x0698,
0x0449, 0x0692,
0x8449, 0x0692,
0x844D, 0x0696,
0x0449, 0x0692,
0x0447, 0x0693,
0x8447, 0x0693,
0x844B, 0x0697,
0x0447, 0x0693,
0x0428, 0x0692,
0x8428, 0x0692,
0x842C, 0x0696,
0x0428, 0x0692,
0x042E, 0x0647,
0x842E, 0x0647,
0x8432, 0x064B,
0x042E, 0x0647,
0x042E, 0x0651,
0x842E, 0x0651,
0x8432, 0x0655,
0x042E, 0x0651,
0x0433, 0x0661,
0x8433, 0x0661,
0x8437, 0x0665,
0x0433, 0x0661,
0x0434, 0x0664,
0x8434, 0x0664,
0x8438, 0x0668,
0x0434, 0x0664,
0x0430, 0x065C,
0x8430, 0x065C,
0x8434, 0x0660,
0x0430, 0x065C,
0x0433, 0x065A,
0x8433, 0x065A,
0x8437, 0x065E,
0x0433, 0x065A,
0x0431, 0x0649,
0x8431, 0x0649,
0x8435, 0x064D,
0x0431, 0x0649,
0x0431, 0x066A,
0x8431, 0x066A,
0x8435, 0x066E,
0x0431, 0x066A,
0x0403, 0x064B,
0x8403, 0x064B,
0x8407, 0x064F,
0x0403, 0x064B,
0x041D, 0x064F,
0x841D, 0x064F,
0x8421, 0x0653,
0x041D, 0x064F,
0x03BB, 0x0616,
0x83BB, 0x0616,
0x83BF, 0x061A,
0x03BB, 0x0616,
0x03B9, 0x0611,
0x83B9, 0x0611,
0x83BD, 0x0615,
0x03B9, 0x0611,
0x03B1, 0x0614,
0x83B1, 0x0614,
0x83B5, 0x0618,
0x03B1, 0x0614,
0x03AB, 0x0633,
0x83AB, 0x0633,
0x83AF, 0x0637,
0x03AB, 0x0633,
0x03A5, 0x0624,
0x83A5, 0x0624,
0x83A9, 0x0628,
0x03A5, 0x0624,
0x03A3, 0x0630,
0x83A3, 0x0630,
0x83A7, 0x0634,
0x03A3, 0x0630,
0x03A1, 0x0631,
0x83A1, 0x0631,
0x83A5, 0x0635,
0x03A1, 0x0631,
0x03A4, 0x0626,
0x83A4, 0x0626,
0x83A8, 0x062A,
0x03A4, 0x0626,
0x03A5, 0x062D,
0x83A5, 0x062D,
0x83AA, 0x0631,
0x03A5, 0x062D,
0x03A8, 0x061D,
0x83A8, 0x061D,
0x83AC, 0x0621,
0x03A8, 0x061D,
0x03CE, 0x064F,
0x83CE, 0x064F,
0x83D2, 0x0653,
0x03CE, 0x064F,
0x03BC, 0x0652,
0x83BC, 0x0652,
0x83C0, 0x0656,
0x03BC, 0x0652,
0x03CB, 0x064C,
0x83CB, 0x064C,
0x83CF, 0x0650,
0x03CB, 0x064C,
0x03C9, 0x0652,
0x83C9, 0x0652,
0x83CD, 0x0656,
0x03C9, 0x0652,
0x03CF, 0x0651,
0x83CF, 0x0651,
0x83D3, 0x0655,
0x03CF, 0x0651,
0x03BA, 0x063B,
0x83BA, 0x063B,
0x83BE, 0x063F,
0x03BA, 0x063B,
0x03BA, 0x063B,
0x83BA, 0x063B,
0x83BE, 0x063F,
0x03BA, 0x063B,
0x03B5, 0x0634,
0x83B5, 0x0634,
0x83B9, 0x0638,
0x03B5, 0x0634,
0x03DE, 0x064E,
0x83DE, 0x064E,
0x83E2, 0x0652,
0x03DE, 0x064E,
0x03E3, 0x064F,
0x83E3, 0x064F,
0x83E7, 0x0653,
0x03E3, 0x064F,
0x03EA, 0x0648,
0x83EA, 0x0648,
0x83EE, 0x064C,
0x03EA, 0x0648,
0x03FB, 0x064F,
0x83FB, 0x064F,
0x83FF, 0x0653,
0x03FB, 0x064F,
0x03FB, 0x0650,
0x83FB, 0x0650,
0x83FF, 0x0654,
0x03FB, 0x0650,
0x03FC, 0x064F,
0x83FC, 0x064F,
0x8400, 0x0653,
0x03FC, 0x064F,
0x03B3, 0x065F,
0x83B3, 0x065F,
0x83B7, 0x0663,
0x03B3, 0x065F,
0x03B9, 0x065E,
0x83B9, 0x065E,
0x83BD, 0x0663,
0x03B9, 0x065E,
0x03BB, 0x065C,
0x83BB, 0x065C,
0x83BF, 0x0660,
0x03BB, 0x065C,
0x038A, 0x0670,
0x838A, 0x0670,
0x838E, 0x0674,
0x038A, 0x0670,
0x038A, 0x066C,
0x838A, 0x066C,
0x838E, 0x0670,
0x038A, 0x066C,
0x0397, 0x0676,
0x8397, 0x0676,
0x839B, 0x067A,
0x0397, 0x0676,
0x0398, 0x0667,
0x8398, 0x0667,
0x839C, 0x066B,
0x0398, 0x0667,
0x03A2, 0x066A,
0x83A2, 0x066A,
0x83A7, 0x066E,
0x03A2, 0x066A,
0x03A0, 0x0674,
0x83A0, 0x0674,
0x83A4, 0x0678,
0x03A0, 0x0674,
0x03A3, 0x066F,
0x83A3, 0x066F,
0x83A7, 0x0673,
0x03A3, 0x066F,
0x038B, 0x0605,
0x838B, 0x0605,
0x838F, 0x0609,
0x038B, 0x0605,
0x038A, 0x05F9,
0x838A, 0x05F9,
0x838E, 0x05FD,
0x038A, 0x05F9,
0x038E, 0x05FD,
0x838E, 0x05FD,
0x8392, 0x0601,
0x038E, 0x05FD,
0x0390, 0x0634,
0x8390, 0x0634,
0x8394, 0x0638,
0x0390, 0x0634,
0x0391, 0x062B,
0x8391, 0x062B,
0x8395, 0x062F,
0x0391, 0x062B,
0x0389, 0x05E1,
0x8389, 0x05E1,
0x838D, 0x05E5,
0x0389, 0x05E1,
0x0395, 0x059B,
0x8395, 0x059B,
0x8399, 0x059F,
0x0395, 0x059B,
0x039E, 0x058C,
0x839E, 0x058C,
0x83A2, 0x0590,
0x039E, 0x058C,
0x0395, 0x0588,
0x8395, 0x0588,
0x8399, 0x058C,
0x0395, 0x0588,
0x0396, 0x0558,
0x8396, 0x0558,
0x839A, 0x055C,
0x0396, 0x0558,
0x039B, 0x0555,
0x839B, 0x0555,
0x839F, 0x0559,
0x039B, 0x0555,
0x0396, 0x055E,
0x8396, 0x055E,
0x839A, 0x0562,
0x0396, 0x055E,
0x03A5, 0x0561,
0x83A5, 0x0561,
0x83A9, 0x0565,
0x03A5, 0x0561,
0x039E, 0x055D,
0x839E, 0x055D,
0x83A2, 0x0561,
0x039E, 0x055D,
0x039B, 0x0567,
0x839B, 0x0567,
0x839F, 0x056B,
0x039B, 0x0567,
0x03A0, 0x056C,
0x83A0, 0x056C,
0x83A4, 0x0570,
0x03A0, 0x056C
};

const unsigned short draw_1[] PROGMEM = {
0x0DE2, 0x055A,
0x8DE2, 0x055A,
0x8DEA, 0x055C,
0x8DEE, 0x0564,
0x8DEF, 0x056D,
0x8DF0, 0x0575,
0x8DF2, 0x057D,
0x8DF2, 0x0586,
0x8DF2, 0x058E,
0x8DF1, 0x0597,
0x8DF0, 0x059F,
0x8DF1, 0x05A7,
0x8DF1, 0x05B0,
0x8DF2, 0x05B8,
0x8DF2, 0x05C1,
0x8DF1, 0x05C9,
0x8DEF, 0x05D1,
0x8DEF, 0x05DA,
0x8DEF, 0x05E3,
0x8DF0, 0x05EB,
0x8DEF, 0x05F3,
0x8DEF, 0x05FC,
0x8DEF, 0x0604,
0x8DF2, 0x060D,
0x8DF2, 0x0615,
0x8DF2, 0x061D,
0x8DF5, 0x0625,
0x8DF5, 0x062E,
0x8DF6, 0x0636,
0x8DFA, 0x063D,
0x8DFB, 0x0646,
0x8DFD, 0x064E,
0x8DEB, 0x064F,
0x8DE8, 0x064E,
0x8DE6, 0x0657,
0x8DE6, 0x065F,
0x8DE3, 0x0667,
0x8DE3, 0x066F,
0x8DE2, 0x0677,
0x8DDD, 0x067E,
0x8DDE, 0x0686,
0x8DE5, 0x0688,
0x8DED, 0x0685,
0x8DF5, 0x0683,
0x8DFD, 0x0683,
0x8DFD, 0x067C,
0x8DF8, 0x0675,
0x8DF5, 0x066E,
0x8DF2, 0x0667,
0x8DEE, 0x065F,
0x8DED, 0x0657,
0x8DEB, 0x064F,
0x8DFD, 0x064E,
0x8E00, 0x0656,
0x8E03, 0x065E,
0x8E06, 0x0665,
0x8E0B, 0x066D,
0x8E10, 0x0674,
0x8E14, 0x067B,
0x8E1A, 0x0681,
0x8E1D, 0x0689,
0x8E19, 0x0690,
0x8E11, 0x0692,
0x8E0A, 0x0697,
0x8E01, 0x0698,
0x8DF9, 0x0698,
0x8DF0, 0x069A,
0x8DE8, 0x069B,
0x8DE0, 0x069E,
0x8DD8, 0x069F,
0x8DD1, 0x06A4,
0x8DC9, 0x06A6,
0x8DC1, 0x06A3,
0x8DBE, 0x069C,
0x8DBD, 0x0693,
0x8DC0, 0x068B,
0x8DBB, 0x0684,
0x8DB3, 0x0684,
0x8DAC, 0x0681,
0x8DA3, 0x067F,
0x8D9C, 0x067B,
0x8D93, 0x067B,
0x8D8A, 0x067B,
0x8D82, 0x067B,
0x8D79, 0x067B,
0x8D71, 0x067B,
0x8D6A, 0x067F,
0x8D61, 0x0681,
0x8D5A, 0x0684,
0x8D51, 0x0686,
0x8D49, 0x0687,
0x8D42, 0x0683,
0x8D3E, 0x067B,
0x8D36, 0x067D,
0x8D2F, 0x0680,
0x8D26, 0x0680,
0x8D1D, 0x0680,
0x8D15, 0x0681,
0x8D0C, 0x0681,
0x8D04, 0x0680,
0x8CFB, 0x0680,
0x8CF2, 0x0680,
0x8CEA, 0x0680,
0x8CE1, 0x0680,
0x8CD9, 0x0680,
0x8CD0, 0x0680,
0x8CC7, 0x0680,
0x8CBF, 0x067F,
0x8CB8, 0x067B,
0x8CB0, 0x067A,
0x8CA7, 0x067B,
0x8C9F, 0x067B,
0x8C96, 0x067A,
0x8C8E, 0x0678,
0x8C86, 0x0675,
0x8C7E, 0x0675,
0x8C75, 0x0674,
0x8C6D, 0x0674,
0x8C64, 0x0675,
0x8C5C, 0x0678,
0x8C54, 0x067A,
0x8C4D, 0x067E,
0x8C45, 0x0680,
0x8C3E, 0x0685,
0x8C39, 0x068C,
0x8C35, 0x0694,
0x8C33, 0x069B,
0x8C2C, 0x069F,
0x8C24, 0x069F,
0x8C1C, 0x069C,
0x8C19, 0x0694,
0x8C19, 0x068B,
0x8C19, 0x0682,
0x8C19, 0x067A,
0x8C1B, 0x0672,
0x8C1C, 0x0669,
0x8C1C, 0x0661,
0x8C1C, 0x0658,
0x8C1C, 0x064F,
0x8C1C, 0x0647,
0x8C1C, 0x063E,
0x8C1F, 0x0637,
0x8C2B, 0x0633,
0x8C2D, 0x063B,
0x8C31, 0x0642,
0x8C37, 0x0648,
0x8C3D, 0x064D,
0x8C45, 0x0652,
0x8C4C, 0x0656,
0x8C41, 0x0663,
0x8C39, 0x0662,
0x8C31, 0x0661,
0x8C31, 0x0661,
0x8C30, 0x0669,
0x8C31, 0x0671,
0x8C38, 0x0670,
0x8C40, 0x066D,
0x8C46, 0x0669,
0x8C41, 0x0663,
0x8C4C, 0x0656,
0x8C53, 0x065A,
0x8C5B, 0x065D,
0x8C63, 0x0660,
0x8C6B, 0x0660,
0x8C73, 0x0660,
0x8C7C, 0x0660,
0x8C84, 0x0660,
0x8C8C, 0x0661,
0x8C93, 0x0665,
0x8C9B, 0x0667,
0x8CA3, 0x0668,
0x8CAB, 0x0667,
0x8CB3, 0x0665,
0x8CBA, 0x0668,
0x8CC2, 0x066C,
0x8CCB, 0x066C,
0x8CD3, 0x066C,
0x8CDB, 0x066C,
0x8CE3, 0x066D,
0x8CEA, 0x0670,
0x8CF2, 0x066C,
0x8CFA, 0x066C,
0x8D03, 0x066C,
0x8D0A, 0x066D,
0x8D12, 0x066C,
0x8D1B, 0x066C,
0x8D23, 0x066C,
0x8D2C, 0x066C,
0x8D34, 0x066C,
0x8D3C, 0x066A,
0x8D44, 0x0668,
0x8D4B, 0x0664,
0x8D50, 0x065E,
0x8D56, 0x0659,
0x8D5B, 0x0652,
0x8D60, 0x064B,
0x8D64, 0x0644,
0x8D69, 0x063C,
0x8D6D, 0x0636,
0x8D6F, 0x062E,
0x8D6F, 0x0625,
0x8D72, 0x061E,
0x8D79, 0x061A,
0x8D80, 0x061E,
0x8D82, 0x0625,
0x8D82, 0x062E,
0x8D88, 0x0634,
0x8D8B, 0x063B,
0x8D91, 0x0642,
0x8D97, 0x0647,
0x8D9C, 0x064E,
0x8D9E, 0x0655,
0x8D97, 0x065D,
0x8D91, 0x0658,
0x8D8B, 0x0654,
0x8D86, 0x064E,
0x8D80, 0x0649,
0x8D7A, 0x0646,
0x8D7A, 0x0646,
0x8D74, 0x064C,
0x8D71, 0x0653,
0x8D6C, 0x0659,
0x8D68, 0x065F,
0x8D67, 0x0667,
0x8D6E, 0x0668,
0x8D76, 0x0668,
0x8D7E, 0x0668,
0x8D85, 0x0668,
0x8D8D, 0x0668,
0x8D94, 0x066C,
0x8D9B, 0x066C,
0x8DA2, 0x066F,
0x8DA7, 0x066D,
0x8DA2, 0x0668,
0x8D9D, 0x0663,
0x8D97, 0x065D,
0x8D9E, 0x0655,
0x8DA4, 0x065B,
0x8DAB, 0x065F,
0x8DB1, 0x0665,
0x8DB7, 0x066B,
0x8DBD, 0x0671,
0x8DC5, 0x0674,
0x8DCB, 0x0670,
0x8DCE, 0x0668,
0x8DCF, 0x0661,
0x8DD4, 0x0659,
0x8DD4, 0x0651,
0x8DD4, 0x0648,
0x8DD6, 0x0640,
0x8DD6, 0x0638,
0x8DD8, 0x0631,
0x8DDA, 0x0628,
0x8DDA, 0x0620,
0x8DDA, 0x0617,
0x8DDA, 0x060F,
0x8DDA, 0x0607,
0x8DDA, 0x05FE,
0x8DDA, 0x05F6,
0x8DDA, 0x05EE,
0x8DD9, 0x05E6,
0x8DD0, 0x05E8,
0x8DC9, 0x05EB,
0x8DC1, 0x05EA,
0x8DB9, 0x05E9,
0x8DB1, 0x05E9,
0x8DA9, 0x05E9,
0x8DA0, 0x05E9,
0x8D98, 0x05E9,
0x8D90, 0x05EA,
0x8D89, 0x05EA,
0x8D81, 0x05E9,
0x8D79, 0x05E8,
0x8D71, 0x05E7,
0x8D6A, 0x05E8,
0x8D61, 0x05E6,
0x8D59, 0x05E4,
0x8D53, 0x05DF,
0x8D4B, 0x05E0,
0x8D42, 0x05E0,
0x8D3A, 0x05E0,
0x8D32, 0x05E0,
0x8D29, 0x05E0,
0x8D21, 0x05E0,
0x8D18, 0x05E0,
0x8D11, 0x05DF,
0x8D08, 0x05DD,
0x8D00, 0x05DE,
0x8CF8, 0x05E0,
0x8CF1, 0x05DE,
0x8CE8, 0x05DD,
0x8CE0, 0x05DD,
0x8CD7, 0x05DD,
0x8CCF, 0x05DD,
0x8CC8, 0x05E0,
0x8CC0, 0x05E4,
0x8CB9, 0x05E7,
0x8CB1, 0x05EB,
0x8CAA, 0x05EF,
0x8CA4, 0x05F5,
0x8C9E, 0x05FB,
0x8C9B, 0x0603,
0x8C9A, 0x060B,
0x8C93, 0x060F,
0x8C8D, 0x060B,
0x8C88, 0x0604,
0x8C89, 0x05FC,
0x8C87, 0x05F4,
0x8C86, 0x05EC,
0x8C7F, 0x05E8,
0x8C78, 0x05E5,
0x8C71, 0x05E1,
0x8C6A, 0x05DD,
0x8C62, 0x05D9,
0x8C5C, 0x05D5,
0x8C55, 0x05D0,
0x8C50, 0x05CA,
0x8C48, 0x05C7,
0x8C42, 0x05C2,
0x8C3A, 0x05BE,
0x8C32, 0x05BD,
0x8C2D, 0x05BE,
0x8C2B, 0x05C6,
0x8C2B, 0x05CF,
0x8C2B, 0x05D7,
0x8C2B, 0x05DF,
0x8C2B, 0x05E8,
0x8C2B, 0x05F0,
0x8C2B, 0x05F8,
0x8C2B, 0x0601,
0x8C2B, 0x0609,
0x8C2B, 0x0612,
0x8C2B, 0x061A,
0x8C2B, 0x0622,
0x8C2B, 0x062B,
0x8C2B, 0x0633,
0x8C1F, 0x0637,
0x8C1D, 0x0630,
0x8C1C, 0x0627,
0x8C1C, 0x061E,
0x8C1C, 0x0615,
0x8C1C, 0x060D,
0x8C1C, 0x0604,
0x8C1C, 0x05FB,
0x8C1C, 0x05F3,
0x8C1C, 0x05EA,
0x8C1C, 0x05E2,
0x8C1B, 0x05DA,
0x8C1A, 0x05D1,
0x8C1C, 0x05C9,
0x8C1C, 0x05C0,
0x8C1D, 0x05B7,
0x8C1A, 0x05B0,
0x8C19, 0x05A7,
0x8C1B, 0x059F,
0x8C1C, 0x0597,
0x8C1C, 0x058E,
0x8C1C, 0x0585,
0x8C1C, 0x057D,
0x8C1C, 0x0574,
0x8C1F, 0x056D,
0x8C27, 0x0569,
0x8C2D, 0x056D,
0x8C33, 0x0574,
0x8C37, 0x057B,
0x8C3C, 0x0582,
0x8C41, 0x0589,
0x8C47, 0x058F,
0x8C4D, 0x0595,
0x8C53, 0x059B,
0x8C57, 0x05A3,
0x8C48, 0x05A7,
0x8C41, 0x05A3,
0x8C3B, 0x05A0,
0x8C37, 0x0599,
0x8C32, 0x0597,
0x8C30, 0x059F,
0x8C31, 0x05A7,
0x8C38, 0x05AA,
0x8C3F, 0x05AB,
0x8C45, 0x05AF,
0x8C4B, 0x05AE,
0x8C48, 0x05A7,
0x8C57, 0x05A3,
0x8C5D, 0x05A9,
0x8C63, 0x05AF,
0x8C67, 0x05B6,
0x8C6D, 0x05BD,
0x8C75, 0x05C0,
0x8C7B, 0x05C6,
0x8C7E, 0x05CE,
0x8C85, 0x05D1,
0x8C89, 0x05CA,
0x8C89, 0x05C1,
0x8C89, 0x05B8,
0x8C8C, 0x05B2,
0x8C8D, 0x05A8,
0x8C8A, 0x05A1,
0x8C89, 0x0598,
0x8C89, 0x058F,
0x8C8E, 0x0589,
0x8C95, 0x058A,
0x8C99, 0x0590,
0x8C9B, 0x0598,
0x8CA1, 0x059F,
0x8CA8, 0x05A3,
0x8CAD, 0x05A9,
0x8CB2, 0x05B0,
0x8CB8, 0x05B6,
0x8CBE, 0x05BC,
0x8CB4, 0x05C7,
0x8CAD, 0x05C4,
0x8CA9, 0x05BE,
0x8CA3, 0x05B9,
0x8C9D, 0x05B4,
0x8C9D, 0x05B4,
0x8C9C, 0x05BC,
0x8C9B, 0x05C4,
0x8C9B, 0x05CC,
0x8C9C, 0x05D4,
0x8C9C, 0x05DB,
0x8CA4, 0x05DC,
0x8CAA, 0x05D8,
0x8CB2, 0x05D6,
0x8CB9, 0x05D3,
0x8CBA, 0x05CD,
0x8CB4, 0x05C7,
0x8CBE, 0x05BC,
0x8CC4, 0x05C1,
0x8CCC, 0x05C6,
0x8CD3, 0x05CA,
0x8CDB, 0x05C8,
0x8CE3, 0x05C5,
0x8CEB, 0x05C5,
0x8CF3, 0x05C7,
0x8CFB, 0x05CA,
0x8D03, 0x05CA,
0x8D0C, 0x05CA,
0x8D13, 0x05CD,
0x8D1D, 0x05CD,
0x8D25, 0x05CC,
0x8D2D, 0x05CD,
0x8D36, 0x05CD,
0x8D3F, 0x05CD,
0x8D47, 0x05CD,
0x8D4F, 0x05D0,
0x8D57, 0x05D1,
0x8D5F, 0x05D2,
0x8D67, 0x05D5,
0x8D6F, 0x05D6,
0x8D78, 0x05D6,
0x8D81, 0x05D6,
0x8D89, 0x05D8,
0x8D91, 0x05D6,
0x8D99, 0x05D8,
0x8DA1, 0x05D6,
0x8DA9, 0x05D6,
0x8DB2, 0x05D6,
0x8DBA, 0x05D8,
0x8DC3, 0x05D7,
0x8DCB, 0x05D5,
0x8DD3, 0x05D6,
0x8DDA, 0x05D4,
0x8DDC, 0x05CC,
0x8DE0, 0x05C4,
0x8DE0, 0x05BC,
0x8DE0, 0x05B3,
0x8DE0, 0x05AB,
0x8DE0, 0x05A2,
0x8DDD, 0x059A,
0x8DDA, 0x0592,
0x8DDA, 0x058A,
0x8DDB, 0x0581,
0x8DDA, 0x0579,
0x8DDA, 0x0570,
0x8DDA, 0x0567,
0x8DDC, 0x055F,
0x8DE2, 0x055A,
0x0DE2, 0x055A,
0x0DE3, 0x05C8,
0x8DE3, 0x05C8,
0x8DE7, 0x05CC,
0x0DE3, 0x05C8,
0x0DE6, 0x05D2,
0x8DE6, 0x05D2,
0x8DEA, 0x05D6,
0x0DE6, 0x05D2,
0x0DE2, 0x0597,
0x8DE2, 0x0597,
0x8DE6, 0x059B,
0x0DE2, 0x0597,
0x0DE6, 0x05B4,
0x8DE6, 0x05B4,
0x8DEA, 0x05B8,
0x0DE6, 0x05B4,
0x0DE9, 0x05B8,
0x8DE9, 0x05B8,
0x8DED, 0x05BC,
0x0DE9, 0x05B8,
0x0DE5, 0x05BB,
0x8DE5, 0x05BB,
0x8DE9, 0x05BF,
0x0DE5, 0x05BB,
0x0DE8, 0x05C2,
0x8DE8, 0x05C2,
0x8DED, 0x05C6,
0x0DE8, 0x05C2,
0x0DE1, 0x058D,
0x8DE1, 0x058D,
0x8DE5, 0x0591,
0x0DE1, 0x058D,
0x0DDE, 0x058F,
0x8DDE, 0x058F,
0x8DE2, 0x0593,
0x0DDE, 0x058F,
0x0DE7, 0x0582,
0x8DE7, 0x0582,
0x8DEB, 0x0587,
0x0DE7, 0x0582,
0x0DE6, 0x0581,
0x8DE6, 0x0581,
0x8DEA, 0x0585,
0x0DE6, 0x0581,
0x0DE3, 0x0588,
0x8DE3, 0x0588,
0x8DE7, 0x058C,
0x0DE3, 0x0588,
0x0DE2, 0x056C,
0x8DE2, 0x056C,
0x8DE6, 0x0570,
0x0DE2, 0x056C,
0x0DE3, 0x0568,
0x8DE3, 0x0568,
0x8DE7, 0x056C,
0x0DE3, 0x0568,
0x0DE7, 0x0564,
0x8DE7, 0x0564,
0x8DEB, 0x0568,
0x0DE7, 0x0564,
0x0DE6, 0x0562,
0x8DE6, 0x0562,
0x8DEA, 0x0566,
0x0DE6, 0x0562,
0x0DE4, 0x055E,
0x8DE4, 0x055E,
0x8DE8, 0x0562,
0x0DE4, 0x055E,
0x0DE3, 0x0561,
0x8DE3, 0x0561,
0x8DE8, 0x0565,
0x0DE3, 0x0561,
0x0DE5, 0x0614,
0x8DE5, 0x0614,
0x8DE9, 0x0618,
0x0DE5, 0x0614,
0x0DED, 0x0620,
0x8DED, 0x0620,
0x8DF1, 0x0624,
0x0DED, 0x0620,
0x0DE8, 0x05FD,
0x8DE8, 0x05FD,
0x8DEC, 0x0601,
0x0DE8, 0x05FD,
0x0DDC, 0x0635,
0x8DDC, 0x0635,
0x8DE0, 0x0639,
0x0DDC, 0x0635,
0x0DE5, 0x063B,
0x8DE5, 0x063B,
0x8DE9, 0x063F,
0x0DE5, 0x063B,
0x0DF2, 0x0642,
0x8DF2, 0x0642,
0x8DF6, 0x0646,
0x0DF2, 0x0642,
0x0DE8, 0x0642,
0x8DE8, 0x0642,
0x8DEC, 0x0646,
0x0DE8, 0x0642,
0x0DEC, 0x0644,
0x8DEC, 0x0644,
0x8DF1, 0x0648,
0x0DEC, 0x0644,
0x0DE4, 0x063C,
0x8DE4, 0x063C,
0x8DE8, 0x0641,
0x0DE4, 0x063C,
0x0DE8, 0x063E,
0x8DE8, 0x063E,
0x8DED, 0x0642,
0x0DE8, 0x063E,
0x0DF0, 0x0644,
0x8DF0, 0x0644,
0x8DF4, 0x0648,
0x0DF0, 0x0644,
0x0DE0, 0x062D,
0x8DE0, 0x062D,
0x8DE4, 0x0631,
0x0DE0, 0x062D,
0x0DF1, 0x063E,
0x8DF1, 0x063E,
0x8DF5, 0x0642,
0x0DF1, 0x063E,
0x0DE6, 0x0639,
0x8DE6, 0x0639,
0x8DEA, 0x063D,
0x0DE6, 0x0639,
0x0DE2, 0x0620,
0x8DE2, 0x0620,
0x8DE6, 0x0624,
0x0DE2, 0x0620,
0x0DDF, 0x061A,
0x8DDF, 0x061A,
0x8DE3, 0x061E,
0x0DDF, 0x061A,
0x0DF8, 0x0654,
0x8DF8, 0x0654,
0x8DFC, 0x0658,
0x0DF8, 0x0654,
0x0DF2, 0x0654,
0x8DF2, 0x0654,
0x8DF6, 0x0658,
0x0DF2, 0x0654,
0x0DF1, 0x065B,
0x8DF1, 0x065B,
0x8DF5, 0x065F,
0x0DF1, 0x065B,
0x0DF0, 0x065C,
0x8DF0, 0x065C,
0x8DF4, 0x0660,
0x0DF0, 0x065C,
0x0DF8, 0x0659,
0x8DF8, 0x0659,
0x8DFC, 0x065D,
0x0DF8, 0x0659,
0x0DF9, 0x065B,
0x8DF9, 0x065B,
0x8DFD, 0x065F,
0x0DF9, 0x065B,
0x0DF2, 0x0661,
0x8DF2, 0x0661,
0x8DF6, 0x0665,
0x0DF2, 0x0661,
0x0DDD, 0x05D9,
0x8DDD, 0x05D9,
0x8DE1, 0x05DD,
0x0DDD, 0x05D9,
0x0DDC, 0x05D8,
0x8DDC, 0x05D8,
0x8DE0, 0x05DC,
0x0DDC, 0x05D8,
0x0DDA, 0x05E0,
0x8DDA, 0x05E0,
0x8DDE, 0x05E4,
0x0DDA, 0x05E0,
0x0DDC, 0x0666,
0x8DDC, 0x0666,
0x8DE0, 0x066A,
0x0DDC, 0x0666,
0x0DDC, 0x065C,
0x8DDC, 0x065C,
0x8DE0, 0x0661,
0x0DDC, 0x065C,
0x0DDA, 0x0656,
0x8DDA, 0x0656,
0x8DDE, 0x065A,
0x0DDA, 0x0656,
0x0DDE, 0x064C,
0x8DDE, 0x064C,
0x8DE2, 0x0650,
0x0DDE, 0x064C,
0x0DDF, 0x0647,
0x8DDF, 0x0647,
0x8DE3, 0x064B,
0x0DDF, 0x0647,
0x0DDE, 0x0646,
0x8DDE, 0x0646,
0x8DE2, 0x064A,
0x0DDE, 0x0646,
0x0DD5, 0x0668,
0x8DD5, 0x0668,
0x8DD9, 0x066C,
0x0DD5, 0x0668,
0x0DD1, 0x066F,
0x8DD1, 0x066F,
0x8DD5, 0x0673,
0x0DD1, 0x066F,
0x0DD8, 0x0674,
0x8DD8, 0x0674,
0x8DDC, 0x0678,
0x0DD8, 0x0674,
0x0DD3, 0x066B,
0x8DD3, 0x066B,
0x8DD8, 0x066F,
0x0DD3, 0x066B,
0x0DD7, 0x0672,
0x8DD7, 0x0672,
0x8DDB, 0x0676,
0x0DD7, 0x0672,
0x0DD6, 0x0665,
0x8DD6, 0x0665,
0x8DDA, 0x0669,
0x0DD6, 0x0665,
0x0DC2, 0x0682,
0x8DC2, 0x0682,
0x8DC6, 0x0686,
0x0DC2, 0x0682,
0x0DD9, 0x0697,
0x8DD9, 0x0697,
0x8DDD, 0x069B,
0x0DD9, 0x0697,
0x0DC4, 0x068C,
0x8DC4, 0x068C,
0x8DC8, 0x0690,
0x0DC4, 0x068C,
0x0DC8, 0x0685,
0x8DC8, 0x0685,
0x8DCD, 0x0689,
0x0DC8, 0x0685,
0x0DC5, 0x068C,
0x8DC5, 0x068C,
0x8DC9, 0x0690,
0x0DC5, 0x068C,
0x0DC3, 0x0683,
0x8DC3, 0x0683,
0x8DC7, 0x0687,
0x0DC3, 0x0683,
0x0DC5, 0x067D,
0x8DC5, 0x067D,
0x8DC9, 0x0681,
0x0DC5, 0x067D,
0x0DC7, 0x069A,
0x8DC7, 0x069A,
0x8DCB, 0x069F,
0x0DC7, 0x069A,
0x0DC5, 0x0693,
0x8DC5, 0x0693,
0x8DC9, 0x0697,
0x0DC5, 0x0693,
0x0DFF, 0x0678,
0x8DFF, 0x0678,
0x8E03, 0x067C,
0x0DFF, 0x0678,
0x0E12, 0x0687,
0x8E12, 0x0687,
0x8E16, 0x068B,
0x0E12, 0x0687,
0x0E07, 0x067F,
0x8E07, 0x067F,
0x8E0C, 0x0683,
0x0E07, 0x067F,
0x0E0B, 0x0678,
0x8E0B, 0x0678,
0x8E0F, 0x067C,
0x0E0B, 0x0678,
0x0E03, 0x067F,
0x8E03, 0x067F,
0x8E07, 0x0683,
0x0E03, 0x067F,
0x0DFF, 0x0677,
0x8DFF, 0x0677,
0x8E03, 0x067B,
0x0DFF, 0x0677,
0x0DFF, 0x0687,
0x8DFF, 0x0687,
0x8E03, 0x068B,
0x0DFF, 0x0687,
0x0DFE, 0x0688,
0x8DFE, 0x0688,
0x8E02, 0x068C,
0x0DFE, 0x0688,
0x0DF3, 0x068E,
0x8DF3, 0x068E,
0x8DF7, 0x0692,
0x0DF3, 0x068E,
0x0DEC, 0x068A,
0x8DEC, 0x068A,
0x8DF0, 0x068E,
0x0DEC, 0x068A,
0x0DEE, 0x068D,
0x8DEE, 0x068D,
0x8DF2, 0x0691,
0x0DEE, 0x068D,
0x0DEE, 0x068F,
0x8DEE, 0x068F,
0x8DF2, 0x0693,
0x0DEE, 0x068F,
0x0DFF, 0x0675,
0x8DFF, 0x0675,
0x8E03, 0x0679,
0x0DFF, 0x0675,
0x0DFF, 0x066A,
0x8DFF, 0x066A,
0x8E03, 0x066E,
0x0DFF, 0x066A,
0x0DFC, 0x0668,
0x8DFC, 0x0668,
0x8E00, 0x066D,
0x0DFC, 0x0668,
0x0DFE, 0x0669,
0x8DFE, 0x0669,
0x8E02, 0x066D,
0x0DFE, 0x0669,
0x0DFC, 0x0667,
0x8DFC, 0x0667,
0x8E01, 0x066B,
0x0DFC, 0x0667,
0x0DBF, 0x0676,
0x8DBF, 0x0676,
0x8DC4, 0x067B,
0x0DBF, 0x0676,
0x0DC0, 0x0683,
0x8DC0, 0x0683,
0x8DC5, 0x0687,
0x0DC0, 0x0683,
0x0DC1, 0x0678,
0x8DC1, 0x0678,
0x8DC5, 0x067C,
0x0DC1, 0x0678,
0x0DBC, 0x0675,
0x8DBC, 0x0675,
0x8DC0, 0x0679,
0x0DBC, 0x0675,
0x0DBB, 0x0677,
0x8DBB, 0x0677,
0x8DBF, 0x067B,
0x0DBB, 0x0677,
0x0DBE, 0x0676,
0x8DBE, 0x0676,
0x8DC2, 0x067A,
0x0DBE, 0x0676,
0x0DBD, 0x0677,
0x8DBD, 0x0677,
0x8DC1, 0x067B,
0x0DBD, 0x0677,
0x0DCC, 0x05DD,
0x8DCC, 0x05DD,
0x8DD0, 0x05E1,
0x0DCC, 0x05DD,
0x0DBE, 0x05DF,
0x8DBE, 0x05DF,
0x8DC2, 0x05E3,
0x0DBE, 0x05DF,
0x0DBA, 0x05E1,
0x8DBA, 0x05E1,
0x8DBE, 0x05E5,
0x0DBA, 0x05E1,
0x0DC7, 0x05DA,
0x8DC7, 0x05DA,
0x8DCB, 0x05DE,
0x0DC7, 0x05DA,
0x0DB2, 0x05E1,
0x8DB2, 0x05E1,
0x8DB6, 0x05E5,
0x0DB2, 0x05E1,
0x0DB0, 0x05DF,
0x8DB0, 0x05DF,
0x8DB5, 0x05E3,
0x0DB0, 0x05DF,
0x0DB4, 0x05E1,
0x8DB4, 0x05E1,
0x8DB8, 0x05E5,
0x0DB4, 0x05E1,
0x0D8B, 0x05DE,
0x8D8B, 0x05DE,
0x8D8F, 0x05E2,
0x0D8B, 0x05DE,
0x0D84, 0x05E0,
0x8D84, 0x05E0,
0x8D88, 0x05E4,
0x0D84, 0x05E0,
0x0D96, 0x05DB,
0x8D96, 0x05DB,
0x8D9A, 0x05DF,
0x0D96, 0x05DB,
0x0D9C, 0x05DD,
0x8D9C, 0x05DD,
0x8DA0, 0x05E2,
0x0D9C, 0x05DD,
0x0D9C, 0x05DB,
0x8D9C, 0x05DB,
0x8DA1, 0x05DF,
0x0D9C, 0x05DB,
0x0D93, 0x05DD,
0x8D93, 0x05DD,
0x8D97, 0x05E1,
0x0D93, 0x05DD,
0x0D96, 0x05E1,
0x8D96, 0x05E1,
0x8D9A, 0x05E5,
0x0D96, 0x05E1,
0x0D95, 0x05DE,
0x8D95, 0x05DE,
0x8D99, 0x05E2,
0x0D95, 0x05DE,
0x0D9A, 0x05E0,
0x8D9A, 0x05E0,
0x8D9E, 0x05E4,
0x0D9A, 0x05E0,
0x0DA6, 0x05DD,
0x8DA6, 0x05DD,
0x8DAA, 0x05E1,
0x0DA6, 0x05DD,
0x0D7D, 0x05DF,
0x8D7D, 0x05DF,
0x8D82, 0x05E3,
0x0D7D, 0x05DF,
0x0D82, 0x05DD,
0x8D82, 0x05DD,
0x8D87, 0x05E2,
0x0D82, 0x05DD,
0x0D80, 0x063B,
0x8D80, 0x063B,
0x8D84, 0x0640,
0x0D80, 0x063B,
0x0D83, 0x0639,
0x8D83, 0x0639,
0x8D87, 0x063D,
0x0D83, 0x0639,
0x0D81, 0x0644,
0x8D81, 0x0644,
0x8D85, 0x0648,
0x0D81, 0x0644,
0x0D86, 0x063E,
0x8D86, 0x063E,
0x8D8A, 0x0642,
0x0D86, 0x063E,
0x0D8F, 0x063E,
0x8D8F, 0x063E,
0x8D93, 0x0642,
0x0D8F, 0x063E,
0x0D8B, 0x0645,
0x8D8B, 0x0645,
0x8D8F, 0x0649,
0x0D8B, 0x0645,
0x0D8D, 0x0645,
0x8D8D, 0x0645,
0x8D91, 0x0649,
0x0D8D, 0x0645,
0x0D8A, 0x0641,
0x8D8A, 0x0641,
0x8D8F, 0x0645,
0x0D8A, 0x0641,
0x0D8F, 0x064F,
0x8D8F, 0x064F,
0x8D93, 0x0653,
0x0D8F, 0x064F,
0x0D93, 0x0652,
0x8D93, 0x0652,
0x8D97, 0x0656,
0x0D93, 0x0652,
0x0DA0, 0x065A,
0x8DA0, 0x065A,
0x8DA4, 0x065E,
0x0DA0, 0x065A,
0x0D9E, 0x065D,
0x8D9E, 0x065D,
0x8DA2, 0x0661,
0x0D9E, 0x065D,
0x0DA1, 0x065F,
0x8DA1, 0x065F,
0x8DA5, 0x0663,
0x0DA1, 0x065F,
0x0DA5, 0x0664,
0x8DA5, 0x0664,
0x8DA9, 0x0668,
0x0DA5, 0x0664,
0x0DA6, 0x0665,
0x8DA6, 0x0665,
0x8DAA, 0x0669,
0x0DA6, 0x0665,
0x0DA8, 0x0669,
0x8DA8, 0x0669,
0x8DAC, 0x066D,
0x0DA8, 0x0669,
0x0DAA, 0x0666,
0x8DAA, 0x0666,
0x8DAE, 0x066A,
0x0DAA, 0x0666,
0x0DAE, 0x066F,
0x8DAE, 0x066F,
0x8DB2, 0x0673,
0x0DAE, 0x066F,
0x0DA9, 0x0675,
0x8DA9, 0x0675,
0x8DAD, 0x0679,
0x0DA9, 0x0675,
0x0DAB, 0x0677,
0x8DAB, 0x0677,
0x8DAF, 0x067B,
0x0DAB, 0x0677,
0x0DA7, 0x0676,
0x8DA7, 0x0676,
0x8DAB, 0x067A,
0x0DA7, 0x0676,
0x0DA6, 0x0679,
0x8DA6, 0x0679,
0x8DAA, 0x067E,
0x0DA6, 0x0679,
0x0D9C, 0x0670,
0x8D9C, 0x0670,
0x8DA0, 0x0674,
0x0D9C, 0x0670,
0x0D97, 0x0671,
0x8D97, 0x0671,
0x8D9B, 0x0675,
0x0D97, 0x0671,
0x0D9C, 0x0675,
0x8D9C, 0x0675,
0x8DA0, 0x0679,
0x0D9C, 0x0675,
0x0D8F, 0x066E,
0x8D8F, 0x066E,
0x8D93, 0x0672,
0x0D8F, 0x066E,
0x0D7C, 0x0673,
0x8D7C, 0x0673,
0x8D80, 0x0677,
0x0D7C, 0x0673,
0x0D72, 0x066B,
0x8D72, 0x066B,
0x8D77, 0x0670,
0x0D72, 0x066B,
0x0D7F, 0x0671,
0x8D7F, 0x0671,
0x8D83, 0x0675,
0x0D7F, 0x0671,
0x0D84, 0x066E,
0x8D84, 0x066E,
0x8D88, 0x0673,
0x0D84, 0x066E,
0x0D85, 0x066D,
0x8D85, 0x066D,
0x8D89, 0x0671,
0x0D85, 0x066D,
0x0D66, 0x0649,
0x8D66, 0x0649,
0x8D6A, 0x064D,
0x0D66, 0x0649,
0x0D6B, 0x0643,
0x8D6B, 0x0643,
0x8D70, 0x0647,
0x0D6B, 0x0643,
0x0D72, 0x0638,
0x8D72, 0x0638,
0x8D76, 0x063C,
0x0D72, 0x0638,
0x0D71, 0x0634,
0x8D71, 0x0634,
0x8D75, 0x0638,
0x0D71, 0x0634,
0x0D7D, 0x0630,
0x8D7D, 0x0630,
0x8D81, 0x0635,
0x0D7D, 0x0630,
0x0D7C, 0x0632,
0x8D7C, 0x0632,
0x8D80, 0x0636,
0x0D7C, 0x0632,
0x0D78, 0x0628,
0x8D78, 0x0628,
0x8D7C, 0x062C,
0x0D78, 0x0628,
0x0D7E, 0x0630,
0x8D7E, 0x0630,
0x8D82, 0x0634,
0x0D7E, 0x0630,
0x0D7A, 0x063D,
0x8D7A, 0x063D,
0x8D7E, 0x0642,
0x0D7A, 0x063D,
0x0D70, 0x0672,
0x8D70, 0x0672,
0x8D74, 0x0676,
0x0D70, 0x0672,
0x0D6C, 0x0673,
0x8D6C, 0x0673,
0x8D70, 0x0677,
0x0D6C, 0x0673,
0x0D67, 0x0670,
0x8D67, 0x0670,
0x8D6B, 0x0674,
0x0D67, 0x0670,
0x0D58, 0x0663,
0x8D58, 0x0663,
0x8D5C, 0x0667,
0x0D58, 0x0663,
0x0D5A, 0x0660,
0x8D5A, 0x0660,
0x8D5E, 0x0664,
0x0D5A, 0x0660,
0x0D4D, 0x066A,
0x8D4D, 0x066A,
0x8D51, 0x066E,
0x0D4D, 0x066A,
0x0D5B, 0x066F,
0x8D5B, 0x066F,
0x8D5F, 0x0674,
0x0D5B, 0x066F,
0x0D59, 0x0663,
0x8D59, 0x0663,
0x8D5D, 0x0667,
0x0D59, 0x0663,
0x0D4F, 0x066D,
0x8D4F, 0x066D,
0x8D53, 0x0672,
0x0D4F, 0x066D,
0x0D53, 0x0667,
0x8D53, 0x0667,
0x8D57, 0x066B,
0x0D53, 0x0667,
0x0D3F, 0x066E,
0x8D3F, 0x066E,
0x8D43, 0x0672,
0x0D3F, 0x066E,
0x0D3E, 0x066E,
0x8D3E, 0x066E,
0x8D42, 0x0672,
0x0D3E, 0x066E,
0x0D4C, 0x067A,
0x8D4C, 0x067A,
0x8D50, 0x067E,
0x0D4C, 0x067A,
0x0D45, 0x067D,
0x8D45, 0x067D,
0x8D49, 0x0681,
0x0D45, 0x067D,
0x0D45, 0x0673,
0x8D45, 0x0673,
0x8D49, 0x0677,
0x0D45, 0x0673,
0x0D42, 0x0674,
0x8D42, 0x0674,
0x8D46, 0x0678,
0x0D42, 0x0674,
0x0D44, 0x0679,
0x8D44, 0x0679,
0x8D48, 0x067D,
0x0D44, 0x0679,
0x0D78, 0x05DA,
0x8D78, 0x05DA,
0x8D7C, 0x05DE,
0x0D78, 0x05DA,
0x0D69, 0x05DB,
0x8D69, 0x05DB,
0x8D6D, 0x05DF,
0x0D69, 0x05DB,
0x0D6B, 0x05DA,
0x8D6B, 0x05DA,
0x8D6F, 0x05DE,
0x0D6B, 0x05DA,
0x0D73, 0x05DA,
0x8D73, 0x05DA,
0x8D77, 0x05DE,
0x0D73, 0x05DA,
0x0D5F, 0x05D9,
0x8D5F, 0x05D9,
0x8D63, 0x05DE,
0x0D5F, 0x05D9,
0x0D6E, 0x05DA,
0x8D6E, 0x05DA,
0x8D72, 0x05DE,
0x0D6E, 0x05DA,
0x0D53, 0x05DB,
0x8D53, 0x05DB,
0x8D57, 0x05DF,
0x0D53, 0x05DB,
0x0D60, 0x05D6,
0x8D60, 0x05D6,
0x8D64, 0x05DB,
0x0D60, 0x05D6,
0x0D5C, 0x05D6,
0x8D5C, 0x05D6,
0x8D61, 0x05DA,
0x0D5C, 0x05D6,
0x0D59, 0x05D5,
0x8D59, 0x05D5,
0x8D5D, 0x05D9,
0x0D59, 0x05D5,
0x0D57, 0x05D6,
0x8D57, 0x05D6,
0x8D5C, 0x05DA,
0x0D57, 0x05D6,
0x0D4C, 0x05D4,
0x8D4C, 0x05D4,
0x8D50, 0x05D8,
0x0D4C, 0x05D4,
0x0D33, 0x05D6,
0x8D33, 0x05D6,
0x8D37, 0x05DA,
0x0D33, 0x05D6,
0x0D37, 0x05D2,
0x8D37, 0x05D2,
0x8D3B, 0x05D6,
0x0D37, 0x05D2,
0x0D30, 0x05D3,
0x8D30, 0x05D3,
0x8D34, 0x05D7,
0x0D30, 0x05D3,
0x0D30, 0x05D2,
0x8D30, 0x05D2,
0x8D34, 0x05D6,
0x0D30, 0x05D2,
0x0D2E, 0x05D3,
0x8D2E, 0x05D3,
0x8D32, 0x05D7,
0x0D2E, 0x05D3,
0x0D25, 0x05D1,
0x8D25, 0x05D1,
0x8D2A, 0x05D5,
0x0D25, 0x05D1,
0x0D36, 0x0672,
0x8D36, 0x0672,
0x8D3A, 0x0676,
0x0D36, 0x0672,
0x0D37, 0x0671,
0x8D37, 0x0671,
0x8D3B, 0x0675,
0x0D37, 0x0671,
0x0D2A, 0x0675,
0x8D2A, 0x0675,
0x8D2E, 0x0679,
0x0D2A, 0x0675,
0x0D23, 0x0674,
0x8D23, 0x0674,
0x8D27, 0x0678,
0x0D23, 0x0674,
0x0D24, 0x0674,
0x8D24, 0x0674,
0x8D29, 0x0678,
0x0D24, 0x0674,
0x0D21, 0x0675,
0x8D21, 0x0675,
0x8D25, 0x0679,
0x0D21, 0x0675,
0x0D21, 0x0673,
0x8D21, 0x0673,
0x8D25, 0x0677,
0x0D21, 0x0673,
0x0D19, 0x0673,
0x8D19, 0x0673,
0x8D1D, 0x0677,
0x0D19, 0x0673,
0x0D1F, 0x0674,
0x8D1F, 0x0674,
0x8D23, 0x0678,
0x0D1F, 0x0674,
0x0D1B, 0x0671,
0x8D1B, 0x0671,
0x8D1F, 0x0675,
0x0D1B, 0x0671,
0x0D16, 0x0679,
0x8D16, 0x0679,
0x8D1A, 0x067D,
0x0D16, 0x0679,
0x0D1F, 0x0678,
0x8D1F, 0x0678,
0x8D24, 0x067C,
0x0D1F, 0x0678,
0x0D1E, 0x0670,
0x8D1E, 0x0670,
0x8D23, 0x0674,
0x0D1E, 0x0670,
0x0D0A, 0x0672,
0x8D0A, 0x0672,
0x8D0E, 0x0676,
0x0D0A, 0x0672,
0x0D0B, 0x0677,
0x8D0B, 0x0677,
0x8D0F, 0x067B,
0x0D0B, 0x0677,
0x0D0C, 0x067A,
0x8D0C, 0x067A,
0x8D10, 0x067E,
0x0D0C, 0x067A,
0x0CFF, 0x0670,
0x8CFF, 0x0670,
0x8D03, 0x0675,
0x0CFF, 0x0670,
0x0CFE, 0x066F,
0x8CFE, 0x066F,
0x8D02, 0x0673,
0x0CFE, 0x066F,
0x0D05, 0x0673,
0x8D05, 0x0673,
0x8D09, 0x0677,
0x0D05, 0x0673,
0x0CFF, 0x0672,
0x8CFF, 0x0672,
0x8D03, 0x0676,
0x0CFF, 0x0672,
0x0CFF, 0x0678,
0x8CFF, 0x0678,
0x8D03, 0x067C,
0x0CFF, 0x0678,
0x0CFB, 0x0671,
0x8CFB, 0x0671,
0x8CFF, 0x0675,
0x0CFB, 0x0671,
0x0CFF, 0x0672,
0x8CFF, 0x0672,
0x8D03, 0x0676,
0x0CFF, 0x0672,
0x0CEF, 0x0673,
0x8CEF, 0x0673,
0x8CF3, 0x0677,
0x0CEF, 0x0673,
0x0CE5, 0x0673,
0x8CE5, 0x0673,
0x8CE9, 0x0677,
0x0CE5, 0x0673,
0x0CE5, 0x0676,
0x8CE5, 0x0676,
0x8CE9, 0x067B,
0x0CE5, 0x0676,
0x0CE0, 0x0670,
0x8CE0, 0x0670,
0x8CE4, 0x0674,
0x0CE0, 0x0670,
0x0CE5, 0x0673,
0x8CE5, 0x0673,
0x8CE9, 0x0677,
0x0CE5, 0x0673,
0x0D25, 0x05D0,
0x8D25, 0x05D0,
0x8D29, 0x05D4,
0x0D25, 0x05D0,
0x0D1B, 0x05D4,
0x8D1B, 0x05D4,
0x8D1F, 0x05D9,
0x0D1B, 0x05D4,
0x0D19, 0x05D2,
0x8D19, 0x05D2,
0x8D1D, 0x05D6,
0x0D19, 0x05D2,
0x0D12, 0x05D5,
0x8D12, 0x05D5,
0x8D16, 0x05DA,
0x0D12, 0x05D5,
0x0D13, 0x05D3,
0x8D13, 0x05D3,
0x8D18, 0x05D7,
0x0D13, 0x05D3,
0x0D0D, 0x05D6,
0x8D0D, 0x05D6,
0x8D12, 0x05DA,
0x0D0D, 0x05D6,
0x0D11, 0x05D4,
0x8D11, 0x05D4,
0x8D15, 0x05D8,
0x0D11, 0x05D4,
0x0D16, 0x05D2,
0x8D16, 0x05D2,
0x8D1A, 0x05D6,
0x0D16, 0x05D2,
0x0D0A, 0x05CF,
0x8D0A, 0x05CF,
0x8D0F, 0x05D3,
0x0D0A, 0x05CF,
0x0D16, 0x05D1,
0x8D16, 0x05D1,
0x8D1A, 0x05D5,
0x0D16, 0x05D1,
0x0CFE, 0x05D2,
0x8CFE, 0x05D2,
0x8D03, 0x05D6,
0x0CFE, 0x05D2,
0x0CEB, 0x05CF,
0x8CEB, 0x05CF,
0x8CEF, 0x05D3,
0x0CEB, 0x05CF,
0x0CEC, 0x05D4,
0x8CEC, 0x05D4,
0x8CF0, 0x05D8,
0x0CEC, 0x05D4,
0x0CED, 0x05C9,
0x8CED, 0x05C9,
0x8CF2, 0x05CD,
0x0CED, 0x05C9,
0x0CE4, 0x05CE,
0x8CE4, 0x05CE,
0x8CE8, 0x05D2,
0x0CE4, 0x05CE,
0x0CDC, 0x05D5,
0x8CDC, 0x05D5,
0x8CE0, 0x05D9,
0x0CDC, 0x05D5,
0x0CDF, 0x05CB,
0x8CDF, 0x05CB,
0x8CE3, 0x05CF,
0x0CDF, 0x05CB,
0x0CDA, 0x05CC,
0x8CDA, 0x05CC,
0x8CDE, 0x05D0,
0x0CDA, 0x05CC,
0x0CCD, 0x05CF,
0x8CCD, 0x05CF,
0x8CD1, 0x05D3,
0x0CCD, 0x05CF,
0x0CCB, 0x05CB,
0x8CCB, 0x05CB,
0x8CCF, 0x05CF,
0x0CCB, 0x05CB,
0x0CCD, 0x05D3,
0x8CCD, 0x05D3,
0x8CD1, 0x05D7,
0x0CCD, 0x05D3,
0x0CCE, 0x05CA,
0x8CCE, 0x05CA,
0x8CD2, 0x05CE,
0x0CCE, 0x05CA,
0x0CC9, 0x05CF,
0x8CC9, 0x05CF,
0x8CCD, 0x05D3,
0x0CC9, 0x05CF,
0x0CC9, 0x05CC,
0x8CC9, 0x05CC,
0x8CCD, 0x05D0,
0x0CC9, 0x05CC,
0x0CBC, 0x05DB,
0x8CBC, 0x05DB,
0x8CC0, 0x05DF,
0x0CBC, 0x05DB,
0x0CC1, 0x05D1,
0x8CC1, 0x05D1,
0x8CC5, 0x05D5,
0x0CC1, 0x05D1,
0x0CC4, 0x05D0,
0x8CC4, 0x05D0,
0x8CC8, 0x05D5,
0x0CC4, 0x05D0,
0x0CBF, 0x05D9,
0x8CBF, 0x05D9,
0x8CC3, 0x05DD,
0x0CBF, 0x05D9,
0x0CC2, 0x0671,
0x8CC2, 0x0671,
0x8CC6, 0x0675,
0x0CC2, 0x0671,
0x0CC8, 0x0677,
0x8CC8, 0x0677,
0x8CCC, 0x067B,
0x0CC8, 0x0677,
0x0CC4, 0x0670,
0x8CC4, 0x0670,
0x8CC9, 0x0674,
0x0CC4, 0x0670,
0x0CCB, 0x0675,
0x8CCB, 0x0675,
0x8CCF, 0x0679,
0x0CCB, 0x0675,
0x0CD2, 0x0675,
0x8CD2, 0x0675,
0x8CD7, 0x0679,
0x0CD2, 0x0675,
0x0CD5, 0x0677,
0x8CD5, 0x0677,
0x8CD9, 0x067C,
0x0CD5, 0x0677,
0x0CBC, 0x05C6,
0x8CBC, 0x05C6,
0x8CC0, 0x05CA,
0x0CBC, 0x05C6,
0x0CC0, 0x05C1,
0x8CC0, 0x05C1,
0x8CC4, 0x05C5,
0x0CC0, 0x05C1,
0x0CB8, 0x05DD,
0x8CB8, 0x05DD,
0x8CBC, 0x05E1,
0x0CB8, 0x05DD,
0x0CAC, 0x066F,
0x8CAC, 0x066F,
0x8CB0, 0x0673,
0x0CAC, 0x066F,
0x0CBF, 0x0679,
0x8CBF, 0x0679,
0x8CC3, 0x067D,
0x0CBF, 0x0679,
0x0CB0, 0x0673,
0x8CB0, 0x0673,
0x8CB4, 0x0677,
0x0CB0, 0x0673,
0x0CB8, 0x0677,
0x8CB8, 0x0677,
0x8CBC, 0x067B,
0x0CB8, 0x0677,
0x0CB8, 0x0675,
0x8CB8, 0x0675,
0x8CBC, 0x0679,
0x0CB8, 0x0675,
0x0CA5, 0x0671,
0x8CA5, 0x0671,
0x8CA9, 0x0675,
0x0CA5, 0x0671,
0x0C9F, 0x0670,
0x8C9F, 0x0670,
0x8CA3, 0x0674,
0x0C9F, 0x0670,
0x0C9E, 0x0672,
0x8C9E, 0x0672,
0x8CA2, 0x0676,
0x0C9E, 0x0672,
0x0C8B, 0x0666,
0x8C8B, 0x0666,
0x8C8F, 0x066A,
0x0C8B, 0x0666,
0x0C91, 0x066A,
0x8C91, 0x066A,
0x8C95, 0x066E,
0x0C91, 0x066A,
0x0C90, 0x066B,
0x8C90, 0x066B,
0x8C95, 0x066F,
0x0C90, 0x066B,
0x0C90, 0x0668,
0x8C90, 0x0668,
0x8C94, 0x066C,
0x0C90, 0x0668,
0x0C88, 0x066C,
0x8C88, 0x066C,
0x8C8C, 0x0670,
0x0C88, 0x066C,
0x0C7F, 0x0668,
0x8C7F, 0x0668,
0x8C83, 0x066C,
0x0C7F, 0x0668,
0x0C7F, 0x066E,
0x8C7F, 0x066E,
0x8C83, 0x0672,
0x0C7F, 0x066E,
0x0C76, 0x0663,
0x8C76, 0x0663,
0x8C7A, 0x0667,
0x0C76, 0x0663,
0x0C77, 0x0665,
0x8C77, 0x0665,
0x8C7B, 0x0669,
0x0C77, 0x0665,
0x0C72, 0x0668,
0x8C72, 0x0668,
0x8C76, 0x066C,
0x0C72, 0x0668,
0x0C6D, 0x0665,
0x8C6D, 0x0665,
0x8C71, 0x0669,
0x0C6D, 0x0665,
0x0C6E, 0x066A,
0x8C6E, 0x066A,
0x8C72, 0x066E,
0x0C6E, 0x066A,
0x0C62, 0x0668,
0x8C62, 0x0668,
0x8C67, 0x066C,
0x0C62, 0x0668,
0x0C9F, 0x05E5,
0x8C9F, 0x05E5,
0x8CA3, 0x05E9,
0x0C9F, 0x05E5,
0x0C9F, 0x05E6,
0x8C9F, 0x05E6,
0x8CA4, 0x05EA,
0x0C9F, 0x05E6,
0x0CB0, 0x05BA,
0x8CB0, 0x05BA,
0x8CB4, 0x05BE,
0x0CB0, 0x05BA,
0x0CAF, 0x05B6,
0x8CAF, 0x05B6,
0x8CB3, 0x05BA,
0x0CAF, 0x05B6,
0x0CAC, 0x05B0,
0x8CAC, 0x05B0,
0x8CB0, 0x05B4,
0x0CAC, 0x05B0,
0x0CA8, 0x05B4,
0x8CA8, 0x05B4,
0x8CAC, 0x05B8,
0x0CA8, 0x05B4,
0x0CA0, 0x05AC,
0x8CA0, 0x05AC,
0x8CA4, 0x05B0,
0x0CA0, 0x05AC,
0x0C9D, 0x05A8,
0x8C9D, 0x05A8,
0x8CA2, 0x05AC,
0x0C9D, 0x05A8,
0x0C9E, 0x05A4,
0x8C9E, 0x05A4,
0x8CA2, 0x05A8,
0x0C9E, 0x05A4,
0x0C9B, 0x05A2,
0x8C9B, 0x05A2,
0x8C9F, 0x05A6,
0x0C9B, 0x05A2,
0x0C93, 0x05AB,
0x8C93, 0x05AB,
0x8C97, 0x05AF,
0x0C93, 0x05AB,
0x0C93, 0x0597,
0x8C93, 0x0597,
0x8C97, 0x059B,
0x0C93, 0x0597,
0x0C90, 0x059A,
0x8C90, 0x059A,
0x8C94, 0x059E,
0x0C90, 0x059A,
0x0C93, 0x0592,
0x8C93, 0x0592,
0x8C97, 0x0596,
0x0C93, 0x0592,
0x0C8E, 0x0597,
0x8C8E, 0x0597,
0x8C92, 0x059B,
0x0C8E, 0x0597,
0x0C91, 0x058C,
0x8C91, 0x058C,
0x8C95, 0x0590,
0x0C91, 0x058C,
0x0C86, 0x05E5,
0x8C86, 0x05E5,
0x8C8A, 0x05E9,
0x0C86, 0x05E5,
0x0C8D, 0x05F1,
0x8C8D, 0x05F1,
0x8C91, 0x05F5,
0x0C8D, 0x05F1,
0x0C8B, 0x05EC,
0x8C8B, 0x05EC,
0x8C8F, 0x05F0,
0x0C8B, 0x05EC,
0x0C90, 0x05F8,
0x8C90, 0x05F8,
0x8C94, 0x05FC,
0x0C90, 0x05F8,
0x0C8B, 0x05D9,
0x8C8B, 0x05D9,
0x8C8F, 0x05DE,
0x0C8B, 0x05D9,
0x0C95, 0x05F2,
0x8C95, 0x05F2,
0x8C99, 0x05F6,
0x0C95, 0x05F2,
0x0C94, 0x05F4,
0x8C94, 0x05F4,
0x8C98, 0x05F8,
0x0C94, 0x05F4,
0x0C8D, 0x05B8,
0x8C8D, 0x05B8,
0x8C91, 0x05BC,
0x0C8D, 0x05B8,
0x0C8A, 0x05D2,
0x8C8A, 0x05D2,
0x8C8E, 0x05D6,
0x0C8A, 0x05D2,
0x0C8D, 0x0603,
0x8C8D, 0x0603,
0x8C91, 0x0607,
0x0C8D, 0x0603,
0x0C8D, 0x0605,
0x8C8D, 0x0605,
0x8C92, 0x060A,
0x0C8D, 0x0605,
0x0C85, 0x05E0,
0x8C85, 0x05E0,
0x8C89, 0x05E4,
0x0C85, 0x05E0,
0x0C81, 0x05D4,
0x8C81, 0x05D4,
0x8C85, 0x05D8,
0x0C81, 0x05D4,
0x0C7F, 0x05D3,
0x8C7F, 0x05D3,
0x8C83, 0x05D7,
0x0C7F, 0x05D3,
0x0C82, 0x05DB,
0x8C82, 0x05DB,
0x8C86, 0x05DF,
0x0C82, 0x05DB,
0x0C78, 0x05DD,
0x8C78, 0x05DD,
0x8C7C, 0x05E1,
0x0C78, 0x05DD,
0x0C79, 0x05D9,
0x8C79, 0x05D9,
0x8C7D, 0x05DD,
0x0C79, 0x05D9,
0x0C7A, 0x05D6,
0x8C7A, 0x05D6,
0x8C7E, 0x05DA,
0x0C7A, 0x05D6,
0x0C6F, 0x05D5,
0x8C6F, 0x05D5,
0x8C74, 0x05DA,
0x0C6F, 0x05D5,
0x0C6D, 0x05C9,
0x8C6D, 0x05C9,
0x8C72, 0x05CD,
0x0C6D, 0x05C9,
0x0C69, 0x05C9,
0x8C69, 0x05C9,
0x8C6D, 0x05CD,
0x0C69, 0x05C9,
0x0C6C, 0x05D1,
0x8C6C, 0x05D1,
0x8C70, 0x05D5,
0x0C6C, 0x05D1,
0x0C65, 0x05D2,
0x8C65, 0x05D2,
0x8C69, 0x05D6,
0x0C65, 0x05D2,
0x0C63, 0x05C5,
0x8C63, 0x05C5,
0x8C67, 0x05C9,
0x0C63, 0x05C5,
0x0C68, 0x05BF,
0x8C68, 0x05BF,
0x8C6C, 0x05C3,
0x0C68, 0x05BF,
0x0C64, 0x05D1,
0x8C64, 0x05D1,
0x8C68, 0x05D5,
0x0C64, 0x05D1,
0x0C66, 0x05C2,
0x8C66, 0x05C2,
0x8C6A, 0x05C6,
0x0C66, 0x05C2,
0x0C62, 0x05CF,
0x8C62, 0x05CF,
0x8C66, 0x05D3,
0x0C62, 0x05CF,
0x0C6B, 0x05D4,
0x8C6B, 0x05D4,
0x8C6F, 0x05D8,
0x0C6B, 0x05D4,
0x0C5B, 0x05C2,
0x8C5B, 0x05C2,
0x8C5F, 0x05C6,
0x0C5B, 0x05C2,
0x0C5A, 0x05CA,
0x8C5A, 0x05CA,
0x8C5E, 0x05CE,
0x0C5A, 0x05CA,
0x0C62, 0x05CC,
0x8C62, 0x05CC,
0x8C66, 0x05D0,
0x0C62, 0x05CC,
0x0C56, 0x05B3,
0x8C56, 0x05B3,
0x8C5A, 0x05B7,
0x0C56, 0x05B3,
0x0C56, 0x05B7,
0x8C56, 0x05B7,
0x8C5A, 0x05BB,
0x0C56, 0x05B7,
0x0C53, 0x05A8,
0x8C53, 0x05A8,
0x8C57, 0x05AC,
0x0C53, 0x05A8,
0x0C55, 0x05A9,
0x8C55, 0x05A9,
0x8C59, 0x05AD,
0x0C55, 0x05A9,
0x0C45, 0x059F,
0x8C45, 0x059F,
0x8C49, 0x05A3,
0x0C45, 0x059F,
0x0C4B, 0x059B,
0x8C4B, 0x059B,
0x8C4F, 0x059F,
0x0C4B, 0x059B,
0x0C43, 0x059A,
0x8C43, 0x059A,
0x8C47, 0x059E,
0x0C43, 0x059A,
0x0C3F, 0x0592,
0x8C3F, 0x0592,
0x8C43, 0x0596,
0x0C3F, 0x0592,
0x0C3C, 0x058C,
0x8C3C, 0x058C,
0x8C40, 0x0590,
0x0C3C, 0x058C,
0x0C36, 0x058F,
0x8C36, 0x058F,
0x8C3A, 0x0593,
0x0C36, 0x058F,
0x0C3B, 0x058B,
0x8C3B, 0x058B,
0x8C40, 0x058F,
0x0C3B, 0x058B,
0x0C4B, 0x05B9,
0x8C4B, 0x05B9,
0x8C4F, 0x05BE,
0x0C4B, 0x05B9,
0x0C4E, 0x05BF,
0x8C4E, 0x05BF,
0x8C52, 0x05C3,
0x0C4E, 0x05BF,
0x0C4C, 0x05B9,
0x8C4C, 0x05B9,
0x8C50, 0x05BD,
0x0C4C, 0x05B9,
0x0C49, 0x05B8,
0x8C49, 0x05B8,
0x8C4D, 0x05BC,
0x0C49, 0x05B8,
0x0C49, 0x05BB,
0x8C49, 0x05BB,
0x8C4D, 0x05BF,
0x0C49, 0x05BB,
0x0C4B, 0x05C0,
0x8C4B, 0x05C0,
0x8C4F, 0x05C4,
0x0C4B, 0x05C0,
0x0C41, 0x05BA,
0x8C41, 0x05BA,
0x8C45, 0x05BE,
0x0C41, 0x05BA,
0x0C3D, 0x05B2,
0x8C3D, 0x05B2,
0x8C41, 0x05B6,
0x0C3D, 0x05B2,
0x0C36, 0x05B5,
0x8C36, 0x05B5,
0x8C3B, 0x05B9,
0x0C36, 0x05B5,
0x0C3B, 0x05B4,
0x8C3B, 0x05B4,
0x8C3F, 0x05B8,
0x0C3B, 0x05B4,
0x0C34, 0x05B0,
0x8C34, 0x05B0,
0x8C38, 0x05B4,
0x0C34, 0x05B0,
0x0C35, 0x05B1,
0x8C35, 0x05B1,
0x8C39, 0x05B5,
0x0C35, 0x05B1,
0x0C34, 0x05B0,
0x8C34, 0x05B0,
0x8C38, 0x05B4,
0x0C34, 0x05B0,
0x0C2F, 0x05B2,
0x8C2F, 0x05B2,
0x8C33, 0x05B6,
0x0C2F, 0x05B2,
0x0C31, 0x05B3,
0x8C31, 0x05B3,
0x8C35, 0x05B7,
0x0C31, 0x05B3,
0x0C31, 0x05B7,
0x8C31, 0x05B7,
0x8C35, 0x05BB,
0x0C31, 0x05B7,
0x0C21, 0x05E0,
0x8C21, 0x05E0,
0x8C25, 0x05E4,
0x0C21, 0x05E0,
0x0C22, 0x05E0,
0x8C22, 0x05E0,
0x8C26, 0x05E4,
0x0C22, 0x05E0,
0x0C20, 0x0613,
0x8C20, 0x0613,
0x8C24, 0x0617,
0x0C20, 0x0613,
0x0C20, 0x0615,
0x8C20, 0x0615,
0x8C24, 0x0619,
0x0C20, 0x0615,
0x0C65, 0x066D,
0x8C65, 0x066D,
0x8C69, 0x0671,
0x0C65, 0x066D,
0x0C60, 0x066D,
0x8C60, 0x066D,
0x8C65, 0x0671,
0x0C60, 0x066D,
0x0C50, 0x0664,
0x8C50, 0x0664,
0x8C54, 0x0668,
0x0C50, 0x0664,
0x0C4F, 0x0662,
0x8C4F, 0x0662,
0x8C53, 0x0666,
0x0C4F, 0x0662,
0x0C53, 0x065F,
0x8C53, 0x065F,
0x8C58, 0x0663,
0x0C53, 0x065F,
0x0C43, 0x0673,
0x8C43, 0x0673,
0x8C48, 0x0677,
0x0C43, 0x0673,
0x0C43, 0x0674,
0x8C43, 0x0674,
0x8C47, 0x0678,
0x0C43, 0x0674,
0x0C46, 0x0674,
0x8C46, 0x0674,
0x8C4A, 0x0678,
0x0C46, 0x0674,
0x0C39, 0x0676,
0x8C39, 0x0676,
0x8C3D, 0x067A,
0x0C39, 0x0676,
0x0C34, 0x0659,
0x8C34, 0x0659,
0x8C38, 0x065D,
0x0C34, 0x0659,
0x0C36, 0x064F,
0x8C36, 0x064F,
0x8C3A, 0x0653,
0x0C36, 0x064F,
0x0C30, 0x0677,
0x8C30, 0x0677,
0x8C34, 0x067B,
0x0C30, 0x0677,
0x0C26, 0x0672,
0x8C26, 0x0672,
0x8C2A, 0x0676,
0x0C26, 0x0672,
0x0C2C, 0x067C,
0x8C2C, 0x067C,
0x8C30, 0x0680,
0x0C2C, 0x067C,
0x0C29, 0x067B,
0x8C29, 0x067B,
0x8C2D, 0x067F,
0x0C29, 0x067B,
0x0C27, 0x0684,
0x8C27, 0x0684,
0x8C2B, 0x0689,
0x0C27, 0x0684,
0x0C23, 0x067A,
0x8C23, 0x067A,
0x8C27, 0x067E,
0x0C23, 0x067A,
0x0C27, 0x068B,
0x8C27, 0x068B,
0x8C2B, 0x068F,
0x0C27, 0x068B,
0x0C20, 0x0674,
0x8C20, 0x0674,
0x8C24, 0x0678,
0x0C20, 0x0674,
0x0C22, 0x0686,
0x8C22, 0x0686,
0x8C26, 0x068A,
0x0C22, 0x0686,
0x0C23, 0x0697,
0x8C23, 0x0697,
0x8C27, 0x069B,
0x0C23, 0x0697,
0x0C1E, 0x0694,
0x8C1E, 0x0694,
0x8C22, 0x0698,
0x0C1E, 0x0694,
0x0C1F, 0x0654,
0x8C1F, 0x0654,
0x8C23, 0x0658,
0x0C1F, 0x0654,
0x0C22, 0x064C,
0x8C22, 0x064C,
0x8C26, 0x0650,
0x0C22, 0x064C,
0x0C21, 0x0640,
0x8C21, 0x0640,
0x8C25, 0x0644,
0x0C21, 0x0640,
0x0C22, 0x0642,
0x8C22, 0x0642,
0x8C27, 0x0646,
0x0C22, 0x0642,
0x0C23, 0x063A,
0x8C23, 0x063A,
0x8C27, 0x063E,
0x0C23, 0x063A,
0x0C2C, 0x0575,
0x8C2C, 0x0575,
0x8C30, 0x0579,
0x0C2C, 0x0575,
0x0C30, 0x057C,
0x8C30, 0x057C,
0x8C34, 0x0580,
0x0C30, 0x057C,
0x0C26, 0x0593,
0x8C26, 0x0593,
0x8C2A, 0x0597,
0x0C26, 0x0593,
0x0C30, 0x057C,
0x8C30, 0x057C,
0x8C34, 0x0580,
0x0C30, 0x057C,
0x0C2A, 0x057B,
0x8C2A, 0x057B,
0x8C2E, 0x057F,
0x0C2A, 0x057B
};

const unsigned short draw_2[] PROGMEM = {
0x063C, 0x0569,
0x863C, 0x0569,
0x8644, 0x0569,
0x864B, 0x056E,
0x8650, 0x0574,
0x8656, 0x0578,
0x865C, 0x057C,
0x8663, 0x0581,
0x866A, 0x0583,
0x8670, 0x0588,
0x8677, 0x058B,
0x867E, 0x058B,
0x8686, 0x058B,
0x868E, 0x058B,
0x8696, 0x058B,
0x869E, 0x058B,
0x86A5, 0x058C,
0x86AC, 0x058E,
0x86B3, 0x058B,
0x86BA, 0x0588,
0x86C1, 0x0584,
0x86C8, 0x0582,
0x86CF, 0x057E,
0x86D6, 0x057D,
0x86DD, 0x0578,
0x86E3, 0x0574,
0x86EB, 0x0572,
0x86F1, 0x056E,
0x86F7, 0x056A,
0x86FE, 0x056D,
0x8700, 0x0574,
0x86FC, 0x057A,
0x86F7, 0x0580,
0x86F0, 0x0583,
0x86E8, 0x0584,
0x86E1, 0x0587,
0x86DB, 0x058B,
0x86D5, 0x058F,
0x86CE, 0x0592,
0x86C7, 0x0596,
0x86C0, 0x0599,
0x86BA, 0x059E,
0x86B5, 0x05A4,
0x86B1, 0x05AA,
0x86AD, 0x05B0,
0x86A9, 0x05B7,
0x86A6, 0x05BE,
0x86A6, 0x05C6,
0x86A6, 0x05CE,
0x86A6, 0x05D6,
0x86A6, 0x05DE,
0x86A6, 0x05E5,
0x86A6, 0x05ED,
0x86A7, 0x05F5,
0x86AD, 0x05F8,
0x86B4, 0x05F8,
0x86BB, 0x05F4,
0x86C1, 0x05F0,
0x86C8, 0x05EB,
0x86CE, 0x05E6,
0x86D4, 0x05E2,
0x86D9, 0x05DD,
0x86DE, 0x05D7,
0x86E5, 0x05D4,
0x86EC, 0x05D1,
0x86F1, 0x05CD,
0x86F5, 0x05C7,
0x86FC, 0x05C4,
0x8702, 0x05BE,
0x8708, 0x05B9,
0x870F, 0x05B6,
0x8715, 0x05B2,
0x871B, 0x05AD,
0x8720, 0x05A7,
0x8726, 0x05A2,
0x872D, 0x05A6,
0x872E, 0x05AD,
0x872B, 0x05B4,
0x8726, 0x05BA,
0x8720, 0x05BF,
0x871B, 0x05C5,
0x8714, 0x05C8,
0x870E, 0x05CD,
0x8708, 0x05D1,
0x8701, 0x05D5,
0x86FB, 0x05DA,
0x86F5, 0x05DF,
0x86F0, 0x05E5,
0x86EB, 0x05EB,
0x86EB, 0x05F3,
0x86E9, 0x05FA,
0x86E8, 0x0602,
0x86E6, 0x0609,
0x86E2, 0x060F,
0x86D3, 0x060E,
0x86D5, 0x0607,
0x86D9, 0x0600,
0x86DA, 0x05F9,
0x86D6, 0x05F6,
0x86D6, 0x05F6,
0x86D0, 0x05FC,
0x86C9, 0x05FE,
0x86C3, 0x0602,
0x86BE, 0x0608,
0x86C0, 0x060F,
0x86C6, 0x0614,
0x86CB, 0x0619,
0x86D1, 0x0616,
0x86D3, 0x060E,
0x86E2, 0x060F,
0x86E1, 0x0617,
0x86E2, 0x061F,
0x86E1, 0x0627,
0x86E3, 0x062E,
0x86E9, 0x0633,
0x86F0, 0x0637,
0x86F6, 0x063B,
0x86FD, 0x063E,
0x8704, 0x0642,
0x8709, 0x0648,
0x870D, 0x064F,
0x8713, 0x0653,
0x8717, 0x0659,
0x871C, 0x065F,
0x8720, 0x0667,
0x8725, 0x066C,
0x872A, 0x0672,
0x872F, 0x0677,
0x8735, 0x067C,
0x8735, 0x0683,
0x872F, 0x0689,
0x8729, 0x068B,
0x8723, 0x0686,
0x871D, 0x0680,
0x871A, 0x0679,
0x8715, 0x0673,
0x8710, 0x066D,
0x870B, 0x0667,
0x8706, 0x0661,
0x8702, 0x065A,
0x86FD, 0x0655,
0x86F8, 0x064F,
0x86F1, 0x064B,
0x86EA, 0x0649,
0x86E5, 0x0643,
0x86DE, 0x063F,
0x86D8, 0x063A,
0x86D2, 0x0636,
0x86CB, 0x0632,
0x86C6, 0x062C,
0x86C0, 0x0627,
0x86BB, 0x0621,
0x86B5, 0x061C,
0x86AD, 0x061B,
0x86A7, 0x0617,
0x86A6, 0x061F,
0x86A7, 0x0627,
0x86A9, 0x062E,
0x86A9, 0x0636,
0x86AA, 0x063D,
0x86AD, 0x0644,
0x86B1, 0x064B,
0x86B3, 0x0652,
0x86B5, 0x065A,
0x86B8, 0x0661,
0x86B8, 0x0669,
0x86AB, 0x066A,
0x86A7, 0x0666,
0x86A7, 0x0666,
0x86A6, 0x066E,
0x86A4, 0x0676,
0x86A1, 0x067D,
0x86A1, 0x0684,
0x86A6, 0x068A,
0x86AE, 0x068B,
0x86B4, 0x0688,
0x86B5, 0x067F,
0x86B2, 0x0679,
0x86AE, 0x0672,
0x86AB, 0x066A,
0x86B8, 0x0669,
0x86BC, 0x066F,
0x86C2, 0x0675,
0x86C5, 0x067C,
0x86CA, 0x0681,
0x86D0, 0x0687,
0x86D5, 0x068D,
0x86D4, 0x0694,
0x86CF, 0x0699,
0x86C8, 0x069B,
0x86C0, 0x0698,
0x86B8, 0x0698,
0x86B1, 0x0699,
0x86AA, 0x069D,
0x86A2, 0x069E,
0x869A, 0x069F,
0x8693, 0x069E,
0x868B, 0x069E,
0x8683, 0x069F,
0x867D, 0x06A3,
0x8675, 0x06A3,
0x866E, 0x06A1,
0x8668, 0x069C,
0x8663, 0x0696,
0x865F, 0x068F,
0x865C, 0x0688,
0x8659, 0x0681,
0x8656, 0x067A,
0x8653, 0x0674,
0x864D, 0x066E,
0x8648, 0x0669,
0x8642, 0x0663,
0x863E, 0x065C,
0x863A, 0x0656,
0x8634, 0x0651,
0x862F, 0x064B,
0x8629, 0x0646,
0x8623, 0x0641,
0x861D, 0x063E,
0x8617, 0x0638,
0x861F, 0x062F,
0x8627, 0x0632,
0x862E, 0x0635,
0x8635, 0x063A,
0x863A, 0x063F,
0x8642, 0x0642,
0x8649, 0x0645,
0x8651, 0x0648,
0x8658, 0x064B,
0x865F, 0x064D,
0x8667, 0x0650,
0x866F, 0x0651,
0x8677, 0x0651,
0x867F, 0x0650,
0x8687, 0x064E,
0x868E, 0x064A,
0x8692, 0x0643,
0x8691, 0x063B,
0x8691, 0x0633,
0x8691, 0x062B,
0x8691, 0x0623,
0x8691, 0x061B,
0x8691, 0x0613,
0x8691, 0x060A,
0x8693, 0x0602,
0x8692, 0x05FB,
0x8692, 0x05F2,
0x8694, 0x05EB,
0x8697, 0x05E3,
0x8697, 0x05DB,
0x8697, 0x05D3,
0x8693, 0x05CE,
0x8691, 0x05CF,
0x868B, 0x05D4,
0x8684, 0x05DA,
0x867D, 0x05DD,
0x8676, 0x05DF,
0x8670, 0x05E4,
0x8669, 0x05E9,
0x8665, 0x05EF,
0x865E, 0x05F4,
0x8656, 0x05F7,
0x8650, 0x05FC,
0x8649, 0x05FF,
0x8641, 0x0601,
0x863A, 0x0605,
0x8633, 0x0609,
0x862C, 0x060B,
0x8625, 0x060F,
0x861E, 0x0614,
0x8616, 0x0616,
0x860F, 0x0618,
0x860E, 0x0620,
0x8612, 0x0626,
0x8619, 0x062A,
0x861F, 0x062F,
0x8617, 0x0638,
0x8610, 0x0633,
0x860A, 0x0631,
0x8603, 0x062C,
0x85FC, 0x0628,
0x85F6, 0x0626,
0x85EF, 0x0621,
0x85E7, 0x061F,
0x85DF, 0x061F,
0x85D7, 0x061F,
0x85D0, 0x0620,
0x85C8, 0x0621,
0x85C3, 0x061E,
0x85C1, 0x0615,
0x85C4, 0x060E,
0x85C5, 0x0607,
0x85C4, 0x05FF,
0x85C4, 0x05F7,
0x85C6, 0x05F0,
0x85C7, 0x05E8,
0x85C7, 0x05E0,
0x85C7, 0x05D9,
0x85C9, 0x05D1,
0x85CC, 0x05CA,
0x85CC, 0x05C3,
0x85CD, 0x05BB,
0x85CD, 0x05B3,
0x85CC, 0x05AB,
0x85CC, 0x05A4,
0x85CE, 0x059D,
0x85D5, 0x059D,
0x85D7, 0x05A4,
0x85D7, 0x05AC,
0x85DC, 0x05B3,
0x85DB, 0x05BA,
0x85D7, 0x05C1,
0x85D7, 0x05C8,
0x85DB, 0x05CF,
0x85DD, 0x05D6,
0x85E1, 0x05DD,
0x85E5, 0x05E3,
0x85E8, 0x05EA,
0x85EC, 0x05F1,
0x85DF, 0x05F7,
0x85D9, 0x05F4,
0x85D9, 0x05F4,
0x85D7, 0x05FC,
0x85D7, 0x0604,
0x85DB, 0x0609,
0x85E3, 0x060C,
0x85E5, 0x0605,
0x85E4, 0x05FE,
0x85DF, 0x05F7,
0x85EC, 0x05F1,
0x85F2, 0x05F6,
0x85F6, 0x05FC,
0x85FA, 0x0603,
0x8600, 0x0608,
0x8607, 0x060A,
0x860D, 0x0605,
0x8614, 0x0603,
0x861B, 0x0600,
0x8622, 0x05FD,
0x8629, 0x05F9,
0x8630, 0x05F5,
0x8635, 0x05F0,
0x863D, 0x05EF,
0x8644, 0x05EC,
0x864C, 0x05EA,
0x8652, 0x05E5,
0x8659, 0x05E2,
0x865F, 0x05DD,
0x8665, 0x05D8,
0x866A, 0x05D2,
0x8671, 0x05CE,
0x8678, 0x05CC,
0x867F, 0x05C9,
0x8684, 0x05C3,
0x868A, 0x05BE,
0x868D, 0x05B8,
0x8686, 0x05B4,
0x8680, 0x05AF,
0x867A, 0x05AB,
0x8675, 0x05A5,
0x866F, 0x05A0,
0x8669, 0x059C,
0x8663, 0x0597,
0x865E, 0x0592,
0x8657, 0x058D,
0x864F, 0x058B,
0x864A, 0x0586,
0x8645, 0x0581,
0x863F, 0x057C,
0x8638, 0x0578,
0x8635, 0x0571,
0x8639, 0x056B,
0x863C, 0x0569,
0x063C, 0x0569,
0x06F1, 0x0576,
0x86F1, 0x0576,
0x86F5, 0x057B,
0x06F1, 0x0576,
0x06ED, 0x0578,
0x86ED, 0x0578,
0x86F1, 0x057C,
0x06ED, 0x0578,
0x06F0, 0x0576,
0x86F0, 0x0576,
0x86F4, 0x057A,
0x06F0, 0x0576,
0x06C8, 0x0589,
0x86C8, 0x0589,
0x86CC, 0x058D,
0x06C8, 0x0589,
0x06D0, 0x0584,
0x86D0, 0x0584,
0x86D4, 0x0588,
0x06D0, 0x0584,
0x06E6, 0x0579,
0x86E6, 0x0579,
0x86EA, 0x057D,
0x06E6, 0x0579,
0x069D, 0x05C8,
0x869D, 0x05C8,
0x86A2, 0x05CC,
0x069D, 0x05C8,
0x06A9, 0x059C,
0x86A9, 0x059C,
0x86AD, 0x05A0,
0x06A9, 0x059C,
0x06A6, 0x05A8,
0x86A6, 0x05A8,
0x86AA, 0x05AC,
0x06A6, 0x05A8,
0x06A6, 0x05A7,
0x86A6, 0x05A7,
0x86AA, 0x05AB,
0x06A6, 0x05A7,
0x06AF, 0x059A,
0x86AF, 0x059A,
0x86B3, 0x059E,
0x06AF, 0x059A,
0x069C, 0x05CF,
0x869C, 0x05CF,
0x86A0, 0x05D3,
0x069C, 0x05CF,
0x067C, 0x05A2,
0x867C, 0x05A2,
0x8680, 0x05A6,
0x067C, 0x05A2,
0x067F, 0x05A4,
0x867F, 0x05A4,
0x8683, 0x05A8,
0x067F, 0x05A4,
0x0682, 0x05AB,
0x8682, 0x05AB,
0x8686, 0x05AF,
0x0682, 0x05AB,
0x0684, 0x05A6,
0x8684, 0x05A6,
0x8688, 0x05AA,
0x0684, 0x05A6,
0x0685, 0x0590,
0x8685, 0x0590,
0x8689, 0x0594,
0x0685, 0x0590,
0x0686, 0x0599,
0x8686, 0x0599,
0x868A, 0x059D,
0x0686, 0x0599,
0x0685, 0x0597,
0x8685, 0x0597,
0x8689, 0x059B,
0x0685, 0x0597,
0x0682, 0x05A2,
0x8682, 0x05A2,
0x8686, 0x05A6,
0x0682, 0x05A2,
0x0682, 0x05A4,
0x8682, 0x05A4,
0x8686, 0x05A8,
0x0682, 0x05A4,
0x0684, 0x059C,
0x8684, 0x059C,
0x8688, 0x05A0,
0x0684, 0x059C,
0x0685, 0x05A9,
0x8685, 0x05A9,
0x8689, 0x05AD,
0x0685, 0x05A9,
0x0684, 0x05A2,
0x8684, 0x05A2,
0x8689, 0x05A6,
0x0684, 0x05A2,
0x0690, 0x05C5,
0x8690, 0x05C5,
0x8694, 0x05C9,
0x0690, 0x05C5,
0x0680, 0x05A9,
0x8680, 0x05A9,
0x8684, 0x05AD,
0x0680, 0x05A9,
0x069F, 0x05B4,
0x869F, 0x05B4,
0x86A3, 0x05B8,
0x069F, 0x05B4,
0x0696, 0x05A0,
0x8696, 0x05A0,
0x869A, 0x05A4,
0x0696, 0x05A0,
0x06A5, 0x0598,
0x86A5, 0x0598,
0x86A9, 0x059C,
0x06A5, 0x0598,
0x06A2, 0x05AC,
0x86A2, 0x05AC,
0x86A7, 0x05B0,
0x06A2, 0x05AC,
0x06A7, 0x0591,
0x86A7, 0x0591,
0x86AB, 0x0595,
0x06A7, 0x0591,
0x06A0, 0x05A0,
0x86A0, 0x05A0,
0x86A4, 0x05A4,
0x06A0, 0x05A0,
0x069D, 0x05A8,
0x869D, 0x05A8,
0x86A1, 0x05AC,
0x069D, 0x05A8,
0x066D, 0x058E,
0x866D, 0x058E,
0x8671, 0x0592,
0x066D, 0x058E,
0x066C, 0x0590,
0x866C, 0x0590,
0x8670, 0x0594,
0x066C, 0x0590,
0x066D, 0x0591,
0x866D, 0x0591,
0x8671, 0x0595,
0x066D, 0x0591,
0x0670, 0x0596,
0x8670, 0x0596,
0x8674, 0x059A,
0x0670, 0x0596,
0x066E, 0x0595,
0x866E, 0x0595,
0x8672, 0x0599,
0x066E, 0x0595,
0x0679, 0x058E,
0x8679, 0x058E,
0x867E, 0x0592,
0x0679, 0x058E,
0x0660, 0x058A,
0x8660, 0x058A,
0x8664, 0x058E,
0x0660, 0x058A,
0x065F, 0x0588,
0x865F, 0x0588,
0x8663, 0x058C,
0x065F, 0x0588,
0x065F, 0x0589,
0x865F, 0x0589,
0x8663, 0x058D,
0x065F, 0x0589,
0x0664, 0x0589,
0x8664, 0x0589,
0x8668, 0x058D,
0x0664, 0x0589,
0x0656, 0x0583,
0x8656, 0x0583,
0x865A, 0x0587,
0x0656, 0x0583,
0x0651, 0x0582,
0x8651, 0x0582,
0x8655, 0x0586,
0x0651, 0x0582,
0x0652, 0x0579,
0x8652, 0x0579,
0x8656, 0x057E,
0x0652, 0x0579,
0x064D, 0x057C,
0x864D, 0x057C,
0x8651, 0x0580,
0x064D, 0x057C,
0x064E, 0x057B,
0x864E, 0x057B,
0x8652, 0x057F,
0x064E, 0x057B,
0x0652, 0x0579,
0x8652, 0x0579,
0x8656, 0x057D,
0x0652, 0x0579,
0x064E, 0x0578,
0x864E, 0x0578,
0x8652, 0x057C,
0x064E, 0x0578,
0x0646, 0x057A,
0x8646, 0x057A,
0x864A, 0x057F,
0x0646, 0x057A,
0x063E, 0x0574,
0x863E, 0x0574,
0x8642, 0x0578,
0x063E, 0x0574,
0x0649, 0x0573,
0x8649, 0x0573,
0x864D, 0x0577,
0x0649, 0x0573,
0x0641, 0x056F,
0x8641, 0x056F,
0x8645, 0x0573,
0x0641, 0x056F,
0x0642, 0x0575,
0x8642, 0x0575,
0x8646, 0x057A,
0x0642, 0x0575,
0x063F, 0x0577,
0x863F, 0x0577,
0x8643, 0x057B,
0x063F, 0x0577,
0x0647, 0x0571,
0x8647, 0x0571,
0x864B, 0x0575,
0x0647, 0x0571,
0x0647, 0x0572,
0x8647, 0x0572,
0x864B, 0x0576,
0x0647, 0x0572,
0x069B, 0x05E0,
0x869B, 0x05E0,
0x869F, 0x05E4,
0x069B, 0x05E0,
0x069D, 0x05D5,
0x869D, 0x05D5,
0x86A1, 0x05D9,
0x069D, 0x05D5,
0x071E, 0x067D,
0x871E, 0x067D,
0x8722, 0x0681,
0x071E, 0x067D,
0x0726, 0x067D,
0x8726, 0x067D,
0x872A, 0x0681,
0x0726, 0x067D,
0x0725, 0x0680,
0x8725, 0x0680,
0x8729, 0x0684,
0x0725, 0x0680,
0x0728, 0x067D,
0x8728, 0x067D,
0x872C, 0x0681,
0x0728, 0x067D,
0x072D, 0x067A,
0x872D, 0x067A,
0x8731, 0x067F,
0x072D, 0x067A,
0x0721, 0x0673,
0x8721, 0x0673,
0x8726, 0x0677,
0x0721, 0x0673,
0x0723, 0x0673,
0x8723, 0x0673,
0x8727, 0x0678,
0x0723, 0x0673,
0x0720, 0x0670,
0x8720, 0x0670,
0x8724, 0x0674,
0x0720, 0x0670,
0x071D, 0x0672,
0x871D, 0x0672,
0x8721, 0x0676,
0x071D, 0x0672,
0x071B, 0x0668,
0x871B, 0x0668,
0x871F, 0x066C,
0x071B, 0x0668,
0x071B, 0x066A,
0x871B, 0x066A,
0x871F, 0x066E,
0x071B, 0x066A,
0x071E, 0x066B,
0x871E, 0x066B,
0x8722, 0x066F,
0x071E, 0x066B,
0x071C, 0x066A,
0x871C, 0x066A,
0x8720, 0x066E,
0x071C, 0x066A,
0x070B, 0x065E,
0x870B, 0x065E,
0x870F, 0x0662,
0x070B, 0x065E,
0x070F, 0x065C,
0x870F, 0x065C,
0x8713, 0x0660,
0x070F, 0x065C,
0x070B, 0x0654,
0x870B, 0x0654,
0x870F, 0x0658,
0x070B, 0x0654,
0x0709, 0x0659,
0x8709, 0x0659,
0x870D, 0x065D,
0x0709, 0x0659,
0x070E, 0x0654,
0x870E, 0x0654,
0x8712, 0x0658,
0x070E, 0x0654,
0x0708, 0x0659,
0x8708, 0x0659,
0x870C, 0x065D,
0x0708, 0x0659,
0x0708, 0x0652,
0x8708, 0x0652,
0x870C, 0x0656,
0x0708, 0x0652,
0x0708, 0x0652,
0x8708, 0x0652,
0x870C, 0x0656,
0x0708, 0x0652,
0x0700, 0x0642,
0x8700, 0x0642,
0x8704, 0x0646,
0x0700, 0x0642,
0x06D6, 0x0613,
0x86D6, 0x0613,
0x86DA, 0x0617,
0x06D6, 0x0613,
0x06EA, 0x063B,
0x86EA, 0x063B,
0x86EE, 0x063F,
0x06EA, 0x063B,
0x06EC, 0x063A,
0x86EC, 0x063A,
0x86F0, 0x063E,
0x06EC, 0x063A,
0x06EE, 0x063D,
0x86EE, 0x063D,
0x86F2, 0x0641,
0x06EE, 0x063D,
0x06E6, 0x0627,
0x86E6, 0x0627,
0x86EA, 0x062B,
0x06E6, 0x0627,
0x06F2, 0x063B,
0x86F2, 0x063B,
0x86F6, 0x0640,
0x06F2, 0x063B,
0x06F5, 0x0643,
0x86F5, 0x0643,
0x86F9, 0x0647,
0x06F5, 0x0643,
0x06F6, 0x0642,
0x86F6, 0x0642,
0x86FA, 0x0646,
0x06F6, 0x0642,
0x06F8, 0x0649,
0x86F8, 0x0649,
0x86FC, 0x064D,
0x06F8, 0x0649,
0x06CC, 0x062D,
0x86CC, 0x062D,
0x86D0, 0x0631,
0x06CC, 0x062D,
0x06C8, 0x0624,
0x86C8, 0x0624,
0x86CC, 0x0628,
0x06C8, 0x0624,
0x06C6, 0x061E,
0x86C6, 0x061E,
0x86CA, 0x0622,
0x06C6, 0x061E,
0x06CC, 0x062C,
0x86CC, 0x062C,
0x86D0, 0x0630,
0x06CC, 0x062C,
0x06CC, 0x062C,
0x86CC, 0x062C,
0x86D0, 0x0630,
0x06CC, 0x062C,
0x06D2, 0x062F,
0x86D2, 0x062F,
0x86D6, 0x0633,
0x06D2, 0x062F,
0x06CD, 0x062A,
0x86CD, 0x062A,
0x86D1, 0x062F,
0x06CD, 0x062A,
0x06D3, 0x062B,
0x86D3, 0x062B,
0x86D7, 0x062F,
0x06D3, 0x062B,
0x06D6, 0x062C,
0x86D6, 0x062C,
0x86DB, 0x0630,
0x06D6, 0x062C,
0x06CF, 0x0627,
0x86CF, 0x0627,
0x86D3, 0x062B,
0x06CF, 0x0627,
0x06DA, 0x0633,
0x86DA, 0x0633,
0x86DE, 0x0637,
0x06DA, 0x0633,
0x06D7, 0x0625,
0x86D7, 0x0625,
0x86DB, 0x0629,
0x06D7, 0x0625,
0x06DE, 0x0634,
0x86DE, 0x0634,
0x86E2, 0x0638,
0x06DE, 0x0634,
0x06D8, 0x061B,
0x86D8, 0x061B,
0x86DC, 0x061F,
0x06D8, 0x061B,
0x06E1, 0x0637,
0x86E1, 0x0637,
0x86E5, 0x063B,
0x06E1, 0x0637,
0x06DF, 0x0630,
0x86DF, 0x0630,
0x86E3, 0x0634,
0x06DF, 0x0630,
0x06C2, 0x061C,
0x86C2, 0x061C,
0x86C6, 0x0620,
0x06C2, 0x061C,
0x06C1, 0x0617,
0x86C1, 0x0617,
0x86C6, 0x061B,
0x06C1, 0x0617,
0x06BE, 0x0612,
0x86BE, 0x0612,
0x86C3, 0x0617,
0x06BE, 0x0612,
0x06C0, 0x0620,
0x86C0, 0x0620,
0x86C4, 0x0624,
0x06C0, 0x0620,
0x06C0, 0x061D,
0x86C0, 0x061D,
0x86C4, 0x0621,
0x06C0, 0x061D,
0x06C1, 0x05F5,
0x86C1, 0x05F5,
0x86C5, 0x05F9,
0x06C1, 0x05F5,
0x06C8, 0x05F5,
0x86C8, 0x05F5,
0x86CC, 0x05F9,
0x06C8, 0x05F5,
0x06C7, 0x05F3,
0x86C7, 0x05F3,
0x86CB, 0x05F7,
0x06C7, 0x05F3,
0x06CC, 0x05F0,
0x86CC, 0x05F0,
0x86D1, 0x05F4,
0x06CC, 0x05F0,
0x06CF, 0x05EC,
0x86CF, 0x05EC,
0x86D4, 0x05F0,
0x06CF, 0x05EC,
0x06A7, 0x05FD,
0x86A7, 0x05FD,
0x86AB, 0x0601,
0x06A7, 0x05FD,
0x06AC, 0x0607,
0x86AC, 0x0607,
0x86B0, 0x060B,
0x06AC, 0x0607,
0x06AF, 0x0612,
0x86AF, 0x0612,
0x86B3, 0x0616,
0x06AF, 0x0612,
0x06A9, 0x0612,
0x86A9, 0x0612,
0x86AD, 0x0616,
0x06A9, 0x0612,
0x06B0, 0x0607,
0x86B0, 0x0607,
0x86B4, 0x060B,
0x06B0, 0x0607,
0x06B0, 0x0612,
0x86B0, 0x0612,
0x86B4, 0x0616,
0x06B0, 0x0612,
0x06DC, 0x05EA,
0x86DC, 0x05EA,
0x86E0, 0x05EE,
0x06DC, 0x05EA,
0x06DC, 0x05F4,
0x86DC, 0x05F4,
0x86E0, 0x05F9,
0x06DC, 0x05F4,
0x06DB, 0x05F5,
0x86DB, 0x05F5,
0x86E0, 0x05F9,
0x06DB, 0x05F5,
0x06E3, 0x05EF,
0x86E3, 0x05EF,
0x86E7, 0x05F3,
0x06E3, 0x05EF,
0x06DF, 0x05E7,
0x86DF, 0x05E7,
0x86E3, 0x05EC,
0x06DF, 0x05E7,
0x06DE, 0x05E1,
0x86DE, 0x05E1,
0x86E3, 0x05E5,
0x06DE, 0x05E1,
0x06DB, 0x05EB,
0x86DB, 0x05EB,
0x86E0, 0x05EF,
0x06DB, 0x05EB,
0x06E0, 0x05EE,
0x86E0, 0x05EE,
0x86E5, 0x05F2,
0x06E0, 0x05EE,
0x06DC, 0x05E5,
0x86DC, 0x05E5,
0x86E0, 0x05EA,
0x06DC, 0x05E5,
0x06D7, 0x05E7,
0x86D7, 0x05E7,
0x86DB, 0x05EB,
0x06D7, 0x05E7,
0x06D9, 0x05ED,
0x86D9, 0x05ED,
0x86DD, 0x05F1,
0x06D9, 0x05ED,
0x071C, 0x05B2,
0x871C, 0x05B2,
0x8720, 0x05B6,
0x071C, 0x05B2,
0x071E, 0x05B1,
0x871E, 0x05B1,
0x8722, 0x05B5,
0x071E, 0x05B1,
0x06FC, 0x05CA,
0x86FC, 0x05CA,
0x8700, 0x05CF,
0x06FC, 0x05CA,
0x06FD, 0x05C9,
0x86FD, 0x05C9,
0x8701, 0x05CD,
0x06FD, 0x05C9,
0x0700, 0x05C9,
0x8700, 0x05C9,
0x8704, 0x05CD,
0x0700, 0x05C9,
0x070B, 0x05C1,
0x870B, 0x05C1,
0x870F, 0x05C5,
0x070B, 0x05C1,
0x0708, 0x05C0,
0x8708, 0x05C0,
0x870C, 0x05C4,
0x0708, 0x05C0,
0x06F7, 0x05CE,
0x86F7, 0x05CE,
0x86FC, 0x05D2,
0x06F7, 0x05CE,
0x06CA, 0x068D,
0x86CA, 0x068D,
0x86CF, 0x0691,
0x06CA, 0x068D,
0x06C7, 0x0687,
0x86C7, 0x0687,
0x86CB, 0x068B,
0x06C7, 0x0687,
0x06C1, 0x0681,
0x86C1, 0x0681,
0x86C6, 0x0685,
0x06C1, 0x0681,
0x06C5, 0x0685,
0x86C5, 0x0685,
0x86C9, 0x0689,
0x06C5, 0x0685,
0x06BF, 0x0689,
0x86BF, 0x0689,
0x86C3, 0x068E,
0x06BF, 0x0689,
0x06BE, 0x0683,
0x86BE, 0x0683,
0x86C2, 0x0687,
0x06BE, 0x0683,
0x06C0, 0x0681,
0x86C0, 0x0681,
0x86C4, 0x0685,
0x06C0, 0x0681,
0x06B9, 0x0687,
0x86B9, 0x0687,
0x86BD, 0x068B,
0x06B9, 0x0687,
0x06BA, 0x067F,
0x86BA, 0x067F,
0x86BE, 0x0683,
0x06BA, 0x067F,
0x06BA, 0x0681,
0x86BA, 0x0681,
0x86BE, 0x0685,
0x06BA, 0x0681,
0x06B8, 0x068D,
0x86B8, 0x068D,
0x86BC, 0x0691,
0x06B8, 0x068D,
0x06AD, 0x065D,
0x86AD, 0x065D,
0x86B2, 0x0661,
0x06AD, 0x065D,
0x06B3, 0x066D,
0x86B3, 0x066D,
0x86B7, 0x0671,
0x06B3, 0x066D,
0x06AF, 0x065D,
0x86AF, 0x065D,
0x86B3, 0x0661,
0x06AF, 0x065D,
0x06AB, 0x065E,
0x86AB, 0x065E,
0x86AF, 0x0662,
0x06AB, 0x065E,
0x06AA, 0x064B,
0x86AA, 0x064B,
0x86AE, 0x064F,
0x06AA, 0x064B,
0x06A8, 0x0647,
0x86A8, 0x0647,
0x86AC, 0x064B,
0x06A8, 0x0647,
0x06A8, 0x0647,
0x86A8, 0x0647,
0x86AC, 0x064B,
0x06A8, 0x0647,
0x06A8, 0x0644,
0x86A8, 0x0644,
0x86AC, 0x0648,
0x06A8, 0x0644,
0x06A9, 0x0649,
0x86A9, 0x0649,
0x86AD, 0x064D,
0x06A9, 0x0649,
0x06A6, 0x0659,
0x86A6, 0x0659,
0x86AA, 0x065D,
0x06A6, 0x0659,
0x06A6, 0x065A,
0x86A6, 0x065A,
0x86AA, 0x065E,
0x06A6, 0x065A,
0x06A6, 0x065E,
0x86A6, 0x065E,
0x86AA, 0x0662,
0x06A6, 0x065E,
0x06A6, 0x064D,
0x86A6, 0x064D,
0x86AA, 0x0652,
0x06A6, 0x064D,
0x06A5, 0x065A,
0x86A5, 0x065A,
0x86A9, 0x065F,
0x06A5, 0x065A,
0x06A6, 0x0652,
0x86A6, 0x0652,
0x86AA, 0x0656,
0x06A6, 0x0652,
0x06A5, 0x060C,
0x86A5, 0x060C,
0x86AA, 0x0610,
0x06A5, 0x060C,
0x069F, 0x0603,
0x869F, 0x0603,
0x86A3, 0x0607,
0x069F, 0x0603,
0x0699, 0x05ED,
0x8699, 0x05ED,
0x869D, 0x05F1,
0x0699, 0x05ED,
0x06A2, 0x0694,
0x86A2, 0x0694,
0x86A6, 0x0698,
0x06A2, 0x0694,
0x06A8, 0x065C,
0x86A8, 0x065C,
0x86AC, 0x0660,
0x06A8, 0x065C,
0x06A3, 0x0654,
0x86A3, 0x0654,
0x86A7, 0x0659,
0x06A3, 0x0654,
0x06A9, 0x0672,
0x86A9, 0x0672,
0x86AD, 0x0677,
0x06A9, 0x0672,
0x06A6, 0x0682,
0x86A6, 0x0682,
0x86AB, 0x0687,
0x06A6, 0x0682,
0x0699, 0x0644,
0x8699, 0x0644,
0x869D, 0x0648,
0x0699, 0x0644,
0x069C, 0x065E,
0x869C, 0x065E,
0x86A0, 0x0662,
0x069C, 0x065E,
0x0697, 0x0657,
0x8697, 0x0657,
0x869B, 0x065B,
0x0697, 0x0657,
0x0667, 0x0699,
0x8667, 0x0699,
0x866B, 0x069D,
0x0667, 0x0699,
0x0668, 0x0696,
0x8668, 0x0696,
0x866C, 0x069A,
0x0668, 0x0696,
0x0681, 0x0673,
0x8681, 0x0673,
0x8685, 0x0677,
0x0681, 0x0673,
0x0683, 0x0661,
0x8683, 0x0661,
0x8687, 0x0665,
0x0683, 0x0661,
0x067C, 0x0683,
0x867C, 0x0683,
0x8680, 0x0687,
0x067C, 0x0683,
0x0679, 0x0684,
0x8679, 0x0684,
0x867D, 0x0688,
0x0679, 0x0684,
0x0674, 0x069C,
0x8674, 0x069C,
0x8678, 0x06A0,
0x0674, 0x069C,
0x068A, 0x065D,
0x868A, 0x065D,
0x868E, 0x0662,
0x068A, 0x065D,
0x0680, 0x0669,
0x8680, 0x0669,
0x8685, 0x066D,
0x0680, 0x0669,
0x068B, 0x0689,
0x868B, 0x0689,
0x868F, 0x068D,
0x068B, 0x0689,
0x0689, 0x0673,
0x8689, 0x0673,
0x868D, 0x0677,
0x0689, 0x0673,
0x0689, 0x0689,
0x8689, 0x0689,
0x868D, 0x068E,
0x0689, 0x0689,
0x068E, 0x0671,
0x868E, 0x0671,
0x8692, 0x0675,
0x068E, 0x0671,
0x068D, 0x067B,
0x868D, 0x067B,
0x8691, 0x067F,
0x068D, 0x067B,
0x0690, 0x0676,
0x8690, 0x0676,
0x8694, 0x067A,
0x0690, 0x0676,
0x068A, 0x0676,
0x868A, 0x0676,
0x868E, 0x067A,
0x068A, 0x0676,
0x068D, 0x05C3,
0x868D, 0x05C3,
0x8691, 0x05C7,
0x068D, 0x05C3,
0x068B, 0x05C3,
0x868B, 0x05C3,
0x868F, 0x05C7,
0x068B, 0x05C3,
0x068A, 0x05C4,
0x868A, 0x05C4,
0x868E, 0x05C8,
0x068A, 0x05C4,
0x0675, 0x05D6,
0x8675, 0x05D6,
0x8679, 0x05DA,
0x0675, 0x05D6,
0x0671, 0x05D6,
0x8671, 0x05D6,
0x8675, 0x05DA,
0x0671, 0x05D6,
0x0672, 0x05D4,
0x8672, 0x05D4,
0x8676, 0x05D8,
0x0672, 0x05D4,
0x0671, 0x05D4,
0x8671, 0x05D4,
0x8675, 0x05D8,
0x0671, 0x05D4,
0x067D, 0x05D1,
0x867D, 0x05D1,
0x8681, 0x05D5,
0x067D, 0x05D1,
0x064C, 0x05EE,
0x864C, 0x05EE,
0x8650, 0x05F2,
0x064C, 0x05EE,
0x0653, 0x05EF,
0x8653, 0x05EF,
0x8658, 0x05F3,
0x0653, 0x05EF,
0x0654, 0x05EE,
0x8654, 0x05EE,
0x8658, 0x05F2,
0x0654, 0x05EE,
0x065D, 0x05E7,
0x865D, 0x05E7,
0x8661, 0x05EB,
0x065D, 0x05E7,
0x065C, 0x05E6,
0x865C, 0x05E6,
0x8660, 0x05EA,
0x065C, 0x05E6,
0x0665, 0x05DF,
0x8665, 0x05DF,
0x8669, 0x05E3,
0x0665, 0x05DF,
0x0647, 0x0662,
0x8647, 0x0662,
0x864B, 0x0666,
0x0647, 0x0662,
0x064F, 0x0660,
0x864F, 0x0660,
0x8653, 0x0665,
0x064F, 0x0660,
0x0650, 0x0661,
0x8650, 0x0661,
0x8654, 0x0665,
0x0650, 0x0661,
0x065E, 0x0657,
0x865E, 0x0657,
0x8662, 0x065B,
0x065E, 0x0657,
0x0659, 0x065F,
0x8659, 0x065F,
0x865D, 0x0663,
0x0659, 0x065F,
0x064D, 0x0660,
0x864D, 0x0660,
0x8651, 0x0664,
0x064D, 0x0660,
0x0648, 0x0664,
0x8648, 0x0664,
0x864C, 0x0669,
0x0648, 0x0664,
0x0653, 0x0660,
0x8653, 0x0660,
0x8657, 0x0664,
0x0653, 0x0660,
0x0656, 0x0669,
0x8656, 0x0669,
0x865A, 0x066E,
0x0656, 0x0669,
0x0657, 0x0665,
0x8657, 0x0665,
0x865B, 0x0669,
0x0657, 0x0665,
0x0663, 0x065F,
0x8663, 0x065F,
0x8667, 0x0663,
0x0663, 0x065F,
0x065E, 0x065F,
0x865E, 0x065F,
0x8663, 0x0663,
0x065E, 0x065F,
0x066A, 0x065B,
0x866A, 0x065B,
0x866E, 0x065F,
0x066A, 0x065B,
0x065D, 0x0666,
0x865D, 0x0666,
0x8661, 0x066A,
0x065D, 0x0666,
0x066A, 0x0659,
0x866A, 0x0659,
0x866E, 0x065D,
0x066A, 0x0659,
0x065F, 0x0668,
0x865F, 0x0668,
0x8663, 0x066C,
0x065F, 0x0668,
0x066D, 0x0665,
0x866D, 0x0665,
0x8671, 0x066A,
0x066D, 0x0665,
0x065A, 0x067D,
0x865A, 0x067D,
0x865E, 0x0681,
0x065A, 0x067D,
0x0666, 0x0673,
0x8666, 0x0673,
0x866A, 0x0677,
0x0666, 0x0673,
0x0662, 0x067D,
0x8662, 0x067D,
0x8666, 0x0681,
0x0662, 0x067D,
0x0666, 0x066E,
0x8666, 0x066E,
0x866A, 0x0672,
0x0666, 0x066E,
0x0652, 0x0655,
0x8652, 0x0655,
0x8656, 0x0659,
0x0652, 0x0655,
0x0655, 0x0654,
0x8655, 0x0654,
0x8659, 0x0658,
0x0655, 0x0654,
0x0659, 0x0651,
0x8659, 0x0651,
0x865D, 0x0655,
0x0659, 0x0651,
0x0656, 0x0653,
0x8656, 0x0653,
0x865A, 0x0657,
0x0656, 0x0653,
0x0647, 0x0654,
0x8647, 0x0654,
0x864B, 0x0658,
0x0647, 0x0654,
0x064B, 0x0653,
0x864B, 0x0653,
0x864F, 0x0657,
0x064B, 0x0653,
0x0649, 0x064C,
0x8649, 0x064C,
0x864D, 0x0650,
0x0649, 0x064C,
0x0643, 0x0650,
0x8643, 0x0650,
0x8647, 0x0654,
0x0643, 0x0650,
0x063F, 0x0650,
0x863F, 0x0650,
0x8643, 0x0654,
0x063F, 0x0650,
0x0647, 0x0649,
0x8647, 0x0649,
0x864B, 0x064D,
0x0647, 0x0649,
0x0644, 0x064C,
0x8644, 0x064C,
0x8648, 0x0650,
0x0644, 0x064C,
0x063F, 0x0644,
0x863F, 0x0644,
0x8643, 0x0649,
0x063F, 0x0644,
0x0636, 0x0649,
0x8636, 0x0649,
0x863A, 0x064D,
0x0636, 0x0649,
0x0645, 0x0645,
0x8645, 0x0645,
0x8649, 0x064A,
0x0645, 0x0645,
0x063A, 0x0645,
0x863A, 0x0645,
0x863E, 0x0649,
0x063A, 0x0645,
0x063B, 0x0645,
0x863B, 0x0645,
0x863F, 0x0649,
0x063B, 0x0645,
0x0633, 0x0643,
0x8633, 0x0643,
0x8637, 0x0647,
0x0633, 0x0643,
0x0635, 0x0645,
0x8635, 0x0645,
0x8639, 0x0649,
0x0635, 0x0645,
0x062C, 0x0600,
0x862C, 0x0600,
0x8630, 0x0604,
0x062C, 0x0600,
0x0632, 0x05F9,
0x8632, 0x05F9,
0x8636, 0x05FD,
0x0632, 0x05F9,
0x063E, 0x05F7,
0x863E, 0x05F7,
0x8642, 0x05FB,
0x063E, 0x05F7,
0x0645, 0x05F5,
0x8645, 0x05F5,
0x8649, 0x05F9,
0x0645, 0x05F5,
0x0648, 0x05F4,
0x8648, 0x05F4,
0x864C, 0x05F8,
0x0648, 0x05F4,
0x064B, 0x05F1,
0x864B, 0x05F1,
0x8650, 0x05F5,
0x064B, 0x05F1,
0x0632, 0x063F,
0x8632, 0x063F,
0x8636, 0x0643,
0x0632, 0x063F,
0x062E, 0x063E,
0x862E, 0x063E,
0x8632, 0x0643,
0x062E, 0x063E,
0x0628, 0x063F,
0x8628, 0x063F,
0x862C, 0x0643,
0x0628, 0x063F,
0x062E, 0x063B,
0x862E, 0x063B,
0x8632, 0x063F,
0x062E, 0x063B,
0x0626, 0x063B,
0x8626, 0x063B,
0x862A, 0x063F,
0x0626, 0x063B,
0x0625, 0x063C,
0x8625, 0x063C,
0x8629, 0x0640,
0x0625, 0x063C,
0x0627, 0x0639,
0x8627, 0x0639,
0x862B, 0x063D,
0x0627, 0x0639,
0x0621, 0x0636,
0x8621, 0x0636,
0x8626, 0x063B,
0x0621, 0x0636,
0x0622, 0x0637,
0x8622, 0x0637,
0x8626, 0x063B,
0x0622, 0x0637,
0x05D7, 0x0613,
0x85D7, 0x0613,
0x85DB, 0x0617,
0x05D7, 0x0613,
0x05D3, 0x060C,
0x85D3, 0x060C,
0x85D7, 0x0610,
0x05D3, 0x060C,
0x05DB, 0x0613,
0x85DB, 0x0613,
0x85E0, 0x0617,
0x05DB, 0x0613,
0x05D9, 0x0611,
0x85D9, 0x0611,
0x85DD, 0x0615,
0x05D9, 0x0611,
0x05D4, 0x0609,
0x85D4, 0x0609,
0x85D8, 0x060D,
0x05D4, 0x0609,
0x05D5, 0x060E,
0x85D5, 0x060E,
0x85DA, 0x0613,
0x05D5, 0x060E,
0x05CA, 0x0607,
0x85CA, 0x0607,
0x85CE, 0x060B,
0x05CA, 0x0607,
0x05D5, 0x060F,
0x85D5, 0x060F,
0x85D9, 0x0613,
0x05D5, 0x060F,
0x05CC, 0x0608,
0x85CC, 0x0608,
0x85D0, 0x060C,
0x05CC, 0x0608,
0x05ED, 0x0616,
0x85ED, 0x0616,
0x85F1, 0x061A,
0x05ED, 0x0616,
0x05ED, 0x0611,
0x85ED, 0x0611,
0x85F2, 0x0615,
0x05ED, 0x0611,
0x05F8, 0x0620,
0x85F8, 0x0620,
0x85FC, 0x0624,
0x05F8, 0x0620,
0x05FC, 0x0621,
0x85FC, 0x0621,
0x8600, 0x0625,
0x05FC, 0x0621,
0x05F4, 0x0617,
0x85F4, 0x0617,
0x85F8, 0x061B,
0x05F4, 0x0617,
0x05FE, 0x0624,
0x85FE, 0x0624,
0x8602, 0x0628,
0x05FE, 0x0624,
0x0605, 0x061D,
0x8605, 0x061D,
0x8609, 0x0621,
0x0605, 0x061D,
0x05FB, 0x061C,
0x85FB, 0x061C,
0x8600, 0x0621,
0x05FB, 0x061C,
0x060D, 0x062B,
0x860D, 0x062B,
0x8612, 0x062F,
0x060D, 0x062B,
0x0604, 0x061A,
0x8604, 0x061A,
0x8608, 0x061E,
0x0604, 0x061A,
0x05FD, 0x061B,
0x85FD, 0x061B,
0x8601, 0x061F,
0x05FD, 0x061B,
0x0612, 0x062C,
0x8612, 0x062C,
0x8616, 0x0630,
0x0612, 0x062C,
0x0612, 0x062C,
0x8612, 0x062C,
0x8616, 0x0630,
0x0612, 0x062C,
0x0611, 0x062B,
0x8611, 0x062B,
0x8615, 0x062F,
0x0611, 0x062B,
0x0616, 0x061E,
0x8616, 0x061E,
0x861B, 0x0622,
0x0616, 0x061E,
0x0613, 0x061F,
0x8613, 0x061F,
0x8617, 0x0623,
0x0613, 0x061F,
0x0616, 0x0620,
0x8616, 0x0620,
0x861A, 0x0624,
0x0616, 0x0620,
0x0618, 0x061A,
0x8618, 0x061A,
0x861C, 0x061F,
0x0618, 0x061A,
0x05CB, 0x060F,
0x85CB, 0x060F,
0x85CF, 0x0613,
0x05CB, 0x060F,
0x05C8, 0x0610,
0x85C8, 0x0610,
0x85CC, 0x0614,
0x05C8, 0x0610,
0x05D5, 0x0615,
0x85D5, 0x0615,
0x85D9, 0x0619,
0x05D5, 0x0615,
0x05ED, 0x05FB,
0x85ED, 0x05FB,
0x85F1, 0x05FF,
0x05ED, 0x05FB,
0x05E7, 0x05F8,
0x85E7, 0x05F8,
0x85EC, 0x05FC,
0x05E7, 0x05F8,
0x05D1, 0x05D8,
0x85D1, 0x05D8,
0x85D5, 0x05DC,
0x05D1, 0x05D8,
0x05D1, 0x05E4,
0x85D1, 0x05E4,
0x85D5, 0x05E8,
0x05D1, 0x05E4,
0x05CF, 0x05DA,
0x85CF, 0x05DA,
0x85D3, 0x05DE,
0x05CF, 0x05DA,
0x05CE, 0x05E3,
0x85CE, 0x05E3,
0x85D2, 0x05E7,
0x05CE, 0x05E3,
0x05CE, 0x05D3,
0x85CE, 0x05D3,
0x85D2, 0x05D7,
0x05CE, 0x05D3,
0x05D6, 0x05E7,
0x85D6, 0x05E7,
0x85DA, 0x05EB,
0x05D6, 0x05E7,
0x05CD, 0x05DF,
0x85CD, 0x05DF,
0x85D1, 0x05E3,
0x05CD, 0x05DF,
0x05D2, 0x05E8,
0x85D2, 0x05E8,
0x85D7, 0x05EC,
0x05D2, 0x05E8,
0x05CB, 0x05DF,
0x85CB, 0x05DF,
0x85CF, 0x05E3,
0x05CB, 0x05DF,
0x05CB, 0x05EB,
0x85CB, 0x05EB,
0x85CF, 0x05EF,
0x05CB, 0x05EB,
0x05CB, 0x05E3,
0x85CB, 0x05E3,
0x85CF, 0x05E7,
0x05CB, 0x05E3,
0x05CD, 0x05F7,
0x85CD, 0x05F7,
0x85D1, 0x05FB,
0x05CD, 0x05F7,
0x05CD, 0x05F9,
0x85CD, 0x05F9,
0x85D1, 0x05FD,
0x05CD, 0x05F9,
0x05CA, 0x05F5,
0x85CA, 0x05F5,
0x85CE, 0x05F9,
0x05CA, 0x05F5,
0x05D8, 0x05E3,
0x85D8, 0x05E3,
0x85DC, 0x05E7,
0x05D8, 0x05E3,
0x05D7, 0x05E2,
0x85D7, 0x05E2,
0x85DB, 0x05E6,
0x05D7, 0x05E2,
0x05D6, 0x05D5,
0x85D6, 0x05D5,
0x85DA, 0x05D9,
0x05D6, 0x05D5,
0x05D5, 0x05D6,
0x85D5, 0x05D6,
0x85D9, 0x05DA,
0x05D5, 0x05D6,
0x05D5, 0x05D2,
0x85D5, 0x05D2,
0x85D9, 0x05D6,
0x05D5, 0x05D2,
0x05D9, 0x05E3,
0x85D9, 0x05E3,
0x85DD, 0x05E7,
0x05D9, 0x05E3
};

const unsigned short draw_3[] PROGMEM = {
0x09E4, 0x0578,
0x89E4, 0x0578,
0x89EC, 0x0579,
0x89F2, 0x0580,
0x89F3, 0x0588,
0x89F4, 0x0590,
0x89F5, 0x0598,
0x89F4, 0x05A1,
0x89F3, 0x05A9,
0x89F3, 0x05B2,
0x89F3, 0x05BA,
0x89F3, 0x05C2,
0x89F3, 0x05CB,
0x89F1, 0x05D3,
0x89F2, 0x05DA,
0x89EF, 0x05E2,
0x89F0, 0x05EA,
0x89F3, 0x05F1,
0x89F4, 0x05F9,
0x89F5, 0x0602,
0x89F5, 0x060A,
0x89F9, 0x0611,
0x89FA, 0x061A,
0x89FB, 0x0622,
0x89FE, 0x062A,
0x89FF, 0x0632,
0x89FF, 0x063A,
0x8A01, 0x0642,
0x8A05, 0x0649,
0x8A06, 0x0652,
0x8A09, 0x0659,
0x8A0C, 0x0661,
0x8A0C, 0x066A,
0x8A0F, 0x0671,
0x8A04, 0x0674,
0x8A01, 0x066C,
0x89FD, 0x0665,
0x89FA, 0x065D,
0x89F8, 0x0655,
0x89F3, 0x0650,
0x89F2, 0x0647,
0x89F1, 0x063F,
0x89EF, 0x0637,
0x89EE, 0x062F,
0x89EF, 0x0627,
0x89EB, 0x0623,
0x89EA, 0x0623,
0x89EA, 0x062B,
0x89E9, 0x0633,
0x89E8, 0x063B,
0x89E8, 0x0644,
0x89E8, 0x064C,
0x89E6, 0x0653,
0x89E2, 0x065B,
0x89E1, 0x0663,
0x89DE, 0x066B,
0x89DC, 0x0672,
0x89D9, 0x0679,
0x89D9, 0x0681,
0x89E0, 0x0682,
0x89E8, 0x067F,
0x89F0, 0x067F,
0x89F8, 0x067D,
0x89FE, 0x067A,
0x8A04, 0x0674,
0x8A0F, 0x0671,
0x8A16, 0x0675,
0x8A18, 0x067D,
0x8A15, 0x0685,
0x8A0D, 0x0687,
0x8A05, 0x0689,
0x89FE, 0x068C,
0x89F5, 0x068D,
0x89EE, 0x0691,
0x89E7, 0x0693,
0x89DE, 0x0692,
0x89D5, 0x0693,
0x89CD, 0x0692,
0x89C4, 0x0693,
0x89BD, 0x0690,
0x89BC, 0x0688,
0x89C2, 0x0682,
0x89C9, 0x067E,
0x89CD, 0x0676,
0x89CE, 0x066E,
0x89CF, 0x0666,
0x89C9, 0x0661,
0x89C0, 0x0661,
0x89B8, 0x0662,
0x89B1, 0x065F,
0x89AA, 0x065A,
0x89A3, 0x0657,
0x899A, 0x0656,
0x8991, 0x0656,
0x8989, 0x0656,
0x8982, 0x0653,
0x897A, 0x0650,
0x8972, 0x064D,
0x896A, 0x064D,
0x8961, 0x064D,
0x8959, 0x064D,
0x8951, 0x064D,
0x8949, 0x064A,
0x8942, 0x0645,
0x893A, 0x0645,
0x8931, 0x0645,
0x8929, 0x0645,
0x8920, 0x0645,
0x8918, 0x0645,
0x890F, 0x0645,
0x8907, 0x0645,
0x88FF, 0x0644,
0x88F7, 0x0641,
0x88EF, 0x0641,
0x88E6, 0x0641,
0x88DE, 0x0641,
0x88D5, 0x0641,
0x88CD, 0x0642,
0x88C5, 0x0645,
0x88BF, 0x064A,
0x88B7, 0x064C,
0x88AF, 0x0651,
0x88A9, 0x0656,
0x88A1, 0x0658,
0x889A, 0x065D,
0x8894, 0x0663,
0x888E, 0x0668,
0x8886, 0x0666,
0x8882, 0x065F,
0x8883, 0x0658,
0x8886, 0x064F,
0x8886, 0x0647,
0x887E, 0x0645,
0x8875, 0x0645,
0x886E, 0x0643,
0x8866, 0x0641,
0x885D, 0x0642,
0x8856, 0x063F,
0x884D, 0x063E,
0x884F, 0x062F,
0x8857, 0x062F,
0x8860, 0x062F,
0x8868, 0x0631,
0x8870, 0x0631,
0x8878, 0x0632,
0x8881, 0x0632,
0x8889, 0x0631,
0x888C, 0x0629,
0x888D, 0x0621,
0x8891, 0x061A,
0x889D, 0x0623,
0x889D, 0x062A,
0x889F, 0x0631,
0x88A1, 0x0638,
0x88A7, 0x063D,
0x88AE, 0x063C,
0x88B5, 0x063A,
0x88BB, 0x0635,
0x88C2, 0x0631,
0x88C5, 0x062C,
0x88BF, 0x0627,
0x88BA, 0x0621,
0x88B4, 0x061C,
0x88AE, 0x0619,
0x88A7, 0x0614,
0x88A4, 0x0615,
0x88A0, 0x061C,
0x889D, 0x0623,
0x8891, 0x061A,
0x8892, 0x0611,
0x8895, 0x0609,
0x8896, 0x0601,
0x8898, 0x05F9,
0x8898, 0x05F0,
0x8898, 0x05E8,
0x8898, 0x05E0,
0x8897, 0x05D8,
0x8896, 0x05D0,
0x8890, 0x05C9,
0x888E, 0x05CA,
0x8886, 0x05CE,
0x887E, 0x05CE,
0x8876, 0x05D0,
0x886F, 0x05D0,
0x8867, 0x05CE,
0x885F, 0x05D1,
0x8857, 0x05D2,
0x884E, 0x05D2,
0x8846, 0x05D2,
0x883E, 0x05D4,
0x8836, 0x05D4,
0x882D, 0x05D4,
0x8825, 0x05D4,
0x881C, 0x05D3,
0x8814, 0x05D4,
0x880C, 0x05D4,
0x8803, 0x05D4,
0x87FB, 0x05D5,
0x87F5, 0x05DA,
0x87EC, 0x05DB,
0x87E4, 0x05DD,
0x87DC, 0x05DF,
0x87D5, 0x05E3,
0x87CE, 0x05E7,
0x87C8, 0x05ED,
0x87C4, 0x05F4,
0x87C0, 0x05FB,
0x87C6, 0x0601,
0x87CC, 0x0607,
0x87D3, 0x060C,
0x87DA, 0x0611,
0x87E1, 0x0615,
0x87E8, 0x061B,
0x87EE, 0x0621,
0x87E1, 0x062A,
0x87DB, 0x0627,
0x87D4, 0x0621,
0x87CE, 0x061E,
0x87C7, 0x061A,
0x87C0, 0x0618,
0x87C0, 0x0618,
0x87BE, 0x0620,
0x87BD, 0x0628,
0x87BE, 0x0630,
0x87BF, 0x0638,
0x87BE, 0x0640,
0x87C0, 0x0647,
0x87C8, 0x0647,
0x87CF, 0x0644,
0x87D6, 0x0642,
0x87DC, 0x063D,
0x87E0, 0x0636,
0x87E5, 0x0630,
0x87E1, 0x062A,
0x87EE, 0x0621,
0x87F5, 0x0625,
0x87FD, 0x0627,
0x8804, 0x062A,
0x880D, 0x062A,
0x8815, 0x062B,
0x881C, 0x062F,
0x8825, 0x062F,
0x882D, 0x062E,
0x8835, 0x062F,
0x883E, 0x062F,
0x8846, 0x062F,
0x884F, 0x062F,
0x884D, 0x063E,
0x8845, 0x063F,
0x883D, 0x0641,
0x8835, 0x0642,
0x882D, 0x0640,
0x8825, 0x0641,
0x881D, 0x063F,
0x8815, 0x063F,
0x880C, 0x0641,
0x8805, 0x0641,
0x87FD, 0x0645,
0x87F5, 0x0643,
0x87ED, 0x0646,
0x87E7, 0x064B,
0x87E1, 0x0650,
0x87DB, 0x0657,
0x87D3, 0x0658,
0x87CB, 0x065A,
0x87C9, 0x0662,
0x87C4, 0x0668,
0x87BD, 0x066C,
0x87B7, 0x0672,
0x87B0, 0x0675,
0x87AA, 0x0670,
0x87A9, 0x0667,
0x87A5, 0x0660,
0x87A8, 0x065A,
0x87AA, 0x0652,
0x87AA, 0x0648,
0x87AA, 0x0640,
0x87A9, 0x0638,
0x87AA, 0x062F,
0x87AA, 0x0627,
0x87AA, 0x061E,
0x87AB, 0x0616,
0x87A8, 0x060F,
0x87A4, 0x0608,
0x87A4, 0x0600,
0x87A3, 0x05F8,
0x87A6, 0x05F0,
0x87AA, 0x05E8,
0x87AC, 0x05E1,
0x87AD, 0x05D8,
0x87AB, 0x05D0,
0x87A9, 0x05C8,
0x87AA, 0x05BF,
0x87AA, 0x05B7,
0x87B6, 0x05B6,
0x87B8, 0x05BD,
0x87B9, 0x05C5,
0x87BD, 0x05CB,
0x87BD, 0x05D3,
0x87C4, 0x05D4,
0x87C9, 0x05CF,
0x87D0, 0x05CD,
0x87D8, 0x05CA,
0x87DA, 0x05C5,
0x87D5, 0x05C0,
0x87CE, 0x05BC,
0x87C7, 0x05B9,
0x87C2, 0x05B4,
0x87BB, 0x05B0,
0x87BA, 0x05B0,
0x87B6, 0x05B6,
0x87AA, 0x05B7,
0x87AB, 0x05AF,
0x87A9, 0x05A6,
0x87A9, 0x059E,
0x87AA, 0x0596,
0x87A5, 0x058F,
0x87A5, 0x0587,
0x87AC, 0x0583,
0x87B3, 0x0587,
0x87B7, 0x058E,
0x87BB, 0x0595,
0x87C1, 0x059B,
0x87C7, 0x05A1,
0x87CD, 0x05A7,
0x87D4, 0x05AC,
0x87DB, 0x05B0,
0x87E2, 0x05B5,
0x87E8, 0x05BB,
0x87F0, 0x05BF,
0x87F8, 0x05C1,
0x8800, 0x05BF,
0x8808, 0x05BF,
0x8810, 0x05C1,
0x8818, 0x05C1,
0x8821, 0x05C1,
0x8829, 0x05C1,
0x8831, 0x05C1,
0x8839, 0x05BF,
0x8842, 0x05BE,
0x884A, 0x05BF,
0x8851, 0x05BC,
0x8859, 0x05B9,
0x8861, 0x05B9,
0x886A, 0x05B9,
0x8872, 0x05B9,
0x887B, 0x05BA,
0x8883, 0x05B8,
0x888A, 0x05B6,
0x888C, 0x05AE,
0x8887, 0x05A7,
0x8881, 0x05A1,
0x887B, 0x059C,
0x8876, 0x0595,
0x887B, 0x058E,
0x8882, 0x058B,
0x888A, 0x058C,
0x8890, 0x0591,
0x8896, 0x0597,
0x889E, 0x059A,
0x88A6, 0x059C,
0x88AE, 0x059F,
0x88B6, 0x059F,
0x88BD, 0x05A3,
0x88C4, 0x05A7,
0x88C2, 0x05B7,
0x88BA, 0x05B5,
0x88B3, 0x05B2,
0x88AB, 0x05B2,
0x88A3, 0x05B2,
0x88A3, 0x05B2,
0x88A2, 0x05B9,
0x88A6, 0x05C0,
0x88A6, 0x05C8,
0x88A8, 0x05D0,
0x88AC, 0x05D6,
0x88B4, 0x05D6,
0x88BA, 0x05D1,
0x88C0, 0x05CD,
0x88C6, 0x05C7,
0x88CD, 0x05C4,
0x88D5, 0x05C1,
0x88D1, 0x05BD,
0x88C9, 0x05BA,
0x88C2, 0x05B7,
0x88C4, 0x05A7,
0x88CB, 0x05AA,
0x88D3, 0x05AD,
0x88DC, 0x05AE,
0x88E4, 0x05AE,
0x88ED, 0x05AE,
0x88F5, 0x05AE,
0x88FE, 0x05AE,
0x8906, 0x05AE,
0x890E, 0x05AE,
0x8917, 0x05AC,
0x891E, 0x05A9,
0x8926, 0x05A7,
0x892E, 0x05A7,
0x8937, 0x05A7,
0x893E, 0x05A4,
0x8947, 0x05A2,
0x894F, 0x05A2,
0x8957, 0x059F,
0x895F, 0x059E,
0x8967, 0x059F,
0x896F, 0x059D,
0x8977, 0x059B,
0x897F, 0x059B,
0x8987, 0x0599,
0x898F, 0x0596,
0x8997, 0x0597,
0x8999, 0x05A6,
0x8992, 0x05AA,
0x8989, 0x05AB,
0x8981, 0x05AB,
0x8979, 0x05AC,
0x8972, 0x05B0,
0x8969, 0x05B2,
0x8961, 0x05B2,
0x8959, 0x05B4,
0x8952, 0x05B6,
0x8949, 0x05B6,
0x8941, 0x05B7,
0x893A, 0x05BB,
0x8931, 0x05BB,
0x8929, 0x05BC,
0x8921, 0x05BF,
0x8919, 0x05C2,
0x8912, 0x05C7,
0x890A, 0x05C7,
0x8902, 0x05C7,
0x88FA, 0x05C9,
0x88F2, 0x05CD,
0x88EB, 0x05D1,
0x88E3, 0x05D4,
0x88DB, 0x05D4,
0x88D5, 0x05D8,
0x88CD, 0x05DC,
0x88C7, 0x05E2,
0x88C0, 0x05E6,
0x88B9, 0x05EA,
0x88B2, 0x05EF,
0x88B1, 0x05F8,
0x88B2, 0x0600,
0x88B8, 0x0606,
0x88BE, 0x060A,
0x88C4, 0x0610,
0x88C9, 0x0617,
0x88CF, 0x061D,
0x88D5, 0x0623,
0x88DC, 0x0627,
0x88E4, 0x062A,
0x88EC, 0x062A,
0x88F5, 0x062A,
0x88FD, 0x062B,
0x8904, 0x062F,
0x890C, 0x0631,
0x8914, 0x0632,
0x891D, 0x0631,
0x8925, 0x0632,
0x892D, 0x0633,
0x8935, 0x0631,
0x893D, 0x0632,
0x8945, 0x0635,
0x894D, 0x0636,
0x8955, 0x0639,
0x895D, 0x063A,
0x8965, 0x063A,
0x896E, 0x063A,
0x8976, 0x063A,
0x897E, 0x063C,
0x8985, 0x0640,
0x898D, 0x0642,
0x8996, 0x0641,
0x899D, 0x0645,
0x89A5, 0x0647,
0x89AD, 0x0649,
0x89B6, 0x0649,
0x89BD, 0x064E,
0x89C5, 0x064D,
0x89CD, 0x064E,
0x89D3, 0x064A,
0x89D4, 0x0642,
0x89D3, 0x0639,
0x89D5, 0x0632,
0x89D8, 0x0629,
0x89D8, 0x0621,
0x89DA, 0x0619,
0x89DA, 0x0610,
0x89DA, 0x0608,
0x89DA, 0x0600,
0x89DE, 0x05F9,
0x89E0, 0x05F0,
0x89E0, 0x05E8,
0x89DE, 0x05E0,
0x89DC, 0x05D9,
0x89DF, 0x05D1,
0x89DF, 0x05C9,
0x89E0, 0x05C1,
0x89DF, 0x05B8,
0x89E0, 0x05B0,
0x89E0, 0x05A8,
0x89DB, 0x05A1,
0x89D3, 0x05A0,
0x89D3, 0x05A0,
0x89CB, 0x05A4,
0x89C3, 0x05A6,
0x89BA, 0x05A5,
0x89B2, 0x05A6,
0x89AA, 0x05A6,
0x89A1, 0x05A6,
0x8999, 0x05A6,
0x8997, 0x0597,
0x89A0, 0x0595,
0x89A7, 0x0593,
0x89AF, 0x0594,
0x89B8, 0x0592,
0x89BF, 0x058F,
0x89C7, 0x058C,
0x89CF, 0x058B,
0x89D7, 0x0589,
0x89DC, 0x0583,
0x89E0, 0x057B,
0x89E4, 0x0578,
0x09E4, 0x0578,
0x09F0, 0x0612,
0x89F0, 0x0612,
0x89F4, 0x0616,
0x09F0, 0x0612,
0x09FE, 0x0649,
0x89FE, 0x0649,
0x8A02, 0x064D,
0x09FE, 0x0649,
0x09FD, 0x0642,
0x89FD, 0x0642,
0x8A01, 0x0647,
0x09FD, 0x0642,
0x09F9, 0x0648,
0x89F9, 0x0648,
0x89FD, 0x064C,
0x09F9, 0x0648,
0x09F3, 0x0629,
0x89F3, 0x0629,
0x89F7, 0x062D,
0x09F3, 0x0629,
0x09F4, 0x062A,
0x89F4, 0x062A,
0x89F8, 0x062E,
0x09F4, 0x062A,
0x09F4, 0x0626,
0x89F4, 0x0626,
0x89F9, 0x062A,
0x09F4, 0x0626,
0x0A04, 0x0661,
0x8A04, 0x0661,
0x8A08, 0x0666,
0x0A04, 0x0661,
0x0A01, 0x065A,
0x8A01, 0x065A,
0x8A05, 0x065E,
0x0A01, 0x065A,
0x0A0F, 0x0679,
0x8A0F, 0x0679,
0x8A13, 0x067D,
0x0A0F, 0x0679,
0x0A0D, 0x067B,
0x8A0D, 0x067B,
0x8A11, 0x067F,
0x0A0D, 0x067B,
0x0A0C, 0x0679,
0x8A0C, 0x0679,
0x8A10, 0x067D,
0x0A0C, 0x0679,
0x09E2, 0x05F8,
0x89E2, 0x05F8,
0x89E6, 0x05FC,
0x09E2, 0x05F8,
0x09E7, 0x060D,
0x89E7, 0x060D,
0x89EB, 0x0611,
0x09E7, 0x060D,
0x09E1, 0x0614,
0x89E1, 0x0614,
0x89E5, 0x0618,
0x09E1, 0x0614,
0x09E1, 0x060A,
0x89E1, 0x060A,
0x89E5, 0x060E,
0x09E1, 0x060A,
0x09E2, 0x061D,
0x89E2, 0x061D,
0x89E7, 0x0621,
0x09E2, 0x061D,
0x09E3, 0x0622,
0x89E3, 0x0622,
0x89E7, 0x0626,
0x09E3, 0x0622,
0x09DE, 0x061C,
0x89DE, 0x061C,
0x89E2, 0x0620,
0x09DE, 0x061C,
0x09E6, 0x05BB,
0x89E6, 0x05BB,
0x89EA, 0x05BF,
0x09E6, 0x05BB,
0x09EB, 0x05BD,
0x89EB, 0x05BD,
0x89EF, 0x05C1,
0x09EB, 0x05BD,
0x09E8, 0x057B,
0x89E8, 0x057B,
0x89ED, 0x057F,
0x09E8, 0x057B,
0x09E9, 0x057F,
0x89E9, 0x057F,
0x89ED, 0x0583,
0x09E9, 0x057F,
0x09E4, 0x0584,
0x89E4, 0x0584,
0x89E8, 0x0588,
0x09E4, 0x0584,
0x09E3, 0x0597,
0x89E3, 0x0597,
0x89E7, 0x059B,
0x09E3, 0x0597,
0x09E7, 0x058E,
0x89E7, 0x058E,
0x89EB, 0x0592,
0x09E7, 0x058E,
0x09EE, 0x0592,
0x89EE, 0x0592,
0x89F2, 0x0596,
0x09EE, 0x0592,
0x09EE, 0x0590,
0x89EE, 0x0590,
0x89F2, 0x0594,
0x09EE, 0x0590,
0x09E4, 0x0597,
0x89E4, 0x0597,
0x89E8, 0x059B,
0x09E4, 0x0597,
0x09E4, 0x059B,
0x89E4, 0x059B,
0x89E8, 0x059F,
0x09E4, 0x059B,
0x09E8, 0x05AE,
0x89E8, 0x05AE,
0x89EC, 0x05B2,
0x09E8, 0x05AE,
0x09E4, 0x05B0,
0x89E4, 0x05B0,
0x89E8, 0x05B4,
0x09E4, 0x05B0,
0x09E0, 0x0634,
0x89E0, 0x0634,
0x89E4, 0x0639,
0x09E0, 0x0634,
0x09DF, 0x062F,
0x89DF, 0x062F,
0x89E3, 0x0633,
0x09DF, 0x062F,
0x09DC, 0x0640,
0x89DC, 0x0640,
0x89E1, 0x0645,
0x09DC, 0x0640,
0x09D8, 0x063E,
0x89D8, 0x063E,
0x89DC, 0x0642,
0x09D8, 0x063E,
0x09D8, 0x0659,
0x89D8, 0x0659,
0x89DC, 0x065D,
0x09D8, 0x0659,
0x09D8, 0x0651,
0x89D8, 0x0651,
0x89DC, 0x0655,
0x09D8, 0x0651,
0x09D7, 0x0646,
0x89D7, 0x0646,
0x89DB, 0x064A,
0x09D7, 0x0646,
0x09C8, 0x0592,
0x89C8, 0x0592,
0x89CC, 0x0596,
0x09C8, 0x0592,
0x09C5, 0x0592,
0x89C5, 0x0592,
0x89C9, 0x0596,
0x09C5, 0x0592,
0x09F7, 0x0684,
0x89F7, 0x0684,
0x89FB, 0x0689,
0x09F7, 0x0684,
0x09DB, 0x0688,
0x89DB, 0x0688,
0x89DF, 0x068C,
0x09DB, 0x0688,
0x09E0, 0x068B,
0x89E0, 0x068B,
0x89E4, 0x068F,
0x09E0, 0x068B,
0x09C7, 0x0658,
0x89C7, 0x0658,
0x89CB, 0x065C,
0x09C7, 0x0658,
0x09CA, 0x0659,
0x89CA, 0x0659,
0x89CF, 0x065D,
0x09CA, 0x0659,
0x09C5, 0x0685,
0x89C5, 0x0685,
0x89C9, 0x0689,
0x09C5, 0x0685,
0x09D0, 0x067C,
0x89D0, 0x067C,
0x89D4, 0x0681,
0x09D0, 0x067C,
0x09B9, 0x0597,
0x89B9, 0x0597,
0x89BD, 0x059B,
0x09B9, 0x0597,
0x09C0, 0x0599,
0x89C0, 0x0599,
0x89C4, 0x059D,
0x09C0, 0x0599,
0x09BE, 0x059B,
0x89BE, 0x059B,
0x89C2, 0x059F,
0x09BE, 0x059B,
0x09BF, 0x0597,
0x89BF, 0x0597,
0x89C3, 0x059B,
0x09BF, 0x0597,
0x09B9, 0x0652,
0x89B9, 0x0652,
0x89BD, 0x0656,
0x09B9, 0x0652,
0x09B3, 0x0650,
0x89B3, 0x0650,
0x89B7, 0x0654,
0x09B3, 0x0650,
0x09BF, 0x0657,
0x89BF, 0x0657,
0x89C3, 0x065B,
0x09BF, 0x0657,
0x09B2, 0x0650,
0x89B2, 0x0650,
0x89B6, 0x0654,
0x09B2, 0x0650,
0x09B5, 0x0650,
0x89B5, 0x0650,
0x89BA, 0x0654,
0x09B5, 0x0650,
0x09A3, 0x064B,
0x89A3, 0x064B,
0x89A7, 0x064F,
0x09A3, 0x064B,
0x09B0, 0x0656,
0x89B0, 0x0656,
0x89B4, 0x065A,
0x09B0, 0x0656,
0x09B1, 0x0659,
0x89B1, 0x0659,
0x89B6, 0x065E,
0x09B1, 0x0659,
0x09A6, 0x064E,
0x89A6, 0x064E,
0x89AA, 0x0652,
0x09A6, 0x064E,
0x09A9, 0x0653,
0x89A9, 0x0653,
0x89AD, 0x0657,
0x09A9, 0x0653,
0x09B2, 0x0659,
0x89B2, 0x0659,
0x89B6, 0x065D,
0x09B2, 0x0659,
0x0999, 0x064C,
0x8999, 0x064C,
0x899D, 0x0650,
0x0999, 0x064C,
0x0988, 0x064F,
0x8988, 0x064F,
0x898C, 0x0653,
0x0988, 0x064F,
0x0971, 0x0644,
0x8971, 0x0644,
0x8975, 0x0648,
0x0971, 0x0644,
0x0980, 0x064B,
0x8980, 0x064B,
0x8984, 0x064F,
0x0980, 0x064B,
0x097C, 0x0649,
0x897C, 0x0649,
0x8980, 0x064D,
0x097C, 0x0649,
0x0980, 0x064B,
0x8980, 0x064B,
0x8984, 0x064F,
0x0980, 0x064B,
0x0987, 0x064B,
0x8987, 0x064B,
0x898B, 0x064F,
0x0987, 0x064B,
0x0987, 0x0643,
0x8987, 0x0643,
0x898B, 0x0648,
0x0987, 0x0643,
0x0990, 0x064A,
0x8990, 0x064A,
0x8994, 0x064E,
0x0990, 0x064A,
0x0995, 0x064C,
0x8995, 0x064C,
0x8999, 0x0650,
0x0995, 0x064C,
0x0993, 0x064B,
0x8993, 0x064B,
0x8997, 0x064F,
0x0993, 0x064B,
0x095A, 0x063D,
0x895A, 0x063D,
0x895E, 0x0641,
0x095A, 0x063D,
0x095A, 0x063D,
0x895A, 0x063D,
0x895E, 0x0641,
0x095A, 0x063D,
0x095D, 0x0641,
0x895D, 0x0641,
0x8961, 0x0646,
0x095D, 0x0641,
0x0959, 0x0640,
0x8959, 0x0640,
0x895D, 0x0644,
0x0959, 0x0640,
0x0959, 0x063D,
0x8959, 0x063D,
0x895D, 0x0641,
0x0959, 0x063D,
0x094F, 0x063B,
0x894F, 0x063B,
0x8953, 0x063F,
0x094F, 0x063B,
0x095B, 0x0644,
0x895B, 0x0644,
0x895F, 0x0648,
0x095B, 0x0644,
0x095A, 0x063F,
0x895A, 0x063F,
0x895E, 0x0644,
0x095A, 0x063F,
0x093E, 0x063A,
0x893E, 0x063A,
0x8942, 0x063E,
0x093E, 0x063A,
0x0943, 0x0640,
0x8943, 0x0640,
0x8947, 0x0644,
0x0943, 0x0640,
0x0942, 0x0641,
0x8942, 0x0641,
0x8946, 0x0645,
0x0942, 0x0641,
0x0927, 0x0636,
0x8927, 0x0636,
0x892B, 0x063A,
0x0927, 0x0636,
0x091C, 0x0638,
0x891C, 0x0638,
0x8921, 0x063C,
0x091C, 0x0638,
0x0918, 0x0639,
0x8918, 0x0639,
0x891C, 0x063D,
0x0918, 0x0639,
0x0911, 0x0637,
0x8911, 0x0637,
0x8916, 0x063B,
0x0911, 0x0637,
0x0916, 0x063B,
0x8916, 0x063B,
0x891A, 0x063F,
0x0916, 0x063B,
0x0914, 0x063D,
0x8914, 0x063D,
0x8918, 0x0641,
0x0914, 0x063D,
0x0908, 0x0633,
0x8908, 0x0633,
0x890C, 0x0637,
0x0908, 0x0633,
0x08FF, 0x0631,
0x88FF, 0x0631,
0x8903, 0x0635,
0x08FF, 0x0631,
0x0907, 0x0635,
0x8907, 0x0635,
0x890B, 0x0639,
0x0907, 0x0635,
0x0906, 0x0637,
0x8906, 0x0637,
0x890A, 0x063B,
0x0906, 0x0637,
0x08E1, 0x0636,
0x88E1, 0x0636,
0x88E5, 0x063A,
0x08E1, 0x0636,
0x08E3, 0x0638,
0x88E3, 0x0638,
0x88E7, 0x063C,
0x08E3, 0x0638,
0x08E2, 0x0633,
0x88E2, 0x0633,
0x88E6, 0x0637,
0x08E2, 0x0633,
0x08E4, 0x0635,
0x88E4, 0x0635,
0x88E8, 0x0639,
0x08E4, 0x0635,
0x08F0, 0x0636,
0x88F0, 0x0636,
0x88F4, 0x063A,
0x08F0, 0x0636,
0x08ED, 0x0637,
0x88ED, 0x0637,
0x88F1, 0x063B,
0x08ED, 0x0637,
0x0959, 0x05A9,
0x8959, 0x05A9,
0x895D, 0x05AD,
0x0959, 0x05A9,
0x0964, 0x05A5,
0x8964, 0x05A5,
0x8968, 0x05A9,
0x0964, 0x05A5,
0x097C, 0x05A0,
0x897C, 0x05A0,
0x8980, 0x05A4,
0x097C, 0x05A0,
0x097C, 0x059F,
0x897C, 0x059F,
0x8980, 0x05A3,
0x097C, 0x059F,
0x0980, 0x05A0,
0x8980, 0x05A0,
0x8985, 0x05A5,
0x0980, 0x05A0,
0x094B, 0x05A6,
0x894B, 0x05A6,
0x894F, 0x05AA,
0x094B, 0x05A6,
0x0948, 0x05A7,
0x8948, 0x05A7,
0x894C, 0x05AB,
0x0948, 0x05A7,
0x0940, 0x05AE,
0x8940, 0x05AE,
0x8944, 0x05B2,
0x0940, 0x05AE,
0x0942, 0x05AD,
0x8942, 0x05AD,
0x8946, 0x05B1,
0x0942, 0x05AD,
0x0951, 0x05A9,
0x8951, 0x05A9,
0x8955, 0x05AD,
0x0951, 0x05A9,
0x0943, 0x05AE,
0x8943, 0x05AE,
0x8947, 0x05B2,
0x0943, 0x05AE,
0x094B, 0x05A8,
0x894B, 0x05A8,
0x894F, 0x05AD,
0x094B, 0x05A8,
0x095B, 0x05A5,
0x895B, 0x05A5,
0x895F, 0x05A9,
0x095B, 0x05A5,
0x091D, 0x05AD,
0x891D, 0x05AD,
0x8921, 0x05B2,
0x091D, 0x05AD,
0x0911, 0x05B7,
0x8911, 0x05B7,
0x8915, 0x05BB,
0x0911, 0x05B7,
0x091A, 0x05B2,
0x891A, 0x05B2,
0x891E, 0x05B6,
0x091A, 0x05B2,
0x091E, 0x05B4,
0x891E, 0x05B4,
0x8922, 0x05B8,
0x091E, 0x05B4,
0x0923, 0x05AC,
0x8923, 0x05AC,
0x8927, 0x05B0,
0x0923, 0x05AC,
0x0929, 0x05B3,
0x8929, 0x05B3,
0x892D, 0x05B7,
0x0929, 0x05B3,
0x091D, 0x05B4,
0x891D, 0x05B4,
0x8922, 0x05B8,
0x091D, 0x05B4,
0x0931, 0x05B2,
0x8931, 0x05B2,
0x8935, 0x05B6,
0x0931, 0x05B2,
0x0940, 0x05AA,
0x8940, 0x05AA,
0x8944, 0x05AE,
0x0940, 0x05AA,
0x08CC, 0x05AF,
0x88CC, 0x05AF,
0x88D0, 0x05B3,
0x08CC, 0x05AF,
0x08CB, 0x05B3,
0x88CB, 0x05B3,
0x88CF, 0x05B7,
0x08CB, 0x05B3,
0x08D5, 0x05C7,
0x88D5, 0x05C7,
0x88D9, 0x05CB,
0x08D5, 0x05C7,
0x08DD, 0x05C0,
0x88DD, 0x05C0,
0x88E1, 0x05C4,
0x08DD, 0x05C0,
0x08DE, 0x05C2,
0x88DE, 0x05C2,
0x88E2, 0x05C6,
0x08DE, 0x05C2,
0x08DA, 0x05C2,
0x88DA, 0x05C2,
0x88DE, 0x05C6,
0x08DA, 0x05C2,
0x08DB, 0x05BF,
0x88DB, 0x05BF,
0x88DF, 0x05C3,
0x08DB, 0x05BF,
0x08DB, 0x05BE,
0x88DB, 0x05BE,
0x88E0, 0x05C2,
0x08DB, 0x05BE,
0x08EE, 0x05B4,
0x88EE, 0x05B4,
0x88F2, 0x05B8,
0x08EE, 0x05B4,
0x08EB, 0x05C1,
0x88EB, 0x05C1,
0x88EF, 0x05C5,
0x08EB, 0x05C1,
0x08E3, 0x05BC,
0x88E3, 0x05BC,
0x88E7, 0x05C1,
0x08E3, 0x05BC,
0x08F3, 0x05BE,
0x88F3, 0x05BE,
0x88F7, 0x05C2,
0x08F3, 0x05BE,
0x08F6, 0x05BE,
0x88F6, 0x05BE,
0x88FA, 0x05C2,
0x08F6, 0x05BE,
0x08D3, 0x05CA,
0x88D3, 0x05CA,
0x88D7, 0x05CE,
0x08D3, 0x05CA,
0x08CC, 0x05D1,
0x88CC, 0x05D1,
0x88D0, 0x05D5,
0x08CC, 0x05D1,
0x08C8, 0x05D0,
0x88C8, 0x05D0,
0x88CD, 0x05D4,
0x08C8, 0x05D0,
0x08B3, 0x060E,
0x88B3, 0x060E,
0x88B7, 0x0612,
0x08B3, 0x060E,
0x08B5, 0x060A,
0x88B5, 0x060A,
0x88B9, 0x060E,
0x08B5, 0x060A,
0x08B8, 0x060C,
0x88B8, 0x060C,
0x88BC, 0x0610,
0x08B8, 0x060C,
0x08BF, 0x061D,
0x88BF, 0x061D,
0x88C3, 0x0621,
0x08BF, 0x061D,
0x08BB, 0x0601,
0x88BB, 0x0601,
0x88BF, 0x0605,
0x08BB, 0x0601,
0x08C1, 0x0622,
0x88C1, 0x0622,
0x88C5, 0x0626,
0x08C1, 0x0622,
0x08C4, 0x0619,
0x88C4, 0x0619,
0x88C8, 0x061D,
0x08C4, 0x0619,
0x08C4, 0x061A,
0x88C4, 0x061A,
0x88C8, 0x061E,
0x08C4, 0x061A,
0x08C2, 0x061A,
0x88C2, 0x061A,
0x88C6, 0x061E,
0x08C2, 0x061A,
0x08D0, 0x0633,
0x88D0, 0x0633,
0x88D4, 0x0637,
0x08D0, 0x0633,
0x08CA, 0x0623,
0x88CA, 0x0623,
0x88CE, 0x0627,
0x08CA, 0x0623,
0x08CF, 0x0625,
0x88CF, 0x0625,
0x88D3, 0x0629,
0x08CF, 0x0625,
0x08D5, 0x0639,
0x88D5, 0x0639,
0x88D9, 0x063E,
0x08D5, 0x0639,
0x08D7, 0x0637,
0x88D7, 0x0637,
0x88DC, 0x063B,
0x08D7, 0x0637,
0x08C9, 0x0624,
0x88C9, 0x0624,
0x88CD, 0x0628,
0x08C9, 0x0624,
0x08CA, 0x0633,
0x88CA, 0x0633,
0x88CE, 0x0637,
0x08CA, 0x0633,
0x08C8, 0x0633,
0x88C8, 0x0633,
0x88CC, 0x0637,
0x08C8, 0x0633,
0x08C7, 0x0634,
0x88C7, 0x0634,
0x88CB, 0x0638,
0x08C7, 0x0634,
0x08C4, 0x0634,
0x88C4, 0x0634,
0x88C8, 0x0639,
0x08C4, 0x0634,
0x08B4, 0x0641,
0x88B4, 0x0641,
0x88B9, 0x0645,
0x08B4, 0x0641,
0x08B2, 0x0640,
0x88B2, 0x0640,
0x88B6, 0x0645,
0x08B2, 0x0640,
0x08AB, 0x0641,
0x88AB, 0x0641,
0x88AF, 0x0645,
0x08AB, 0x0641,
0x08A5, 0x0645,
0x88A5, 0x0645,
0x88A9, 0x064A,
0x08A5, 0x0645,
0x08A3, 0x0640,
0x88A3, 0x0640,
0x88A7, 0x0644,
0x08A3, 0x0640,
0x089A, 0x0608,
0x889A, 0x0608,
0x889E, 0x060C,
0x089A, 0x0608,
0x089B, 0x060D,
0x889B, 0x060D,
0x889F, 0x0611,
0x089B, 0x060D,
0x089A, 0x0610,
0x889A, 0x0610,
0x889E, 0x0614,
0x089A, 0x0610,
0x08A3, 0x0608,
0x88A3, 0x0608,
0x88A7, 0x060C,
0x08A3, 0x0608,
0x08A3, 0x060A,
0x88A3, 0x060A,
0x88A7, 0x060E,
0x08A3, 0x060A,
0x08AE, 0x060B,
0x88AE, 0x060B,
0x88B3, 0x060F,
0x08AE, 0x060B,
0x08B1, 0x0610,
0x88B1, 0x0610,
0x88B5, 0x0614,
0x08B1, 0x0610,
0x08A7, 0x05EA,
0x88A7, 0x05EA,
0x88AB, 0x05EE,
0x08A7, 0x05EA,
0x089E, 0x05DD,
0x889E, 0x05DD,
0x88A2, 0x05E1,
0x089E, 0x05DD,
0x08A1, 0x05D4,
0x88A1, 0x05D4,
0x88A5, 0x05D8,
0x08A1, 0x05D4,
0x08A2, 0x05D5,
0x88A2, 0x05D5,
0x88A6, 0x05D9,
0x08A2, 0x05D5,
0x08A4, 0x05D2,
0x88A4, 0x05D2,
0x88A8, 0x05D6,
0x08A4, 0x05D2,
0x08A0, 0x05D0,
0x88A0, 0x05D0,
0x88A4, 0x05D4,
0x08A0, 0x05D0,
0x089D, 0x05CA,
0x889D, 0x05CA,
0x88A1, 0x05CE,
0x089D, 0x05CA,
0x089B, 0x05CB,
0x889B, 0x05CB,
0x889F, 0x05CF,
0x089B, 0x05CB,
0x089E, 0x05C1,
0x889E, 0x05C1,
0x88A2, 0x05C5,
0x089E, 0x05C1,
0x08B5, 0x05A6,
0x88B5, 0x05A6,
0x88BA, 0x05AA,
0x08B5, 0x05A6,
0x08AF, 0x05A6,
0x88AF, 0x05A6,
0x88B3, 0x05AA,
0x08AF, 0x05A6,
0x08B4, 0x05A6,
0x88B4, 0x05A6,
0x88B8, 0x05AA,
0x08B4, 0x05A6,
0x0889, 0x064C,
0x8889, 0x064C,
0x888D, 0x0650,
0x0889, 0x064C,
0x088A, 0x0647,
0x888A, 0x0647,
0x888F, 0x064C,
0x088A, 0x0647,
0x088D, 0x064B,
0x888D, 0x064B,
0x8891, 0x064F,
0x088D, 0x064B,
0x088C, 0x0649,
0x888C, 0x0649,
0x8890, 0x064D,
0x088C, 0x0649,
0x0898, 0x0646,
0x8898, 0x0646,
0x889C, 0x064A,
0x0898, 0x0646,
0x088E, 0x063C,
0x888E, 0x063C,
0x8892, 0x0640,
0x088E, 0x063C,
0x0892, 0x0649,
0x8892, 0x0649,
0x8896, 0x064D,
0x0892, 0x0649,
0x088E, 0x0646,
0x888E, 0x0646,
0x8892, 0x064B,
0x088E, 0x0646,
0x08A0, 0x064F,
0x88A0, 0x064F,
0x88A4, 0x0653,
0x08A0, 0x064F,
0x088F, 0x0657,
0x888F, 0x0657,
0x8893, 0x065B,
0x088F, 0x0657,
0x088D, 0x0659,
0x888D, 0x0659,
0x8891, 0x065D,
0x088D, 0x0659,
0x088B, 0x065B,
0x888B, 0x065B,
0x888F, 0x065F,
0x088B, 0x065B,
0x0884, 0x063F,
0x8884, 0x063F,
0x8888, 0x0643,
0x0884, 0x063F,
0x0885, 0x0640,
0x8885, 0x0640,
0x8889, 0x0644,
0x0885, 0x0640,
0x0878, 0x0637,
0x8878, 0x0637,
0x887C, 0x063C,
0x0878, 0x0637,
0x0870, 0x063A,
0x8870, 0x063A,
0x8874, 0x063E,
0x0870, 0x063A,
0x086F, 0x063B,
0x886F, 0x063B,
0x8873, 0x063F,
0x086F, 0x063B,
0x087B, 0x063D,
0x887B, 0x063D,
0x887F, 0x0641,
0x087B, 0x063D,
0x0865, 0x0637,
0x8865, 0x0637,
0x8869, 0x063B,
0x0865, 0x0637,
0x0862, 0x0637,
0x8862, 0x0637,
0x8866, 0x063B,
0x0862, 0x0637,
0x0860, 0x0633,
0x8860, 0x0633,
0x8864, 0x0637,
0x0860, 0x0633,
0x082C, 0x0632,
0x882C, 0x0632,
0x8830, 0x0636,
0x082C, 0x0632,
0x082C, 0x0635,
0x882C, 0x0635,
0x8830, 0x0639,
0x082C, 0x0635,
0x0846, 0x0635,
0x8846, 0x0635,
0x884A, 0x0639,
0x0846, 0x0635,
0x0891, 0x05B7,
0x8891, 0x05B7,
0x8895, 0x05BB,
0x0891, 0x05B7,
0x0891, 0x05BC,
0x8891, 0x05BC,
0x8895, 0x05C0,
0x0891, 0x05BC,
0x0894, 0x05AD,
0x8894, 0x05AD,
0x8898, 0x05B2,
0x0894, 0x05AD,
0x088B, 0x05BA,
0x888B, 0x05BA,
0x888F, 0x05BE,
0x088B, 0x05BA,
0x0898, 0x05A2,
0x8898, 0x05A2,
0x889C, 0x05A6,
0x0898, 0x05A2,
0x088D, 0x05A5,
0x888D, 0x05A5,
0x8891, 0x05A9,
0x088D, 0x05A5,
0x0894, 0x05A2,
0x8894, 0x05A2,
0x8898, 0x05A6,
0x0894, 0x05A2,
0x0892, 0x0599,
0x8892, 0x0599,
0x8896, 0x059D,
0x0892, 0x0599,
0x088E, 0x059A,
0x888E, 0x059A,
0x8892, 0x059E,
0x088E, 0x059A,
0x0887, 0x0599,
0x8887, 0x0599,
0x888B, 0x059D,
0x0887, 0x0599,
0x088B, 0x0592,
0x888B, 0x0592,
0x888F, 0x0596,
0x088B, 0x0592,
0x0834, 0x05CC,
0x8834, 0x05CC,
0x8838, 0x05D0,
0x0834, 0x05CC,
0x0839, 0x05C9,
0x8839, 0x05C9,
0x883D, 0x05CD,
0x0839, 0x05C9,
0x083A, 0x05C5,
0x883A, 0x05C5,
0x883F, 0x05C9,
0x083A, 0x05C5,
0x083E, 0x05C3,
0x883E, 0x05C3,
0x8842, 0x05C7,
0x083E, 0x05C3,
0x0857, 0x05C6,
0x8857, 0x05C6,
0x885B, 0x05CA,
0x0857, 0x05C6,
0x085B, 0x05C7,
0x885B, 0x05C7,
0x885F, 0x05CC,
0x085B, 0x05C7,
0x0859, 0x05C7,
0x8859, 0x05C7,
0x885D, 0x05CB,
0x0859, 0x05C7,
0x0863, 0x05C3,
0x8863, 0x05C3,
0x8867, 0x05C7,
0x0863, 0x05C3,
0x0874, 0x05C7,
0x8874, 0x05C7,
0x8878, 0x05CB,
0x0874, 0x05C7,
0x0871, 0x05C0,
0x8871, 0x05C0,
0x8875, 0x05C4,
0x0871, 0x05C0,
0x0828, 0x05CB,
0x8828, 0x05CB,
0x882D, 0x05CF,
0x0828, 0x05CB,
0x0822, 0x05C9,
0x8822, 0x05C9,
0x8826, 0x05CE,
0x0822, 0x05C9,
0x0824, 0x05C9,
0x8824, 0x05C9,
0x8828, 0x05CD,
0x0824, 0x05C9,
0x0819, 0x05CA,
0x8819, 0x05CA,
0x881D, 0x05CE,
0x0819, 0x05CA,
0x0826, 0x05C7,
0x8826, 0x05C7,
0x882B, 0x05CB,
0x0826, 0x05C7,
0x081B, 0x05C9,
0x881B, 0x05C9,
0x8820, 0x05CD,
0x081B, 0x05C9,
0x0815, 0x05C9,
0x8815, 0x05C9,
0x8819, 0x05CD,
0x0815, 0x05C9,
0x0809, 0x05CA,
0x8809, 0x05CA,
0x880D, 0x05CE,
0x0809, 0x05CA,
0x0807, 0x05C8,
0x8807, 0x05C8,
0x880B, 0x05CC,
0x0807, 0x05C8,
0x0805, 0x05C7,
0x8805, 0x05C7,
0x880A, 0x05CB,
0x0805, 0x05C7,
0x07FF, 0x05CC,
0x87FF, 0x05CC,
0x8803, 0x05D0,
0x07FF, 0x05CC,
0x07ED, 0x05D2,
0x87ED, 0x05D2,
0x87F1, 0x05D6,
0x07ED, 0x05D2,
0x07F9, 0x05CC,
0x87F9, 0x05CC,
0x87FD, 0x05D0,
0x07F9, 0x05CC,
0x07F3, 0x05C8,
0x87F3, 0x05C8,
0x87F8, 0x05CC,
0x07F3, 0x05C8,
0x07E7, 0x05CF,
0x87E7, 0x05CF,
0x87EB, 0x05D4,
0x07E7, 0x05CF,
0x07F4, 0x05C7,
0x87F4, 0x05C7,
0x87F8, 0x05CB,
0x07F4, 0x05C7,
0x07E8, 0x05C1,
0x87E8, 0x05C1,
0x87EC, 0x05C5,
0x07E8, 0x05C1,
0x07E7, 0x05C4,
0x87E7, 0x05C4,
0x87EB, 0x05C8,
0x07E7, 0x05C4,
0x07EB, 0x05C0,
0x87EB, 0x05C0,
0x87EF, 0x05C4,
0x07EB, 0x05C0,
0x07DF, 0x05BE,
0x87DF, 0x05BE,
0x87E3, 0x05C2,
0x07DF, 0x05BE,
0x07E4, 0x05BA,
0x87E4, 0x05BA,
0x87E8, 0x05BE,
0x07E4, 0x05BA,
0x07E4, 0x05BD,
0x87E4, 0x05BD,
0x87E8, 0x05C1,
0x07E4, 0x05BD,
0x07DF, 0x05BB,
0x87DF, 0x05BB,
0x87E3, 0x05BF,
0x07DF, 0x05BB,
0x07DF, 0x05BC,
0x87DF, 0x05BC,
0x87E3, 0x05C1,
0x07DF, 0x05BC,
0x07D8, 0x05B6,
0x87D8, 0x05B6,
0x87DC, 0x05BB,
0x07D8, 0x05B6,
0x07D8, 0x05D2,
0x87D8, 0x05D2,
0x87DC, 0x05D6,
0x07D8, 0x05D2,
0x07D4, 0x05D4,
0x87D4, 0x05D4,
0x87D8, 0x05D8,
0x07D4, 0x05D4,
0x07D4, 0x05D6,
0x87D4, 0x05D6,
0x87D8, 0x05DA,
0x07D4, 0x05D6,
0x07CF, 0x05D9,
0x87CF, 0x05D9,
0x87D3, 0x05DD,
0x07CF, 0x05D9,
0x07B7, 0x05A6,
0x87B7, 0x05A6,
0x87BB, 0x05AA,
0x07B7, 0x05A6,
0x07BA, 0x05A7,
0x87BA, 0x05A7,
0x87BE, 0x05AB,
0x07BA, 0x05A7,
0x07B7, 0x05A5,
0x87B7, 0x05A5,
0x87BB, 0x05A9,
0x07B7, 0x05A5,
0x07BA, 0x05A4,
0x87BA, 0x05A4,
0x87BE, 0x05A9,
0x07BA, 0x05A4,
0x07BC, 0x05A9,
0x87BC, 0x05A9,
0x87C0, 0x05AD,
0x07BC, 0x05A9,
0x07C1, 0x05AA,
0x87C1, 0x05AA,
0x87C5, 0x05AE,
0x07C1, 0x05AA,
0x07C6, 0x05B0,
0x87C6, 0x05B0,
0x87CA, 0x05B4,
0x07C6, 0x05B0,
0x07CA, 0x05B3,
0x87CA, 0x05B3,
0x87CE, 0x05B7,
0x07CA, 0x05B3,
0x07B8, 0x0630,
0x87B8, 0x0630,
0x87BC, 0x0634,
0x07B8, 0x0630,
0x07B3, 0x0610,
0x87B3, 0x0610,
0x87B7, 0x0614,
0x07B3, 0x0610,
0x07B4, 0x05F4,
0x87B4, 0x05F4,
0x87B8, 0x05F8,
0x07B4, 0x05F4,
0x07B3, 0x05F5,
0x87B3, 0x05F5,
0x87B7, 0x05F9,
0x07B3, 0x05F5,
0x07B5, 0x05CC,
0x87B5, 0x05CC,
0x87BA, 0x05D0,
0x07B5, 0x05CC,
0x07AE, 0x05C4,
0x87AE, 0x05C4,
0x87B2, 0x05C8,
0x07AE, 0x05C4,
0x07AE, 0x05C3,
0x87AE, 0x05C3,
0x87B2, 0x05C8,
0x07AE, 0x05C3,
0x07B1, 0x05BF,
0x87B1, 0x05BF,
0x87B5, 0x05C3,
0x07B1, 0x05BF,
0x07C3, 0x05E2,
0x87C3, 0x05E2,
0x87C7, 0x05E7,
0x07C3, 0x05E2,
0x07C2, 0x05DE,
0x87C2, 0x05DE,
0x87C6, 0x05E2,
0x07C2, 0x05DE,
0x07BF, 0x0609,
0x87BF, 0x0609,
0x87C3, 0x060D,
0x07BF, 0x0609,
0x07C0, 0x0611,
0x87C0, 0x0611,
0x87C4, 0x0615,
0x07C0, 0x0611,
0x07FA, 0x0631,
0x87FA, 0x0631,
0x87FE, 0x0635,
0x07FA, 0x0631,
0x07F8, 0x062F,
0x87F8, 0x062F,
0x87FC, 0x0633,
0x07F8, 0x062F,
0x07F7, 0x0639,
0x87F7, 0x0639,
0x87FB, 0x063D,
0x07F7, 0x0639,
0x07FD, 0x0638,
0x87FD, 0x0638,
0x8801, 0x063C,
0x07FD, 0x0638,
0x07F6, 0x0633,
0x87F6, 0x0633,
0x87FA, 0x0637,
0x07F6, 0x0633,
0x07FB, 0x0638,
0x87FB, 0x0638,
0x87FF, 0x063C,
0x07FB, 0x0638,
0x07FA, 0x0637,
0x87FA, 0x0637,
0x87FE, 0x063B,
0x07FA, 0x0637,
0x07EC, 0x062C,
0x87EC, 0x062C,
0x87F0, 0x0630,
0x07EC, 0x062C,
0x07F9, 0x0639,
0x87F9, 0x0639,
0x87FD, 0x063D,
0x07F9, 0x0639,
0x07EA, 0x0630,
0x87EA, 0x0630,
0x87EE, 0x0634,
0x07EA, 0x0630,
0x07D6, 0x0616,
0x87D6, 0x0616,
0x87DA, 0x061A,
0x07D6, 0x0616,
0x07CF, 0x060F,
0x87CF, 0x060F,
0x87D3, 0x0613,
0x07CF, 0x060F,
0x07CD, 0x0615,
0x87CD, 0x0615,
0x87D1, 0x0619,
0x07CD, 0x0615,
0x07D5, 0x0610,
0x87D5, 0x0610,
0x87D9, 0x0614,
0x07D5, 0x0610,
0x07CD, 0x060E,
0x87CD, 0x060E,
0x87D1, 0x0612,
0x07CD, 0x060E,
0x07D0, 0x0611,
0x87D0, 0x0611,
0x87D4, 0x0616,
0x07D0, 0x0611,
0x07D3, 0x0613,
0x87D3, 0x0613,
0x87D7, 0x0617,
0x07D3, 0x0613,
0x07C3, 0x060E,
0x87C3, 0x060E,
0x87C7, 0x0612,
0x07C3, 0x060E,
0x07BD, 0x05DB,
0x87BD, 0x05DB,
0x87C1, 0x05DF,
0x07BD, 0x05DB,
0x07BC, 0x05EC,
0x87BC, 0x05EC,
0x87C0, 0x05F0,
0x07BC, 0x05EC,
0x07BD, 0x0603,
0x87BD, 0x0603,
0x87C1, 0x0607,
0x07BD, 0x0603,
0x07BD, 0x064E,
0x87BD, 0x064E,
0x87C1, 0x0652,
0x07BD, 0x064E,
0x07B5, 0x0644,
0x87B5, 0x0644,
0x87B9, 0x0648,
0x07B5, 0x0644,
0x07B2, 0x0644,
0x87B2, 0x0644,
0x87B6, 0x0648,
0x07B2, 0x0644,
0x07B3, 0x0637,
0x87B3, 0x0637,
0x87B7, 0x063B,
0x07B3, 0x0637,
0x07B2, 0x0639,
0x87B2, 0x0639,
0x87B6, 0x063D,
0x07B2, 0x0639,
0x07E0, 0x0642,
0x87E0, 0x0642,
0x87E4, 0x0646,
0x07E0, 0x0642,
0x07DE, 0x0641,
0x87DE, 0x0641,
0x87E2, 0x0645,
0x07DE, 0x0641,
0x07DA, 0x0646,
0x87DA, 0x0646,
0x87DE, 0x064A,
0x07DA, 0x0646,
0x07D1, 0x064B,
0x87D1, 0x064B,
0x87D5, 0x064F,
0x07D1, 0x064B,
0x07CE, 0x064A,
0x87CE, 0x064A,
0x87D2, 0x064E,
0x07CE, 0x064A,
0x07CF, 0x064F,
0x87CF, 0x064F,
0x87D3, 0x0653,
0x07CF, 0x064F,
0x07CD, 0x064E,
0x87CD, 0x064E,
0x87D1, 0x0652,
0x07CD, 0x064E,
0x080B, 0x062F,
0x880B, 0x062F,
0x880F, 0x0633,
0x080B, 0x062F,
0x0811, 0x0634,
0x8811, 0x0634,
0x8815, 0x0638,
0x0811, 0x0634,
0x080B, 0x0635,
0x880B, 0x0635,
0x880F, 0x0639,
0x080B, 0x0635,
0x0810, 0x0631,
0x8810, 0x0631,
0x8814, 0x0635,
0x0810, 0x0631,
0x080D, 0x0635,
0x880D, 0x0635,
0x8811, 0x0639,
0x080D, 0x0635,
0x07B3, 0x065F,
0x87B3, 0x065F,
0x87B7, 0x0663,
0x07B3, 0x065F,
0x07B6, 0x0663,
0x87B6, 0x0663,
0x87BB, 0x0667,
0x07B6, 0x0663,
0x07B4, 0x0666,
0x87B4, 0x0666,
0x87B8, 0x066A,
0x07B4, 0x0666,
0x07B9, 0x0651,
0x87B9, 0x0651,
0x87BD, 0x0655,
0x07B9, 0x0651,
0x07A9, 0x058B,
0x87A9, 0x058B,
0x87AD, 0x058F,
0x07A9, 0x058B,
0x07AA, 0x0591,
0x87AA, 0x0591,
0x87AE, 0x0595,
0x07AA, 0x0591,
0x07B5, 0x0595,
0x87B5, 0x0595,
0x87B9, 0x0599,
0x07B5, 0x0595,
0x07B0, 0x059B,
0x87B0, 0x059B,
0x87B4, 0x05A0,
0x07B0, 0x059B,
0x07AB, 0x05F2,
0x87AB, 0x05F2,
0x87AF, 0x05F6,
0x07AB, 0x05F2,
0x07AA, 0x05F9,
0x87AA, 0x05F9,
0x87AE, 0x05FD,
0x07AA, 0x05F9,
0x07AA, 0x05F5,
0x87AA, 0x05F5,
0x87AE, 0x05F9,
0x07AA, 0x05F5
};

const unsigned short draw_4[] PROGMEM = {
0x0AFE, 0x0579,
0x8AFE, 0x0579,
0x8B06, 0x057A,
0x8B09, 0x0582,
0x8B0A, 0x058B,
0x8B0A, 0x0593,
0x8B0A, 0x059C,
0x8B0A, 0x05A5,
0x8B0A, 0x05AD,
0x8B0A, 0x05B6,
0x8B09, 0x05BE,
0x8B0E, 0x05C5,
0x8B16, 0x05C2,
0x8B1F, 0x05C1,
0x8B27, 0x05C2,
0x8B2F, 0x05C1,
0x8B38, 0x05C1,
0x8B41, 0x05C1,
0x8B48, 0x05C3,
0x8B51, 0x05C1,
0x8B59, 0x05C1,
0x8B62, 0x05C1,
0x8B6B, 0x05C1,
0x8B73, 0x05C1,
0x8B7C, 0x05C1,
0x8B85, 0x05C1,
0x8B8D, 0x05C1,
0x8B96, 0x05C1,
0x8B9D, 0x05C5,
0x8BA6, 0x05C5,
0x8BAF, 0x05C5,
0x8BB7, 0x05C4,
0x8BBF, 0x05C1,
0x8BC7, 0x05C4,
0x8BCB, 0x05CB,
0x8BC6, 0x05D3,
0x8BC2, 0x05DA,
0x8BBB, 0x05DC,
0x8BB3, 0x05DA,
0x8BAA, 0x05DA,
0x8BA2, 0x05D9,
0x8B9B, 0x05D4,
0x8B94, 0x05D8,
0x8B8C, 0x05DA,
0x8B83, 0x05DA,
0x8B7B, 0x05DA,
0x8B72, 0x05D9,
0x8B6B, 0x05D4,
0x8B64, 0x05D7,
0x8B5C, 0x05DA,
0x8B56, 0x05D5,
0x8B4D, 0x05D5,
0x8B46, 0x05D5,
0x8B3F, 0x05D7,
0x8B36, 0x05D6,
0x8B30, 0x05D9,
0x8B28, 0x05D4,
0x8B21, 0x05D8,
0x8B19, 0x05D4,
0x8B12, 0x05D8,
0x8B0A, 0x05DB,
0x8B08, 0x05E3,
0x8B06, 0x05EC,
0x8B06, 0x05F4,
0x8B03, 0x05FC,
0x8B00, 0x0604,
0x8B00, 0x060C,
0x8B00, 0x0615,
0x8B04, 0x061C,
0x8B06, 0x0625,
0x8B08, 0x062D,
0x8B0A, 0x0635,
0x8B0C, 0x063C,
0x8B14, 0x063D,
0x8B1B, 0x0642,
0x8B24, 0x0642,
0x8B2C, 0x0645,
0x8B35, 0x0645,
0x8B3D, 0x0645,
0x8B46, 0x0646,
0x8B4E, 0x0648,
0x8B56, 0x0649,
0x8B5F, 0x0649,
0x8B67, 0x0649,
0x8B70, 0x0649,
0x8B79, 0x0649,
0x8B81, 0x0648,
0x8B89, 0x0645,
0x8B92, 0x0645,
0x8B9A, 0x0645,
0x8BA3, 0x0645,
0x8BAC, 0x0645,
0x8BB4, 0x0646,
0x8BBC, 0x0642,
0x8BC4, 0x0641,
0x8BCB, 0x0645,
0x8BCF, 0x064C,
0x8BCD, 0x0654,
0x8BC6, 0x0657,
0x8BBD, 0x0658,
0x8BB5, 0x0658,
0x8BAC, 0x0658,
0x8BA3, 0x0658,
0x8B9C, 0x065A,
0x8B94, 0x065D,
0x8B8B, 0x065D,
0x8B83, 0x065D,
0x8B7A, 0x065D,
0x8B71, 0x065D,
0x8B69, 0x065D,
0x8B60, 0x065D,
0x8B58, 0x065D,
0x8B51, 0x0659,
0x8B48, 0x0658,
0x8B3F, 0x0658,
0x8B37, 0x0658,
0x8B2E, 0x0658,
0x8B26, 0x0656,
0x8B1D, 0x0656,
0x8B15, 0x0656,
0x8B13, 0x065E,
0x8B15, 0x0666,
0x8B18, 0x066E,
0x8B1B, 0x0676,
0x8B1E, 0x067D,
0x8B25, 0x0683,
0x8B29, 0x068A,
0x8B29, 0x0693,
0x8B25, 0x069A,
0x8B1E, 0x069E,
0x8B15, 0x069E,
0x8B0D, 0x069F,
0x8B05, 0x06A2,
0x8AFD, 0x06A3,
0x8AF4, 0x06A3,
0x8AED, 0x069F,
0x8AE4, 0x069E,
0x8ADD, 0x069A,
0x8AD9, 0x0693,
0x8ADA, 0x068A,
0x8ADE, 0x0684,
0x8AE3, 0x067D,
0x8AE6, 0x0674,
0x8AF4, 0x067A,
0x8AF5, 0x0682,
0x8AF6, 0x068A,
0x8AFB, 0x068F,
0x8B03, 0x068E,
0x8B0A, 0x068B,
0x8B0E, 0x0685,
0x8B0A, 0x067E,
0x8B06, 0x0677,
0x8B03, 0x066F,
0x8AFF, 0x0668,
0x8AFE, 0x0660,
0x8AFB, 0x065A,
0x8AFB, 0x065B,
0x8AFA, 0x0663,
0x8AFA, 0x066B,
0x8AF9, 0x0673,
0x8AF4, 0x067A,
0x8AE6, 0x0674,
0x8AE6, 0x066C,
0x8AE8, 0x0663,
0x8AE8, 0x065C,
0x8AE9, 0x0654,
0x8AE1, 0x0651,
0x8AD8, 0x0651,
0x8AD0, 0x0652,
0x8AC9, 0x0656,
0x8AC0, 0x0656,
0x8AB8, 0x0658,
0x8AAF, 0x0658,
0x8AA6, 0x0658,
0x8A9D, 0x0658,
0x8A97, 0x065D,
0x8A8E, 0x065D,
0x8A85, 0x065D,
0x8A7F, 0x0661,
0x8A77, 0x0666,
0x8A71, 0x066B,
0x8A6A, 0x0671,
0x8A63, 0x0675,
0x8A5B, 0x0679,
0x8A53, 0x067A,
0x8A4E, 0x0674,
0x8A4B, 0x066B,
0x8A4C, 0x0663,
0x8A50, 0x065C,
0x8A4E, 0x0654,
0x8A51, 0x064C,
0x8A51, 0x0643,
0x8A50, 0x063A,
0x8A5C, 0x063A,
0x8A5F, 0x0641,
0x8A60, 0x0648,
0x8A5D, 0x064F,
0x8A5A, 0x0656,
0x8A5F, 0x065B,
0x8A66, 0x065A,
0x8A6D, 0x0656,
0x8A72, 0x0652,
0x8A79, 0x064E,
0x8A80, 0x064C,
0x8A7D, 0x0646,
0x8A76, 0x0643,
0x8A70, 0x063E,
0x8A6A, 0x063A,
0x8A64, 0x0635,
0x8A5F, 0x0634,
0x8A5C, 0x063A,
0x8A50, 0x063A,
0x8A51, 0x0632,
0x8A51, 0x0629,
0x8A50, 0x0621,
0x8A4C, 0x061A,
0x8A4B, 0x0611,
0x8A4D, 0x0609,
0x8A51, 0x0602,
0x8A5B, 0x0600,
0x8A5C, 0x0608,
0x8A5F, 0x060F,
0x8A60, 0x0617,
0x8A5F, 0x061F,
0x8A63, 0x0627,
0x8A6A, 0x062B,
0x8A71, 0x062F,
0x8A79, 0x0631,
0x8A7F, 0x0637,
0x8A86, 0x063C,
0x8A8D, 0x0640,
0x8A93, 0x0645,
0x8A9B, 0x0646,
0x8AA3, 0x0645,
0x8AAB, 0x0645,
0x8AB3, 0x0645,
0x8ABC, 0x0646,
0x8AC3, 0x0644,
0x8ACB, 0x0642,
0x8AD2, 0x063E,
0x8ADB, 0x063D,
0x8AE3, 0x063D,
0x8AE9, 0x0641,
0x8AEE, 0x063B,
0x8AF0, 0x0634,
0x8AF2, 0x062B,
0x8AEF, 0x0624,
0x8AEE, 0x061C,
0x8AEE, 0x0613,
0x8AF1, 0x060C,
0x8AEF, 0x0604,
0x8AEE, 0x05FC,
0x8AEE, 0x05F3,
0x8AF1, 0x05EC,
0x8AF5, 0x05E5,
0x8AF8, 0x05DE,
0x8AF4, 0x05D8,
0x8AEC, 0x05D4,
0x8AE3, 0x05D4,
0x8ADC, 0x05D7,
0x8AD5, 0x05D8,
0x8ACE, 0x05D4,
0x8AC6, 0x05D4,
0x8ABE, 0x05D4,
0x8AB5, 0x05D4,
0x8AAD, 0x05D4,
0x8AA5, 0x05D4,
0x8A9D, 0x05D5,
0x8A9D, 0x05D5,
0x8A9F, 0x05DD,
0x8A98, 0x05E0,
0x8A91, 0x05E1,
0x8A8B, 0x05E7,
0x8A83, 0x05EB,
0x8A7B, 0x05EC,
0x8A73, 0x05EC,
0x8A6B, 0x05ED,
0x8A66, 0x05F3,
0x8A62, 0x05FA,
0x8A5B, 0x0600,
0x8A51, 0x0602,
0x8A51, 0x05F9,
0x8A51, 0x05F0,
0x8A53, 0x05E8,
0x8A52, 0x05E0,
0x8A55, 0x05D9,
0x8A56, 0x05D0,
0x8A60, 0x05CC,
0x8A62, 0x05D4,
0x8A63, 0x05DC,
0x8A6B, 0x05DD,
0x8A72, 0x05D9,
0x8A7A, 0x05D8,
0x8A81, 0x05D6,
0x8A88, 0x05D2,
0x8A8D, 0x05CC,
0x8A89, 0x05C7,
0x8A82, 0x05C3,
0x8A7C, 0x05BE,
0x8A75, 0x05BA,
0x8A6E, 0x05B6,
0x8A66, 0x05B3,
0x8A63, 0x05B4,
0x8A63, 0x05BD,
0x8A61, 0x05C4,
0x8A60, 0x05CC,
0x8A56, 0x05D0,
0x8A53, 0x05C8,
0x8A53, 0x05BF,
0x8A53, 0x05B6,
0x8A53, 0x05AE,
0x8A53, 0x05A5,
0x8A52, 0x059D,
0x8A51, 0x0594,
0x8A51, 0x058C,
0x8A54, 0x0584,
0x8A5B, 0x0587,
0x8A5F, 0x058E,
0x8A64, 0x0596,
0x8A66, 0x059E,
0x8A6C, 0x05A4,
0x8A74, 0x05A7,
0x8A7B, 0x05AB,
0x8A84, 0x05AD,
0x8A8A, 0x05B3,
0x8A92, 0x05B7,
0x8A98, 0x05BC,
0x8AA1, 0x05BE,
0x8AA9, 0x05C1,
0x8AB2, 0x05C1,
0x8ABA, 0x05C1,
0x8AC3, 0x05C1,
0x8ACB, 0x05C1,
0x8AD4, 0x05C1,
0x8ADC, 0x05C3,
0x8AE4, 0x05C2,
0x8AEC, 0x05C1,
0x8AF5, 0x05C1,
0x8AF8, 0x05BA,
0x8AF8, 0x05B1,
0x8AF8, 0x05A8,
0x8AF8, 0x05A0,
0x8AF8, 0x0597,
0x8AF8, 0x058E,
0x8AF8, 0x0586,
0x8AF9, 0x057D,
0x8AFE, 0x0579,
0x0AFE, 0x0579,
0x0BBD, 0x05C9,
0x8BBD, 0x05C9,
0x8BC2, 0x05CD,
0x0BBD, 0x05C9,
0x0BBA, 0x05C9,
0x8BBA, 0x05C9,
0x8BBE, 0x05CD,
0x0BBA, 0x05C9,
0x0BBB, 0x05CC,
0x8BBB, 0x05CC,
0x8BBF, 0x05D0,
0x0BBB, 0x05CC,
0x0BBC, 0x05CA,
0x8BBC, 0x05CA,
0x8BC0, 0x05CE,
0x0BBC, 0x05CA,
0x0BB4, 0x05C9,
0x8BB4, 0x05C9,
0x8BB8, 0x05CD,
0x0BB4, 0x05C9,
0x0BAF, 0x05CA,
0x8BAF, 0x05CA,
0x8BB3, 0x05CE,
0x0BAF, 0x05CA,
0x0BA4, 0x05C9,
0x8BA4, 0x05C9,
0x8BA8, 0x05CD,
0x0BA4, 0x05C9,
0x0B94, 0x05C8,
0x8B94, 0x05C8,
0x8B98, 0x05CC,
0x0B94, 0x05C8,
0x0B77, 0x05D0,
0x8B77, 0x05D0,
0x8B7B, 0x05D5,
0x0B77, 0x05D0,
0x0B87, 0x05D1,
0x8B87, 0x05D1,
0x8B8B, 0x05D5,
0x0B87, 0x05D1,
0x0B75, 0x05D1,
0x8B75, 0x05D1,
0x8B79, 0x05D5,
0x0B75, 0x05D1,
0x0B7F, 0x05CB,
0x8B7F, 0x05CB,
0x8B84, 0x05CF,
0x0B7F, 0x05CB,
0x0B81, 0x05CA,
0x8B81, 0x05CA,
0x8B85, 0x05CE,
0x0B81, 0x05CA,
0x0B7C, 0x05CA,
0x8B7C, 0x05CA,
0x8B81, 0x05CE,
0x0B7C, 0x05CA,
0x0B77, 0x05CD,
0x8B77, 0x05CD,
0x8B7B, 0x05D1,
0x0B77, 0x05CD,
0x0B80, 0x05C5,
0x8B80, 0x05C5,
0x8B84, 0x05C9,
0x0B80, 0x05C5,
0x0B7A, 0x05C8,
0x8B7A, 0x05C8,
0x8B7E, 0x05CC,
0x0B7A, 0x05C8,
0x0B70, 0x05CC,
0x8B70, 0x05CC,
0x8B74, 0x05D0,
0x0B70, 0x05CC,
0x0B71, 0x05C7,
0x8B71, 0x05C7,
0x8B75, 0x05CB,
0x0B71, 0x05C7,
0x0B66, 0x05CA,
0x8B66, 0x05CA,
0x8B6A, 0x05CE,
0x0B66, 0x05CA,
0x0B6A, 0x05C6,
0x8B6A, 0x05C6,
0x8B6E, 0x05CA,
0x0B6A, 0x05C6,
0x0B65, 0x05C9,
0x8B65, 0x05C9,
0x8B69, 0x05CD,
0x0B65, 0x05C9,
0x0B55, 0x05CA,
0x8B55, 0x05CA,
0x8B59, 0x05CE,
0x0B55, 0x05CA,
0x0B5E, 0x05C7,
0x8B5E, 0x05C7,
0x8B62, 0x05CB,
0x0B5E, 0x05C7,
0x0B59, 0x05C7,
0x8B59, 0x05C7,
0x8B5D, 0x05CB,
0x0B59, 0x05C7,
0x0B51, 0x05C8,
0x8B51, 0x05C8,
0x8B55, 0x05CC,
0x0B51, 0x05C8,
0x0B53, 0x05C9,
0x8B53, 0x05C9,
0x8B57, 0x05CD,
0x0B53, 0x05C9,
0x0B56, 0x05C7,
0x8B56, 0x05C7,
0x8B5A, 0x05CB,
0x0B56, 0x05C7,
0x0B4E, 0x05CC,
0x8B4E, 0x05CC,
0x8B52, 0x05D0,
0x0B4E, 0x05CC,
0x0B56, 0x05C6,
0x8B56, 0x05C6,
0x8B5A, 0x05CA,
0x0B56, 0x05C6,
0x0B50, 0x05C8,
0x8B50, 0x05C8,
0x8B54, 0x05CC,
0x0B50, 0x05C8,
0x0B34, 0x05CC,
0x8B34, 0x05CC,
0x8B38, 0x05D0,
0x0B34, 0x05CC,
0x0B37, 0x05C8,
0x8B37, 0x05C8,
0x8B3B, 0x05CC,
0x0B37, 0x05C8,
0x0B37, 0x05C9,
0x8B37, 0x05C9,
0x8B3B, 0x05CD,
0x0B37, 0x05C9,
0x0B35, 0x05C6,
0x8B35, 0x05C6,
0x8B39, 0x05CA,
0x0B35, 0x05C6,
0x0B2F, 0x05CB,
0x8B2F, 0x05CB,
0x8B33, 0x05D0,
0x0B2F, 0x05CB,
0x0B28, 0x05CA,
0x8B28, 0x05CA,
0x8B2C, 0x05CE,
0x0B28, 0x05CA,
0x0B34, 0x05C6,
0x8B34, 0x05C6,
0x8B38, 0x05CA,
0x0B34, 0x05C6,
0x0B38, 0x05C8,
0x8B38, 0x05C8,
0x8B3C, 0x05CC,
0x0B38, 0x05C8,
0x0B15, 0x05CB,
0x8B15, 0x05CB,
0x8B19, 0x05CF,
0x0B15, 0x05CB,
0x0B1A, 0x05C7,
0x8B1A, 0x05C7,
0x8B1E, 0x05CB,
0x0B1A, 0x05C7,
0x0B19, 0x05C9,
0x8B19, 0x05C9,
0x8B1D, 0x05CD,
0x0B19, 0x05C9,
0x0B12, 0x05CB,
0x8B12, 0x05CB,
0x8B16, 0x05CF,
0x0B12, 0x05CB,
0x0B12, 0x05C7,
0x8B12, 0x05C7,
0x8B16, 0x05CB,
0x0B12, 0x05C7,
0x0B0A, 0x05CD,
0x8B0A, 0x05CD,
0x8B0E, 0x05D1,
0x0B0A, 0x05CD,
0x0B1B, 0x05C5,
0x8B1B, 0x05C5,
0x8B1F, 0x05C9,
0x0B1B, 0x05C5,
0x0B09, 0x05CA,
0x8B09, 0x05CA,
0x8B0D, 0x05CE,
0x0B09, 0x05CA,
0x0B1A, 0x05C8,
0x8B1A, 0x05C8,
0x8B1E, 0x05CC,
0x0B1A, 0x05C8,
0x0B1B, 0x05C6,
0x8B1B, 0x05C6,
0x8B1F, 0x05CA,
0x0B1B, 0x05C6,
0x0BC4, 0x064A,
0x8BC4, 0x064A,
0x8BC9, 0x064E,
0x0BC4, 0x064A,
0x0BBE, 0x0649,
0x8BBE, 0x0649,
0x8BC2, 0x064D,
0x0BBE, 0x0649,
0x0BC2, 0x0645,
0x8BC2, 0x0645,
0x8BC6, 0x0649,
0x0BC2, 0x0645,
0x0BC7, 0x0644,
0x8BC7, 0x0644,
0x8BCC, 0x0648,
0x0BC7, 0x0644,
0x0BA0, 0x064D,
0x8BA0, 0x064D,
0x8BA4, 0x0651,
0x0BA0, 0x064D,
0x0BA7, 0x0649,
0x8BA7, 0x0649,
0x8BAB, 0x064D,
0x0BA7, 0x0649,
0x0B9C, 0x0650,
0x8B9C, 0x0650,
0x8BA0, 0x0654,
0x0B9C, 0x0650,
0x0BA2, 0x064F,
0x8BA2, 0x064F,
0x8BA6, 0x0653,
0x0BA2, 0x064F,
0x0B95, 0x064D,
0x8B95, 0x064D,
0x8B99, 0x0651,
0x0B95, 0x064D,
0x0BA7, 0x0648,
0x8BA7, 0x0648,
0x8BAB, 0x064C,
0x0BA7, 0x0648,
0x0B92, 0x064A,
0x8B92, 0x064A,
0x8B96, 0x064E,
0x0B92, 0x064A,
0x0B90, 0x064D,
0x8B90, 0x064D,
0x8B94, 0x0651,
0x0B90, 0x064D,
0x0B85, 0x064F,
0x8B85, 0x064F,
0x8B89, 0x0653,
0x0B85, 0x064F,
0x0B84, 0x064E,
0x8B84, 0x064E,
0x8B88, 0x0653,
0x0B84, 0x064E,
0x0B0A, 0x0646,
0x8B0A, 0x0646,
0x8B0E, 0x064A,
0x0B0A, 0x0646,
0x0B0A, 0x0668,
0x8B0A, 0x0668,
0x8B0E, 0x066C,
0x0B0A, 0x0668,
0x0B0D, 0x0678,
0x8B0D, 0x0678,
0x8B11, 0x067C,
0x0B0D, 0x0678,
0x0B09, 0x0662,
0x8B09, 0x0662,
0x8B0D, 0x0666,
0x0B09, 0x0662,
0x0B0B, 0x0665,
0x8B0B, 0x0665,
0x8B0F, 0x0669,
0x0B0B, 0x0665,
0x0B0A, 0x065E,
0x8B0A, 0x065E,
0x8B0E, 0x0662,
0x0B0A, 0x065E,
0x0B0B, 0x0667,
0x8B0B, 0x0667,
0x8B0F, 0x066B,
0x0B0B, 0x0667,
0x0B09, 0x066E,
0x8B09, 0x066E,
0x8B0D, 0x0672,
0x0B09, 0x066E,
0x0B19, 0x0648,
0x8B19, 0x0648,
0x8B1D, 0x064C,
0x0B19, 0x0648,
0x0B17, 0x064D,
0x8B17, 0x064D,
0x8B1B, 0x0652,
0x0B17, 0x064D,
0x0B1A, 0x064B,
0x8B1A, 0x064B,
0x8B1E, 0x0650,
0x0B1A, 0x064B,
0x0B1F, 0x064C,
0x8B1F, 0x064C,
0x8B23, 0x0650,
0x0B1F, 0x064C,
0x0B1F, 0x064D,
0x8B1F, 0x064D,
0x8B23, 0x0651,
0x0B1F, 0x064D,
0x0B20, 0x0648,
0x8B20, 0x0648,
0x8B24, 0x064C,
0x0B20, 0x0648,
0x0B1F, 0x064E,
0x8B1F, 0x064E,
0x8B23, 0x0652,
0x0B1F, 0x064E,
0x0B26, 0x064C,
0x8B26, 0x064C,
0x8B2B, 0x0650,
0x0B26, 0x064C,
0x0B27, 0x064D,
0x8B27, 0x064D,
0x8B2B, 0x0651,
0x0B27, 0x064D,
0x0B34, 0x0649,
0x8B34, 0x0649,
0x8B38, 0x064D,
0x0B34, 0x0649,
0x0B28, 0x0650,
0x8B28, 0x0650,
0x8B2C, 0x0654,
0x0B28, 0x0650,
0x0B2B, 0x0650,
0x8B2B, 0x0650,
0x8B2F, 0x0654,
0x0B2B, 0x0650,
0x0B3B, 0x064D,
0x8B3B, 0x064D,
0x8B3F, 0x0651,
0x0B3B, 0x064D,
0x0B3D, 0x064E,
0x8B3D, 0x064E,
0x8B42, 0x0652,
0x0B3D, 0x064E,
0x0B41, 0x0650,
0x8B41, 0x0650,
0x8B45, 0x0654,
0x0B41, 0x0650,
0x0B4D, 0x0651,
0x8B4D, 0x0651,
0x8B51, 0x0655,
0x0B4D, 0x0651,
0x0B51, 0x0653,
0x8B51, 0x0653,
0x8B55, 0x0657,
0x0B51, 0x0653,
0x0B56, 0x0650,
0x8B56, 0x0650,
0x8B5A, 0x0654,
0x0B56, 0x0650,
0x0B6B, 0x0653,
0x8B6B, 0x0653,
0x8B6F, 0x0657,
0x0B6B, 0x0653,
0x0B6C, 0x0654,
0x8B6C, 0x0654,
0x8B70, 0x0658,
0x0B6C, 0x0654,
0x0B6A, 0x0652,
0x8B6A, 0x0652,
0x8B6E, 0x0656,
0x0B6A, 0x0652,
0x0B6B, 0x0653,
0x8B6B, 0x0653,
0x8B70, 0x0657,
0x0B6B, 0x0653,
0x0B75, 0x0650,
0x8B75, 0x0650,
0x8B79, 0x0654,
0x0B75, 0x0650,
0x0B71, 0x0655,
0x8B71, 0x0655,
0x8B75, 0x0659,
0x0B71, 0x0655,
0x0B81, 0x0654,
0x8B81, 0x0654,
0x8B85, 0x0658,
0x0B81, 0x0654,
0x0B81, 0x0652,
0x8B81, 0x0652,
0x8B85, 0x0656,
0x0B81, 0x0652,
0x0B05, 0x0647,
0x8B05, 0x0647,
0x8B0A, 0x064C,
0x0B05, 0x0647,
0x0B03, 0x0653,
0x8B03, 0x0653,
0x8B07, 0x0657,
0x0B03, 0x0653,
0x0B00, 0x065C,
0x8B00, 0x065C,
0x8B05, 0x0661,
0x0B00, 0x065C,
0x0B01, 0x0633,
0x8B01, 0x0633,
0x8B05, 0x0637,
0x0B01, 0x0633,
0x0B01, 0x063E,
0x8B01, 0x063E,
0x8B05, 0x0642,
0x0B01, 0x063E,
0x0B00, 0x0646,
0x8B00, 0x0646,
0x8B04, 0x064A,
0x0B00, 0x0646,
0x0B00, 0x064F,
0x8B00, 0x064F,
0x8B04, 0x0653,
0x0B00, 0x064F,
0x0AFF, 0x063C,
0x8AFF, 0x063C,
0x8B03, 0x0640,
0x0AFF, 0x063C,
0x0AFA, 0x05E7,
0x8AFA, 0x05E7,
0x8AFE, 0x05EB,
0x0AFA, 0x05E7,
0x0B08, 0x05CE,
0x8B08, 0x05CE,
0x8B0C, 0x05D2,
0x0B08, 0x05CE,
0x0B07, 0x05CF,
0x8B07, 0x05CF,
0x8B0B, 0x05D3,
0x0B07, 0x05CF,
0x0B14, 0x066F,
0x8B14, 0x066F,
0x8B18, 0x0673,
0x0B14, 0x066F,
0x0B14, 0x0676,
0x8B14, 0x0676,
0x8B18, 0x067A,
0x0B14, 0x0676,
0x0B11, 0x0676,
0x8B11, 0x0676,
0x8B16, 0x067A,
0x0B11, 0x0676,
0x0B1E, 0x0682,
0x8B1E, 0x0682,
0x8B22, 0x0686,
0x0B1E, 0x0682,
0x0B0F, 0x0695,
0x8B0F, 0x0695,
0x8B13, 0x0699,
0x0B0F, 0x0695,
0x0B0E, 0x0693,
0x8B0E, 0x0693,
0x8B12, 0x0697,
0x0B0E, 0x0693,
0x0B09, 0x0691,
0x8B09, 0x0691,
0x8B0D, 0x0695,
0x0B09, 0x0691,
0x0B09, 0x0691,
0x8B09, 0x0691,
0x8B0D, 0x0695,
0x0B09, 0x0691,
0x0B20, 0x068C,
0x8B20, 0x068C,
0x8B24, 0x0691,
0x0B20, 0x068C,
0x0B22, 0x0689,
0x8B22, 0x0689,
0x8B26, 0x068E,
0x0B22, 0x0689,
0x0B18, 0x0693,
0x8B18, 0x0693,
0x8B1C, 0x0697,
0x0B18, 0x0693,
0x0AFE, 0x0699,
0x8AFE, 0x0699,
0x8B02, 0x069D,
0x0AFE, 0x0699,
0x0B01, 0x0695,
0x8B01, 0x0695,
0x8B06, 0x0699,
0x0B01, 0x0695,
0x0B05, 0x0695,
0x8B05, 0x0695,
0x8B09, 0x0699,
0x0B05, 0x0695,
0x0AE6, 0x0680,
0x8AE6, 0x0680,
0x8AEA, 0x0684,
0x0AE6, 0x0680,
0x0AE7, 0x0683,
0x8AE7, 0x0683,
0x8AEB, 0x0687,
0x0AE7, 0x0683,
0x0AEB, 0x0694,
0x8AEB, 0x0694,
0x8AEF, 0x0698,
0x0AEB, 0x0694,
0x0AEA, 0x068F,
0x8AEA, 0x068F,
0x8AEE, 0x0693,
0x0AEA, 0x068F,
0x0AF4, 0x0693,
0x8AF4, 0x0693,
0x8AF8, 0x0697,
0x0AF4, 0x0693,
0x0AED, 0x0685,
0x8AED, 0x0685,
0x8AF1, 0x068A,
0x0AED, 0x0685,
0x0AF2, 0x0698,
0x8AF2, 0x0698,
0x8AF7, 0x069C,
0x0AF2, 0x0698,
0x0AEC, 0x0681,
0x8AEC, 0x0681,
0x8AF0, 0x0685,
0x0AEC, 0x0681,
0x0AE9, 0x0695,
0x8AE9, 0x0695,
0x8AED, 0x069A,
0x0AE9, 0x0695,
0x0AE2, 0x068F,
0x8AE2, 0x068F,
0x8AE6, 0x0693,
0x0AE2, 0x068F,
0x0AE0, 0x068F,
0x8AE0, 0x068F,
0x8AE4, 0x0693,
0x0AE0, 0x068F,
0x0AE1, 0x0688,
0x8AE1, 0x0688,
0x8AE5, 0x068C,
0x0AE1, 0x0688,
0x0ADD, 0x0696,
0x8ADD, 0x0696,
0x8AE1, 0x069B,
0x0ADD, 0x0696,
0x0AF7, 0x05FE,
0x8AF7, 0x05FE,
0x8AFB, 0x0602,
0x0AF7, 0x05FE,
0x0AFC, 0x0652,
0x8AFC, 0x0652,
0x8B00, 0x0656,
0x0AFC, 0x0652,
0x0AF5, 0x0603,
0x8AF5, 0x0603,
0x8AF9, 0x0607,
0x0AF5, 0x0603,
0x0AF6, 0x05F7,
0x8AF6, 0x05F7,
0x8AFA, 0x05FB,
0x0AF6, 0x05F7,
0x0AF5, 0x05F9,
0x8AF5, 0x05F9,
0x8AF9, 0x05FD,
0x0AF5, 0x05F9,
0x0AF3, 0x05FF,
0x8AF3, 0x05FF,
0x8AF7, 0x0603,
0x0AF3, 0x05FF,
0x0AF4, 0x05F5,
0x8AF4, 0x05F5,
0x8AF9, 0x05F9,
0x0AF4, 0x05F5,
0x0AF5, 0x05F4,
0x8AF5, 0x05F4,
0x8AF9, 0x05F8,
0x0AF5, 0x05F4,
0x0AD8, 0x0648,
0x8AD8, 0x0648,
0x8ADC, 0x064C,
0x0AD8, 0x0648,
0x0ADC, 0x0646,
0x8ADC, 0x0646,
0x8AE0, 0x064A,
0x0ADC, 0x0646,
0x0ADB, 0x0644,
0x8ADB, 0x0644,
0x8ADF, 0x0648,
0x0ADB, 0x0644,
0x0ACF, 0x0644,
0x8ACF, 0x0644,
0x8AD4, 0x0648,
0x0ACF, 0x0644,
0x0AD8, 0x0641,
0x8AD8, 0x0641,
0x8ADC, 0x0645,
0x0AD8, 0x0641,
0x0AD6, 0x0646,
0x8AD6, 0x0646,
0x8ADA, 0x064A,
0x0AD6, 0x0646,
0x0ADA, 0x0644,
0x8ADA, 0x0644,
0x8ADE, 0x0648,
0x0ADA, 0x0644,
0x0AD9, 0x0647,
0x8AD9, 0x0647,
0x8ADE, 0x064B,
0x0AD9, 0x0647,
0x0AE6, 0x0645,
0x8AE6, 0x0645,
0x8AEA, 0x0649,
0x0AE6, 0x0645,
0x0AF3, 0x064B,
0x8AF3, 0x064B,
0x8AF7, 0x064F,
0x0AF3, 0x064B,
0x0AF7, 0x0652,
0x8AF7, 0x0652,
0x8AFC, 0x0656,
0x0AF7, 0x0652,
0x0AF3, 0x0648,
0x8AF3, 0x0648,
0x8AF7, 0x064C,
0x0AF3, 0x0648,
0x0AF7, 0x064D,
0x8AF7, 0x064D,
0x8AFB, 0x0651,
0x0AF7, 0x064D,
0x0AF6, 0x0649,
0x8AF6, 0x0649,
0x8AFA, 0x064D,
0x0AF6, 0x0649,
0x0AF5, 0x0639,
0x8AF5, 0x0639,
0x8AF9, 0x063D,
0x0AF5, 0x0639,
0x0AF3, 0x05FD,
0x8AF3, 0x05FD,
0x8AF7, 0x0601,
0x0AF3, 0x05FD,
0x0AEC, 0x066F,
0x8AEC, 0x066F,
0x8AF0, 0x0673,
0x0AEC, 0x066F,
0x0AED, 0x066E,
0x8AED, 0x066E,
0x8AF1, 0x0673,
0x0AED, 0x066E,
0x0AEC, 0x0671,
0x8AEC, 0x0671,
0x8AF0, 0x0675,
0x0AEC, 0x0671,
0x0AEC, 0x0669,
0x8AEC, 0x0669,
0x8AF0, 0x066D,
0x0AEC, 0x0669,
0x0AED, 0x0666,
0x8AED, 0x0666,
0x8AF1, 0x066A,
0x0AED, 0x0666,
0x0AF1, 0x066C,
0x8AF1, 0x066C,
0x8AF5, 0x0670,
0x0AF1, 0x066C,
0x0AF2, 0x066B,
0x8AF2, 0x066B,
0x8AF6, 0x066F,
0x0AF2, 0x066B,
0x0AEE, 0x0668,
0x8AEE, 0x0668,
0x8AF2, 0x066C,
0x0AEE, 0x0668,
0x0ACA, 0x0646,
0x8ACA, 0x0646,
0x8ACE, 0x064A,
0x0ACA, 0x0646,
0x0AC9, 0x0646,
0x8AC9, 0x0646,
0x8ACD, 0x064A,
0x0AC9, 0x0646,
0x0AD2, 0x0647,
0x8AD2, 0x0647,
0x8AD6, 0x064B,
0x0AD2, 0x0647,
0x0AC9, 0x0649,
0x8AC9, 0x0649,
0x8ACD, 0x064D,
0x0AC9, 0x0649,
0x0ACF, 0x0647,
0x8ACF, 0x0647,
0x8AD3, 0x064B,
0x0ACF, 0x0647,
0x0ACB, 0x0649,
0x8ACB, 0x0649,
0x8ACF, 0x064D,
0x0ACB, 0x0649,
0x0AA3, 0x064F,
0x8AA3, 0x064F,
0x8AA7, 0x0654,
0x0AA3, 0x064F,
0x0AA4, 0x064F,
0x8AA4, 0x064F,
0x8AA8, 0x0653,
0x0AA4, 0x064F,
0x0AAD, 0x0650,
0x8AAD, 0x0650,
0x8AB1, 0x0654,
0x0AAD, 0x0650,
0x0AA6, 0x064F,
0x8AA6, 0x064F,
0x8AAA, 0x0653,
0x0AA6, 0x064F,
0x0AAA, 0x0650,
0x8AAA, 0x0650,
0x8AAE, 0x0654,
0x0AAA, 0x0650,
0x0AB6, 0x064C,
0x8AB6, 0x064C,
0x8ABA, 0x0650,
0x0AB6, 0x064C,
0x0AB0, 0x064A,
0x8AB0, 0x064A,
0x8AB4, 0x064E,
0x0AB0, 0x064A,
0x0AAE, 0x064D,
0x8AAE, 0x064D,
0x8AB2, 0x0651,
0x0AAE, 0x064D,
0x0A7C, 0x05BA,
0x8A7C, 0x05BA,
0x8A80, 0x05BE,
0x0A7C, 0x05BA,
0x0A7F, 0x05B1,
0x8A7F, 0x05B1,
0x8A83, 0x05B6,
0x0A7F, 0x05B1,
0x0A81, 0x05B1,
0x8A81, 0x05B1,
0x8A85, 0x05B5,
0x0A81, 0x05B1,
0x0A7C, 0x05B6,
0x8A7C, 0x05B6,
0x8A80, 0x05BA,
0x0A7C, 0x05B6,
0x0A70, 0x05AC,
0x8A70, 0x05AC,
0x8A74, 0x05B0,
0x0A70, 0x05AC,
0x0A7F, 0x05AF,
0x8A7F, 0x05AF,
0x8A83, 0x05B3,
0x0A7F, 0x05AF,
0x0A77, 0x05B0,
0x8A77, 0x05B0,
0x8A7B, 0x05B4,
0x0A77, 0x05B0,
0x0A77, 0x05B0,
0x8A77, 0x05B0,
0x8A7B, 0x05B4,
0x0A77, 0x05B0,
0x0A6A, 0x05AB,
0x8A6A, 0x05AB,
0x8A6E, 0x05B0,
0x0A6A, 0x05AB,
0x0A85, 0x05BD,
0x8A85, 0x05BD,
0x8A89, 0x05C1,
0x0A85, 0x05BD,
0x0A84, 0x05BF,
0x8A84, 0x05BF,
0x8A88, 0x05C3,
0x0A84, 0x05BF,
0x0A8C, 0x05B9,
0x8A8C, 0x05B9,
0x8A90, 0x05BD,
0x0A8C, 0x05B9,
0x0A8B, 0x05BF,
0x8A8B, 0x05BF,
0x8A8F, 0x05C3,
0x0A8B, 0x05BF,
0x0A8D, 0x05BA,
0x8A8D, 0x05BA,
0x8A91, 0x05BE,
0x0A8D, 0x05BA,
0x0A8A, 0x05B9,
0x8A8A, 0x05B9,
0x8A8E, 0x05BD,
0x0A8A, 0x05B9,
0x0A88, 0x05BF,
0x8A88, 0x05BF,
0x8A8C, 0x05C3,
0x0A88, 0x05BF,
0x0A93, 0x05C2,
0x8A93, 0x05C2,
0x8A97, 0x05C6,
0x0A93, 0x05C2,
0x0A8B, 0x05C1,
0x8A8B, 0x05C1,
0x8A8F, 0x05C5,
0x0A8B, 0x05C1,
0x0A9B, 0x05C1,
0x8A9B, 0x05C1,
0x8A9F, 0x05C5,
0x0A9B, 0x05C1,
0x0A91, 0x05BF,
0x8A91, 0x05BF,
0x8A95, 0x05C3,
0x0A91, 0x05BF,
0x0A93, 0x05C5,
0x8A93, 0x05C5,
0x8A98, 0x05C9,
0x0A93, 0x05C5,
0x0A92, 0x05C9,
0x8A92, 0x05C9,
0x8A96, 0x05CD,
0x0A92, 0x05C9,
0x0AA3, 0x05CB,
0x8AA3, 0x05CB,
0x8AA7, 0x05CF,
0x0AA3, 0x05CB,
0x0AA4, 0x05CC,
0x8AA4, 0x05CC,
0x8AA8, 0x05D0,
0x0AA4, 0x05CC,
0x0AA8, 0x05C9,
0x8AA8, 0x05C9,
0x8AAC, 0x05CD,
0x0AA8, 0x05C9,
0x0AB0, 0x05C5,
0x8AB0, 0x05C5,
0x8AB4, 0x05CA,
0x0AB0, 0x05C5,
0x0AB3, 0x05C8,
0x8AB3, 0x05C8,
0x8AB7, 0x05CC,
0x0AB3, 0x05C8,
0x0AB8, 0x05C7,
0x8AB8, 0x05C7,
0x8ABC, 0x05CB,
0x0AB8, 0x05C7,
0x0ABB, 0x05CC,
0x8ABB, 0x05CC,
0x8ABF, 0x05D0,
0x0ABB, 0x05CC,
0x0ABF, 0x05CD,
0x8ABF, 0x05CD,
0x8AC3, 0x05D1,
0x0ABF, 0x05CD,
0x0ABF, 0x05CC,
0x8ABF, 0x05CC,
0x8AC4, 0x05D0,
0x0ABF, 0x05CC,
0x0ABC, 0x05CC,
0x8ABC, 0x05CC,
0x8AC0, 0x05D0,
0x0ABC, 0x05CC,
0x0AC2, 0x05C8,
0x8AC2, 0x05C8,
0x8AC6, 0x05CC,
0x0AC2, 0x05C8,
0x0AC6, 0x05C9,
0x8AC6, 0x05C9,
0x8ACA, 0x05CD,
0x0AC6, 0x05C9,
0x0AC6, 0x05C8,
0x8AC6, 0x05C8,
0x8ACB, 0x05CC,
0x0AC6, 0x05C8,
0x0ACC, 0x05C5,
0x8ACC, 0x05C5,
0x8AD0, 0x05CA,
0x0ACC, 0x05C5,
0x0ACA, 0x05C5,
0x8ACA, 0x05C5,
0x8ACE, 0x05C9,
0x0ACA, 0x05C5,
0x0AD5, 0x05CD,
0x8AD5, 0x05CD,
0x8AD9, 0x05D1,
0x0AD5, 0x05CD,
0x0AD3, 0x05CA,
0x8AD3, 0x05CA,
0x8AD8, 0x05CE,
0x0AD3, 0x05CA,
0x0ADE, 0x05CA,
0x8ADE, 0x05CA,
0x8AE2, 0x05CE,
0x0ADE, 0x05CA,
0x0AE2, 0x05C7,
0x8AE2, 0x05C7,
0x8AE6, 0x05CB,
0x0AE2, 0x05C7,
0x0AE8, 0x05CA,
0x8AE8, 0x05CA,
0x8AEC, 0x05CE,
0x0AE8, 0x05CA,
0x0AE9, 0x05C8,
0x8AE9, 0x05C8,
0x8AED, 0x05CC,
0x0AE9, 0x05C8,
0x0AEC, 0x05C5,
0x8AEC, 0x05C5,
0x8AF0, 0x05C9,
0x0AEC, 0x05C5,
0x0AED, 0x05C6,
0x8AED, 0x05C6,
0x8AF1, 0x05CA,
0x0AED, 0x05C6,
0x0AF5, 0x05D0,
0x8AF5, 0x05D0,
0x8AF9, 0x05D4,
0x0AF5, 0x05D0,
0x0AF7, 0x05D3,
0x8AF7, 0x05D3,
0x8AFB, 0x05D7,
0x0AF7, 0x05D3,
0x0AFB, 0x05BE,
0x8AFB, 0x05BE,
0x8AFF, 0x05C2,
0x0AFB, 0x05BE,
0x0AF6, 0x05CD,
0x8AF6, 0x05CD,
0x8AFB, 0x05D1,
0x0AF6, 0x05CD,
0x0B01, 0x05B6,
0x8B01, 0x05B6,
0x8B05, 0x05BA,
0x0B01, 0x05B6,
0x0AFF, 0x05B8,
0x8AFF, 0x05B8,
0x8B03, 0x05BC,
0x0AFF, 0x05B8,
0x0AFC, 0x05C0,
0x8AFC, 0x05C0,
0x8B00, 0x05C4,
0x0AFC, 0x05C0,
0x0B00, 0x05B5,
0x8B00, 0x05B5,
0x8B05, 0x05B9,
0x0B00, 0x05B5,
0x0AFF, 0x057D,
0x8AFF, 0x057D,
0x8B04, 0x0581,
0x0AFF, 0x057D,
0x0AFF, 0x0585,
0x8AFF, 0x0585,
0x8B03, 0x0589,
0x0AFF, 0x0585,
0x0B00, 0x0583,
0x8B00, 0x0583,
0x8B04, 0x0587,
0x0B00, 0x0583,
0x0AFB, 0x0588,
0x8AFB, 0x0588,
0x8AFF, 0x058C,
0x0AFB, 0x0588,
0x0AFC, 0x0581,
0x8AFC, 0x0581,
0x8B00, 0x0585,
0x0AFC, 0x0581,
0x0AFD, 0x058E,
0x8AFD, 0x058E,
0x8B01, 0x0592,
0x0AFD, 0x058E,
0x0AFE, 0x0589,
0x8AFE, 0x0589,
0x8B02, 0x058D,
0x0AFE, 0x0589,
0x0AFB, 0x0592,
0x8AFB, 0x0592,
0x8AFF, 0x0596,
0x0AFB, 0x0592,
0x0B01, 0x05A2,
0x8B01, 0x05A2,
0x8B05, 0x05A6,
0x0B01, 0x05A2,
0x0AFC, 0x0594,
0x8AFC, 0x0594,
0x8B00, 0x0598,
0x0AFC, 0x0594,
0x0A72, 0x05E4,
0x8A72, 0x05E4,
0x8A76, 0x05E8,
0x0A72, 0x05E4,
0x0A71, 0x05E2,
0x8A71, 0x05E2,
0x8A75, 0x05E6,
0x0A71, 0x05E2,
0x0A76, 0x05DE,
0x8A76, 0x05DE,
0x8A7A, 0x05E3,
0x0A76, 0x05DE,
0x0A78, 0x05DD,
0x8A78, 0x05DD,
0x8A7C, 0x05E1,
0x0A78, 0x05DD,
0x0A83, 0x05E1,
0x8A83, 0x05E1,
0x8A87, 0x05E5,
0x0A83, 0x05E1,
0x0A88, 0x05D9,
0x8A88, 0x05D9,
0x8A8C, 0x05DD,
0x0A88, 0x05D9,
0x0A96, 0x05D6,
0x8A96, 0x05D6,
0x8A9A, 0x05DA,
0x0A96, 0x05D6,
0x0A97, 0x05D6,
0x8A97, 0x05D6,
0x8A9B, 0x05DA,
0x0A97, 0x05D6,
0x0A94, 0x05D5,
0x8A94, 0x05D5,
0x8A98, 0x05D9,
0x0A94, 0x05D5,
0x0A56, 0x05C2,
0x8A56, 0x05C2,
0x8A5A, 0x05C6,
0x0A56, 0x05C2,
0x0A62, 0x05A5,
0x8A62, 0x05A5,
0x8A66, 0x05A9,
0x0A62, 0x05A5,
0x0A59, 0x05BC,
0x8A59, 0x05BC,
0x8A5D, 0x05C0,
0x0A59, 0x05BC,
0x0A56, 0x05B1,
0x8A56, 0x05B1,
0x8A5A, 0x05B5,
0x0A56, 0x05B1,
0x0A58, 0x05A1,
0x8A58, 0x05A1,
0x8A5C, 0x05A5,
0x0A58, 0x05A1,
0x0A5C, 0x059D,
0x8A5C, 0x059D,
0x8A60, 0x05A1,
0x0A5C, 0x059D,
0x0A5A, 0x0599,
0x8A5A, 0x0599,
0x8A5E, 0x059D,
0x0A5A, 0x0599,
0x0A56, 0x05A1,
0x8A56, 0x05A1,
0x8A5A, 0x05A5,
0x0A56, 0x05A1,
0x0A59, 0x059B,
0x8A59, 0x059B,
0x8A5D, 0x059F,
0x0A59, 0x059B,
0x0A5C, 0x058F,
0x8A5C, 0x058F,
0x8A60, 0x0593,
0x0A5C, 0x058F,
0x0A5A, 0x0596,
0x8A5A, 0x0596,
0x8A5E, 0x059A,
0x0A5A, 0x0596,
0x0A57, 0x058C,
0x8A57, 0x058C,
0x8A5B, 0x0590,
0x0A57, 0x058C,
0x0A5A, 0x0592,
0x8A5A, 0x0592,
0x8A5E, 0x0596,
0x0A5A, 0x0592,
0x0A58, 0x058F,
0x8A58, 0x058F,
0x8A5C, 0x0593,
0x0A58, 0x058F,
0x0A58, 0x058D,
0x8A58, 0x058D,
0x8A5D, 0x0591,
0x0A58, 0x058D,
0x0A5B, 0x0592,
0x8A5B, 0x0592,
0x8A5F, 0x0596,
0x0A5B, 0x0592,
0x0A69, 0x05E1,
0x8A69, 0x05E1,
0x8A6D, 0x05E5,
0x0A69, 0x05E1,
0x0A5A, 0x05D5,
0x8A5A, 0x05D5,
0x8A5E, 0x05D9,
0x0A5A, 0x05D5,
0x0A60, 0x05DF,
0x8A60, 0x05DF,
0x8A64, 0x05E3,
0x0A60, 0x05DF,
0x0A63, 0x05E4,
0x8A63, 0x05E4,
0x8A67, 0x05E8,
0x0A63, 0x05E4,
0x0A59, 0x05DD,
0x8A59, 0x05DD,
0x8A5D, 0x05E1,
0x0A59, 0x05DD,
0x0A5C, 0x05E2,
0x8A5C, 0x05E2,
0x8A60, 0x05E6,
0x0A5C, 0x05E2,
0x0A5E, 0x05EB,
0x8A5E, 0x05EB,
0x8A62, 0x05EF,
0x0A5E, 0x05EB,
0x0A59, 0x05E2,
0x8A59, 0x05E2,
0x8A5D, 0x05E6,
0x0A59, 0x05E2,
0x0A55, 0x05E2,
0x8A55, 0x05E2,
0x8A59, 0x05E7,
0x0A55, 0x05E2,
0x0A5A, 0x05EA,
0x8A5A, 0x05EA,
0x8A5E, 0x05EE,
0x0A5A, 0x05EA,
0x0A5A, 0x05ED,
0x8A5A, 0x05ED,
0x8A5E, 0x05F1,
0x0A5A, 0x05ED,
0x0A55, 0x05F5,
0x8A55, 0x05F5,
0x8A5A, 0x05F9,
0x0A55, 0x05F5,
0x0A55, 0x05F5,
0x8A55, 0x05F5,
0x8A59, 0x05F9,
0x0A55, 0x05F5,
0x0A55, 0x060A,
0x8A55, 0x060A,
0x8A59, 0x060E,
0x0A55, 0x060A,
0x0A55, 0x0649,
0x8A55, 0x0649,
0x8A59, 0x064D,
0x0A55, 0x0649,
0x0A55, 0x0645,
0x8A55, 0x0645,
0x8A59, 0x0649,
0x0A55, 0x0645,
0x0A58, 0x0641,
0x8A58, 0x0641,
0x8A5C, 0x0645,
0x0A58, 0x0641,
0x0A5B, 0x0627,
0x8A5B, 0x0627,
0x8A5F, 0x062B,
0x0A5B, 0x0627,
0x0A5B, 0x0624,
0x8A5B, 0x0624,
0x8A5F, 0x0628,
0x0A5B, 0x0624,
0x0A5A, 0x061F,
0x8A5A, 0x061F,
0x8A5E, 0x0623,
0x0A5A, 0x061F,
0x0A57, 0x061E,
0x8A57, 0x061E,
0x8A5C, 0x0622,
0x0A57, 0x061E,
0x0A66, 0x062E,
0x8A66, 0x062E,
0x8A6A, 0x0633,
0x0A66, 0x062E,
0x0A6C, 0x0634,
0x8A6C, 0x0634,
0x8A70, 0x0638,
0x0A6C, 0x0634,
0x0A6A, 0x0633,
0x8A6A, 0x0633,
0x8A6E, 0x0637,
0x0A6A, 0x0633,
0x0A9E, 0x0650,
0x8A9E, 0x0650,
0x8AA2, 0x0654,
0x0A9E, 0x0650,
0x0A98, 0x064A,
0x8A98, 0x064A,
0x8A9C, 0x064F,
0x0A98, 0x064A,
0x0A8C, 0x0647,
0x8A8C, 0x0647,
0x8A90, 0x064B,
0x0A8C, 0x0647,
0x0A89, 0x0645,
0x8A89, 0x0645,
0x8A8D, 0x0649,
0x0A89, 0x0645,
0x0A85, 0x0645,
0x8A85, 0x0645,
0x8A89, 0x064A,
0x0A85, 0x0645,
0x0A89, 0x0645,
0x8A89, 0x0645,
0x8A8D, 0x0649,
0x0A89, 0x0645,
0x0A83, 0x0643,
0x8A83, 0x0643,
0x8A87, 0x0647,
0x0A83, 0x0643,
0x0A76, 0x0657,
0x8A76, 0x0657,
0x8A7A, 0x065B,
0x0A76, 0x0657,
0x0A8C, 0x0655,
0x8A8C, 0x0655,
0x8A90, 0x0659,
0x0A8C, 0x0655,
0x0A7E, 0x0652,
0x8A7E, 0x0652,
0x8A82, 0x0656,
0x0A7E, 0x0652,
0x0A7F, 0x0655,
0x8A7F, 0x0655,
0x8A83, 0x0659,
0x0A7F, 0x0655,
0x0A81, 0x0650,
0x8A81, 0x0650,
0x8A86, 0x0654,
0x0A81, 0x0650,
0x0A55, 0x0667,
0x8A55, 0x0667,
0x8A59, 0x066B,
0x0A55, 0x0667,
0x0A5D, 0x0669,
0x8A5D, 0x0669,
0x8A61, 0x066D,
0x0A5D, 0x0669,
0x0A55, 0x0667,
0x8A55, 0x0667,
0x8A59, 0x066B,
0x0A55, 0x0667,
0x0A59, 0x066D,
0x8A59, 0x066D,
0x8A5D, 0x0671,
0x0A59, 0x066D,
0x0A62, 0x0666,
0x8A62, 0x0666,
0x8A66, 0x066A,
0x0A62, 0x0666,
0x0A70, 0x065E,
0x8A70, 0x065E,
0x8A74, 0x0662,
0x0A70, 0x065E
};

const unsigned short draw_5[] PROGMEM = {
0x0C37, 0x070A,
0x8C37, 0x070A,
0x8C3F, 0x070D,
0x8C43, 0x0715,
0x8C47, 0x071C,
0x8C4C, 0x0723,
0x8C53, 0x0727,
0x8C5A, 0x072C,
0x8C60, 0x0732,
0x8C67, 0x0736,
0x8C6E, 0x073B,
0x8C73, 0x0742,
0x8C7B, 0x0746,
0x8C81, 0x074B,
0x8C89, 0x074E,
0x8C8F, 0x0754,
0x8C96, 0x0758,
0x8C9D, 0x0753,
0x8CA5, 0x0752,
0x8CAD, 0x0751,
0x8CB5, 0x074E,
0x8CBD, 0x0750,
0x8CC5, 0x074E,
0x8CCD, 0x074E,
0x8CD5, 0x074E,
0x8CDE, 0x074E,
0x8CE6, 0x074E,
0x8CEF, 0x074E,
0x8CF7, 0x074E,
0x8CFF, 0x074F,
0x8D07, 0x0752,
0x8D0F, 0x074F,
0x8D16, 0x0751,
0x8D14, 0x0761,
0x8D0D, 0x0764,
0x8D05, 0x0764,
0x8CFD, 0x0761,
0x8CF5, 0x0761,
0x8CEC, 0x0761,
0x8CE3, 0x0761,
0x8CDA, 0x0761,
0x8CD2, 0x0761,
0x8CC9, 0x0763,
0x8CC7, 0x076A,
0x8CCE, 0x076F,
0x8CD5, 0x0774,
0x8CDC, 0x077A,
0x8CD4, 0x078A,
0x8CCD, 0x0785,
0x8CCA, 0x0786,
0x8CC7, 0x078D,
0x8CC6, 0x0795,
0x8CC7, 0x079C,
0x8CCE, 0x079C,
0x8CD5, 0x0799,
0x8CDC, 0x0796,
0x8CE0, 0x0791,
0x8CDA, 0x078D,
0x8CD4, 0x078A,
0x8CDC, 0x077A,
0x8CE3, 0x077E,
0x8CEA, 0x0783,
0x8CF3, 0x0785,
0x8CFB, 0x0786,
0x8D04, 0x0788,
0x8D0D, 0x0789,
0x8D15, 0x0788,
0x8D1E, 0x0788,
0x8D27, 0x0788,
0x8D2F, 0x0789,
0x8D37, 0x0789,
0x8D40, 0x0788,
0x8D49, 0x0788,
0x8D52, 0x0788,
0x8D5A, 0x0787,
0x8D5E, 0x0780,
0x8D5E, 0x0777,
0x8D5E, 0x076F,
0x8D5B, 0x0766,
0x8D5A, 0x075F,
0x8D51, 0x075F,
0x8D48, 0x075F,
0x8D40, 0x075F,
0x8D37, 0x075F,
0x8D2F, 0x075F,
0x8D2F, 0x075F,
0x8D25, 0x0761,
0x8D1D, 0x0761,
0x8D14, 0x0761,
0x8D16, 0x0751,
0x8D1F, 0x0751,
0x8D26, 0x074E,
0x8D2F, 0x074E,
0x8D36, 0x074C,
0x8D3E, 0x074B,
0x8D47, 0x074B,
0x8D4F, 0x074B,
0x8D57, 0x0748,
0x8D59, 0x073F,
0x8D59, 0x0737,
0x8D58, 0x072E,
0x8D5C, 0x0728,
0x8D64, 0x0726,
0x8D67, 0x072E,
0x8D67, 0x0736,
0x8D68, 0x073E,
0x8D6D, 0x0745,
0x8D6E, 0x074D,
0x8D70, 0x0754,
0x8D70, 0x075D,
0x8D70, 0x0766,
0x8D71, 0x076E,
0x8D70, 0x0776,
0x8D70, 0x077F,
0x8D70, 0x0787,
0x8D71, 0x078F,
0x8D6E, 0x0797,
0x8D6E, 0x079F,
0x8D5E, 0x079D,
0x8D5A, 0x0799,
0x8D51, 0x079C,
0x8D48, 0x079C,
0x8D40, 0x079C,
0x8D37, 0x079C,
0x8D2E, 0x079C,
0x8D26, 0x079C,
0x8D1D, 0x079C,
0x8D14, 0x079C,
0x8D0C, 0x079C,
0x8D05, 0x07A0,
0x8CFD, 0x07A1,
0x8CF4, 0x07A1,
0x8CEC, 0x07A3,
0x8CE4, 0x07A8,
0x8CE2, 0x07B0,
0x8CE9, 0x07B5,
0x8CDA, 0x07C4,
0x8CD3, 0x07C2,
0x8CCB, 0x07C0,
0x8CCA, 0x07C1,
0x8CC7, 0x07C8,
0x8CCC, 0x07CE,
0x8CD5, 0x07CE,
0x8CDC, 0x07CC,
0x8CDA, 0x07C4,
0x8CE9, 0x07B5,
0x8CF0, 0x07BA,
0x8CF7, 0x07BE,
0x8CFF, 0x07C2,
0x8D07, 0x07C2,
0x8D10, 0x07C2,
0x8D18, 0x07BE,
0x8D20, 0x07BE,
0x8D29, 0x07BE,
0x8D31, 0x07BE,
0x8D3A, 0x07BC,
0x8D42, 0x07BB,
0x8D4B, 0x07BB,
0x8D53, 0x07BB,
0x8D58, 0x07B5,
0x8D5D, 0x07AE,
0x8D5E, 0x07A5,
0x8D5E, 0x079D,
0x8D6E, 0x079F,
0x8D71, 0x07A7,
0x8D70, 0x07AF,
0x8D6D, 0x07B7,
0x8D6A, 0x07BE,
0x8D6C, 0x07C5,
0x8D6D, 0x07CE,
0x8D6D, 0x07D6,
0x8D6F, 0x07DE,
0x8D71, 0x07E6,
0x8D73, 0x07EE,
0x8D75, 0x07F6,
0x8D79, 0x07FE,
0x8D7A, 0x0806,
0x8D6A, 0x0807,
0x8D67, 0x0800,
0x8D62, 0x07FD,
0x8D61, 0x0805,
0x8D61, 0x080D,
0x8D61, 0x0815,
0x8D61, 0x081D,
0x8D60, 0x0825,
0x8D5B, 0x082B,
0x8D5A, 0x0833,
0x8D60, 0x0836,
0x8D67, 0x0833,
0x8D6F, 0x0832,
0x8D74, 0x082D,
0x8D72, 0x0825,
0x8D6F, 0x081E,
0x8D6C, 0x0817,
0x8D6B, 0x080F,
0x8D6A, 0x0807,
0x8D7A, 0x0806,
0x8D7F, 0x080D,
0x8D7F, 0x0815,
0x8D84, 0x081C,
0x8D86, 0x0825,
0x8D8B, 0x082C,
0x8D8F, 0x0833,
0x8D91, 0x083B,
0x8D90, 0x0843,
0x8D89, 0x0847,
0x8D80, 0x0847,
0x8D78, 0x0846,
0x8D70, 0x0843,
0x8D69, 0x0847,
0x8D61, 0x084A,
0x8D59, 0x084B,
0x8D51, 0x084E,
0x8D49, 0x084F,
0x8D42, 0x0853,
0x8D3B, 0x0850,
0x8D36, 0x0849,
0x8D36, 0x0841,
0x8D3A, 0x083A,
0x8D42, 0x0837,
0x8D46, 0x0832,
0x8D41, 0x082C,
0x8D39, 0x082B,
0x8D30, 0x082B,
0x8D28, 0x082B,
0x8D26, 0x081B,
0x8D2E, 0x0818,
0x8D35, 0x0819,
0x8D3D, 0x081B,
0x8D44, 0x0818,
0x8D4B, 0x0816,
0x8D4F, 0x080F,
0x8D51, 0x0807,
0x8D49, 0x0804,
0x8D42, 0x0801,
0x8D3A, 0x0801,
0x8D31, 0x0801,
0x8D29, 0x0801,
0x8D21, 0x0800,
0x8D1A, 0x07FC,
0x8D15, 0x07FD,
0x8D15, 0x07ED,
0x8D1E, 0x07ED,
0x8D27, 0x07ED,
0x8D30, 0x07ED,
0x8D38, 0x07ED,
0x8D41, 0x07ED,
0x8D4A, 0x07ED,
0x8D50, 0x07F1,
0x8D57, 0x07EB,
0x8D56, 0x07E2,
0x8D54, 0x07DA,
0x8D53, 0x07D2,
0x8D4C, 0x07CE,
0x8D44, 0x07CB,
0x8D3F, 0x07CC,
0x8D36, 0x07CF,
0x8D2D, 0x07CF,
0x8D24, 0x07CF,
0x8D1C, 0x07CF,
0x8D14, 0x07D3,
0x8D0D, 0x07D7,
0x8D04, 0x07D7,
0x8CFC, 0x07D7,
0x8CF3, 0x07D8,
0x8CED, 0x07DE,
0x8CEB, 0x07E5,
0x8CF4, 0x07E6,
0x8CFC, 0x07EA,
0x8D04, 0x07ED,
0x8D0D, 0x07ED,
0x8D15, 0x07ED,
0x8D15, 0x07FD,
0x8D0E, 0x0801,
0x8D06, 0x0801,
0x8CFE, 0x0803,
0x8CF6, 0x0805,
0x8CEE, 0x0807,
0x8CE8, 0x080B,
0x8CE1, 0x0810,
0x8CE0, 0x0816,
0x8CE7, 0x081B,
0x8CEF, 0x081B,
0x8CF7, 0x081C,
0x8CFE, 0x0818,
0x8D06, 0x0817,
0x8D0F, 0x0817,
0x8D16, 0x0819,
0x8D1E, 0x081C,
0x8D26, 0x081B,
0x8D28, 0x082B,
0x8D20, 0x082C,
0x8D19, 0x0830,
0x8D10, 0x0830,
0x8D09, 0x082D,
0x8D01, 0x082C,
0x8CFA, 0x0830,
0x8CF2, 0x0832,
0x8CEA, 0x0833,
0x8CE1, 0x0833,
0x8CD9, 0x0836,
0x8CD2, 0x0839,
0x8CCB, 0x083D,
0x8CC1, 0x082C,
0x8CC7, 0x0828,
0x8CCD, 0x0822,
0x8CC8, 0x081E,
0x8CC1, 0x081C,
0x8CBC, 0x081C,
0x8CBB, 0x0825,
0x8CBB, 0x082D,
0x8CC1, 0x082C,
0x8CCB, 0x083D,
0x8CC4, 0x0842,
0x8CBD, 0x0847,
0x8CB5, 0x084A,
0x8CAE, 0x0847,
0x8CA7, 0x0841,
0x8CA1, 0x083C,
0x8CA0, 0x0833,
0x8CA3, 0x082B,
0x8CA5, 0x0823,
0x8CA6, 0x081B,
0x8CA6, 0x0813,
0x8CA6, 0x080A,
0x8CA6, 0x0802,
0x8CA6, 0x07F9,
0x8CA9, 0x07F2,
0x8CAE, 0x07EB,
0x8CC0, 0x07F1,
0x8CC0, 0x07F9,
0x8CC2, 0x0800,
0x8CC8, 0x0804,
0x8CCF, 0x0800,
0x8CD6, 0x07FE,
0x8CDC, 0x07F9,
0x8CDB, 0x07F3,
0x8CD5, 0x07EF,
0x8CCD, 0x07EE,
0x8CC7, 0x07EA,
0x8CC5, 0x07EB,
0x8CC0, 0x07F1,
0x8CAE, 0x07EB,
0x8CAE, 0x07E2,
0x8CAE, 0x07DA,
0x8CAF, 0x07D2,
0x8CB2, 0x07CA,
0x8CB2, 0x07C2,
0x8CB2, 0x07B9,
0x8CB2, 0x07B1,
0x8CB2, 0x07A8,
0x8CB2, 0x07A0,
0x8CB2, 0x0797,
0x8CB2, 0x078F,
0x8CB2, 0x0786,
0x8CB2, 0x077E,
0x8CB2, 0x0775,
0x8CB2, 0x076D,
0x8CAF, 0x0766,
0x8CA6, 0x0766,
0x8C9E, 0x0767,
0x8C96, 0x076A,
0x8C8E, 0x076A,
0x8C85, 0x076A,
0x8C7D, 0x076D,
0x8C78, 0x0773,
0x8C70, 0x0777,
0x8C6A, 0x077C,
0x8C62, 0x077E,
0x8C5C, 0x0785,
0x8C57, 0x078B,
0x8C54, 0x0793,
0x8C4C, 0x0796,
0x8C44, 0x0798,
0x8C3C, 0x0798,
0x8C34, 0x0796,
0x8C2F, 0x0790,
0x8C30, 0x0788,
0x8C33, 0x0780,
0x8C33, 0x0778,
0x8C33, 0x076F,
0x8C34, 0x0767,
0x8C33, 0x075F,
0x8C34, 0x0756,
0x8C33, 0x074E,
0x8C33, 0x0746,
0x8C33, 0x073E,
0x8C43, 0x073F,
0x8C43, 0x0747,
0x8C44, 0x074F,
0x8C45, 0x0757,
0x8C45, 0x075F,
0x8C45, 0x0767,
0x8C45, 0x076F,
0x8C45, 0x0777,
0x8C45, 0x077E,
0x8C4D, 0x077C,
0x8C52, 0x0777,
0x8C57, 0x0771,
0x8C5E, 0x076E,
0x8C64, 0x0769,
0x8C6A, 0x0763,
0x8C70, 0x075F,
0x8C75, 0x075A,
0x8C70, 0x0755,
0x8C6A, 0x0750,
0x8C64, 0x074B,
0x8C5D, 0x0747,
0x8C57, 0x0742,
0x8C52, 0x073D,
0x8C4B, 0x0739,
0x8C46, 0x0738,
0x8C43, 0x073F,
0x8C33, 0x073E,
0x8C34, 0x0736,
0x8C33, 0x072D,
0x8C2F, 0x0726,
0x8C2F, 0x071E,
0x8C2F, 0x0715,
0x8C33, 0x070F,
0x8C37, 0x070A,
0x0C37, 0x070A,
0x0D58, 0x0750,
0x8D58, 0x0750,
0x8D5C, 0x0754,
0x0D58, 0x0750,
0x0D5F, 0x0759,
0x8D5F, 0x0759,
0x8D63, 0x075D,
0x0D5F, 0x0759,
0x0D5A, 0x0757,
0x8D5A, 0x0757,
0x8D5F, 0x075B,
0x0D5A, 0x0757,
0x0D5F, 0x0758,
0x8D5F, 0x0758,
0x8D63, 0x075C,
0x0D5F, 0x0758,
0x0D5C, 0x0754,
0x8D5C, 0x0754,
0x8D60, 0x0758,
0x0D5C, 0x0754,
0x0D5E, 0x0737,
0x8D5E, 0x0737,
0x8D62, 0x073B,
0x0D5E, 0x0737,
0x0D5E, 0x0754,
0x8D5E, 0x0754,
0x8D62, 0x0759,
0x0D5E, 0x0754,
0x0D5F, 0x074C,
0x8D5F, 0x074C,
0x8D63, 0x0750,
0x0D5F, 0x074C,
0x0D61, 0x0748,
0x8D61, 0x0748,
0x8D65, 0x074C,
0x0D61, 0x0748,
0x0D5E, 0x0753,
0x8D5E, 0x0753,
0x8D62, 0x0757,
0x0D5E, 0x0753,
0x0D5B, 0x078C,
0x8D5B, 0x078C,
0x8D5F, 0x0790,
0x0D5B, 0x078C,
0x0D5C, 0x078C,
0x8D5C, 0x078C,
0x8D60, 0x0791,
0x0D5C, 0x078C,
0x0D60, 0x078E,
0x8D60, 0x078E,
0x8D64, 0x0792,
0x0D60, 0x078E,
0x0D62, 0x078C,
0x8D62, 0x078C,
0x8D66, 0x0790,
0x0D62, 0x078C,
0x0D62, 0x0774,
0x8D62, 0x0774,
0x8D66, 0x0778,
0x0D62, 0x0774,
0x0D66, 0x076B,
0x8D66, 0x076B,
0x8D6B, 0x076F,
0x0D66, 0x076B,
0x0D67, 0x0771,
0x8D67, 0x0771,
0x8D6B, 0x0775,
0x0D67, 0x0771,
0x0D60, 0x0788,
0x8D60, 0x0788,
0x8D64, 0x078C,
0x0D60, 0x0788,
0x0D66, 0x0767,
0x8D66, 0x0767,
0x8D6A, 0x076B,
0x0D66, 0x0767,
0x0D61, 0x0788,
0x8D61, 0x0788,
0x8D65, 0x078C,
0x0D61, 0x0788,
0x0D65, 0x0765,
0x8D65, 0x0765,
0x8D69, 0x076A,
0x0D65, 0x0765,
0x0D63, 0x07A4,
0x8D63, 0x07A4,
0x8D67, 0x07A8,
0x0D63, 0x07A4,
0x0D69, 0x07E8,
0x8D69, 0x07E8,
0x8D6E, 0x07ED,
0x0D69, 0x07E8,
0x0D6B, 0x07EF,
0x8D6B, 0x07EF,
0x8D6F, 0x07F3,
0x0D6B, 0x07EF,
0x0D6C, 0x07EE,
0x8D6C, 0x07EE,
0x8D70, 0x07F3,
0x0D6C, 0x07EE,
0x0D6B, 0x07FB,
0x8D6B, 0x07FB,
0x8D6F, 0x07FF,
0x0D6B, 0x07FB,
0x0D6B, 0x07F7,
0x8D6B, 0x07F7,
0x8D6F, 0x07FB,
0x0D6B, 0x07F7,
0x0D55, 0x078D,
0x8D55, 0x078D,
0x8D59, 0x0791,
0x0D55, 0x078D,
0x0D4B, 0x078E,
0x8D4B, 0x078E,
0x8D4F, 0x0792,
0x0D4B, 0x078E,
0x0D38, 0x0793,
0x8D38, 0x0793,
0x8D3C, 0x0797,
0x0D38, 0x0793,
0x0D3B, 0x0792,
0x8D3B, 0x0792,
0x8D3F, 0x0796,
0x0D3B, 0x0792,
0x0D38, 0x078E,
0x8D38, 0x078E,
0x8D3C, 0x0792,
0x0D38, 0x078E,
0x0D39, 0x078F,
0x8D39, 0x078F,
0x8D3D, 0x0793,
0x0D39, 0x078F,
0x0D36, 0x078D,
0x8D36, 0x078D,
0x8D3A, 0x0791,
0x0D36, 0x078D,
0x0D30, 0x078F,
0x8D30, 0x078F,
0x8D34, 0x0794,
0x0D30, 0x078F,
0x0D2C, 0x078E,
0x8D2C, 0x078E,
0x8D30, 0x0792,
0x0D2C, 0x078E,
0x0D2A, 0x0792,
0x8D2A, 0x0792,
0x8D2E, 0x0796,
0x0D2A, 0x0792,
0x0D23, 0x0794,
0x8D23, 0x0794,
0x8D27, 0x0798,
0x0D23, 0x0794,
0x0D26, 0x0795,
0x8D26, 0x0795,
0x8D2A, 0x0799,
0x0D26, 0x0795,
0x0D26, 0x078C,
0x8D26, 0x078C,
0x8D2A, 0x0790,
0x0D26, 0x078C,
0x0D13, 0x0792,
0x8D13, 0x0792,
0x8D17, 0x0796,
0x0D13, 0x0792,
0x0D0F, 0x0791,
0x8D0F, 0x0791,
0x8D13, 0x0795,
0x0D0F, 0x0791,
0x0D01, 0x0794,
0x8D01, 0x0794,
0x8D05, 0x0798,
0x0D01, 0x0794,
0x0D01, 0x078C,
0x8D01, 0x078C,
0x8D05, 0x0790,
0x0D01, 0x078C,
0x0CFD, 0x078D,
0x8CFD, 0x078D,
0x8D01, 0x0791,
0x0CFD, 0x078D,
0x0CF4, 0x0794,
0x8CF4, 0x0794,
0x8CF8, 0x0798,
0x0CF4, 0x0794,
0x0CF6, 0x0795,
0x8CF6, 0x0795,
0x8CFA, 0x0799,
0x0CF6, 0x0795,
0x0CFF, 0x078D,
0x8CFF, 0x078D,
0x8D03, 0x0791,
0x0CFF, 0x078D,
0x0CF5, 0x078E,
0x8CF5, 0x078E,
0x8CFA, 0x0792,
0x0CF5, 0x078E,
0x0CF8, 0x078A,
0x8CF8, 0x078A,
0x8CFC, 0x078E,
0x0CF8, 0x078A,
0x0CFE, 0x0789,
0x8CFE, 0x0789,
0x8D02, 0x078E,
0x0CFE, 0x0789,
0x0CF7, 0x078A,
0x8CF7, 0x078A,
0x8CFB, 0x078E,
0x0CF7, 0x078A,
0x0CEB, 0x078E,
0x8CEB, 0x078E,
0x8CEF, 0x0792,
0x0CEB, 0x078E,
0x0CEC, 0x078E,
0x8CEC, 0x078E,
0x8CF0, 0x0792,
0x0CEC, 0x078E,
0x0CE3, 0x078A,
0x8CE3, 0x078A,
0x8CE7, 0x078E,
0x0CE3, 0x078A,
0x0CEF, 0x0787,
0x8CEF, 0x0787,
0x8CF3, 0x078B,
0x0CEF, 0x0787,
0x0CDC, 0x0782,
0x8CDC, 0x0782,
0x8CE0, 0x0786,
0x0CDC, 0x0782,
0x0CDD, 0x0781,
0x8CDD, 0x0781,
0x8CE1, 0x0785,
0x0CDD, 0x0781,
0x0CCF, 0x077C,
0x8CCF, 0x077C,
0x8CD3, 0x0780,
0x0CCF, 0x077C,
0x0D56, 0x074D,
0x8D56, 0x074D,
0x8D5A, 0x0751,
0x0D56, 0x074D,
0x0D52, 0x0750,
0x8D52, 0x0750,
0x8D56, 0x0754,
0x0D52, 0x0750,
0x0D4D, 0x0753,
0x8D4D, 0x0753,
0x8D51, 0x0757,
0x0D4D, 0x0753,
0x0D4A, 0x074E,
0x8D4A, 0x074E,
0x8D4E, 0x0753,
0x0D4A, 0x074E,
0x0D46, 0x0756,
0x8D46, 0x0756,
0x8D4A, 0x075A,
0x0D46, 0x0756,
0x0D44, 0x0753,
0x8D44, 0x0753,
0x8D48, 0x0757,
0x0D44, 0x0753,
0x0D3C, 0x0750,
0x8D3C, 0x0750,
0x8D40, 0x0754,
0x0D3C, 0x0750,
0x0D35, 0x0752,
0x8D35, 0x0752,
0x8D39, 0x0756,
0x0D35, 0x0752,
0x0D1A, 0x0755,
0x8D1A, 0x0755,
0x8D1E, 0x0759,
0x0D1A, 0x0755,
0x0D19, 0x0757,
0x8D19, 0x0757,
0x8D1D, 0x075B,
0x0D19, 0x0757,
0x0D1E, 0x0759,
0x8D1E, 0x0759,
0x8D22, 0x075D,
0x0D1E, 0x0759,
0x0D22, 0x0754,
0x8D22, 0x0754,
0x8D26, 0x0758,
0x0D22, 0x0754,
0x0D27, 0x0758,
0x8D27, 0x0758,
0x8D2B, 0x075C,
0x0D27, 0x0758,
0x0D25, 0x0756,
0x8D25, 0x0756,
0x8D29, 0x075A,
0x0D25, 0x0756,
0x0D0A, 0x0757,
0x8D0A, 0x0757,
0x8D0E, 0x075B,
0x0D0A, 0x0757,
0x0D03, 0x0759,
0x8D03, 0x0759,
0x8D07, 0x075D,
0x0D03, 0x0759,
0x0D04, 0x0755,
0x8D04, 0x0755,
0x8D08, 0x0759,
0x0D04, 0x0755,
0x0CF7, 0x0756,
0x8CF7, 0x0756,
0x8CFB, 0x075B,
0x0CF7, 0x0756,
0x0CFA, 0x0755,
0x8CFA, 0x0755,
0x8CFE, 0x0759,
0x0CFA, 0x0755,
0x0CF8, 0x0753,
0x8CF8, 0x0753,
0x8CFC, 0x0757,
0x0CF8, 0x0753,
0x0CF2, 0x0759,
0x8CF2, 0x0759,
0x8CF6, 0x075D,
0x0CF2, 0x0759,
0x0CF7, 0x0753,
0x8CF7, 0x0753,
0x8CFB, 0x0757,
0x0CF7, 0x0753,
0x0CF5, 0x0755,
0x8CF5, 0x0755,
0x8CF9, 0x0759,
0x0CF5, 0x0755,
0x0CEC, 0x0758,
0x8CEC, 0x0758,
0x8CF0, 0x075D,
0x0CEC, 0x0758,
0x0CF0, 0x0752,
0x8CF0, 0x0752,
0x8CF5, 0x0756,
0x0CF0, 0x0752,
0x0CEB, 0x0757,
0x8CEB, 0x0757,
0x8CEF, 0x075C,
0x0CEB, 0x0757,
0x0CF0, 0x0754,
0x8CF0, 0x0754,
0x8CF4, 0x0758,
0x0CF0, 0x0754,
0x0CF0, 0x0757,
0x8CF0, 0x0757,
0x8CF4, 0x075B,
0x0CF0, 0x0757,
0x0CE7, 0x0756,
0x8CE7, 0x0756,
0x8CEB, 0x075A,
0x0CE7, 0x0756,
0x0CD4, 0x0758,
0x8CD4, 0x0758,
0x8CD8, 0x075C,
0x0CD4, 0x0758,
0x0CD1, 0x0757,
0x8CD1, 0x0757,
0x8CD5, 0x075B,
0x0CD1, 0x0757,
0x0CCF, 0x0753,
0x8CCF, 0x0753,
0x8CD3, 0x0757,
0x0CCF, 0x0753,
0x0CD0, 0x0754,
0x8CD0, 0x0754,
0x8CD4, 0x0758,
0x0CD0, 0x0754,
0x0D5F, 0x07B9,
0x8D5F, 0x07B9,
0x8D63, 0x07BD,
0x0D5F, 0x07B9,
0x0D61, 0x07E0,
0x8D61, 0x07E0,
0x8D65, 0x07E4,
0x0D61, 0x07E0,
0x0D61, 0x07DA,
0x8D61, 0x07DA,
0x8D65, 0x07DF,
0x0D61, 0x07DA,
0x0D60, 0x07D4,
0x8D60, 0x07D4,
0x8D64, 0x07D8,
0x0D60, 0x07D4,
0x0D60, 0x07C7,
0x8D60, 0x07C7,
0x8D64, 0x07CB,
0x0D60, 0x07C7,
0x0D60, 0x07D0,
0x8D60, 0x07D0,
0x8D64, 0x07D4,
0x0D60, 0x07D0,
0x0D5C, 0x07B8,
0x8D5C, 0x07B8,
0x8D60, 0x07BD,
0x0D5C, 0x07B8,
0x0D5E, 0x07D7,
0x8D5E, 0x07D7,
0x8D62, 0x07DB,
0x0D5E, 0x07D7,
0x0D5D, 0x07DF,
0x8D5D, 0x07DF,
0x8D61, 0x07E3,
0x0D5D, 0x07DF,
0x0D5E, 0x07EF,
0x8D5E, 0x07EF,
0x8D62, 0x07F3,
0x0D5E, 0x07EF,
0x0D5D, 0x07D0,
0x8D5D, 0x07D0,
0x8D61, 0x07D4,
0x0D5D, 0x07D0,
0x0D5D, 0x07C6,
0x8D5D, 0x07C6,
0x8D61, 0x07CA,
0x0D5D, 0x07C6,
0x0D4C, 0x07C9,
0x8D4C, 0x07C9,
0x8D51, 0x07CD,
0x0D4C, 0x07C9,
0x0D4D, 0x07C1,
0x8D4D, 0x07C1,
0x8D52, 0x07C5,
0x0D4D, 0x07C1,
0x0D4C, 0x07C7,
0x8D4C, 0x07C7,
0x8D50, 0x07CB,
0x0D4C, 0x07C7,
0x0D55, 0x07C3,
0x8D55, 0x07C3,
0x8D59, 0x07C7,
0x0D55, 0x07C3,
0x0D56, 0x07C5,
0x8D56, 0x07C5,
0x8D5A, 0x07C9,
0x0D56, 0x07C5,
0x0D52, 0x07C1,
0x8D52, 0x07C1,
0x8D56, 0x07C5,
0x0D52, 0x07C1,
0x0D54, 0x07CA,
0x8D54, 0x07CA,
0x8D58, 0x07CE,
0x0D54, 0x07CA,
0x0D59, 0x07BD,
0x8D59, 0x07BD,
0x8D5D, 0x07C1,
0x0D59, 0x07BD,
0x0D4E, 0x07C3,
0x8D4E, 0x07C3,
0x8D52, 0x07C7,
0x0D4E, 0x07C3,
0x0D41, 0x07C0,
0x8D41, 0x07C0,
0x8D45, 0x07C4,
0x0D41, 0x07C0,
0x0D21, 0x07C4,
0x8D21, 0x07C4,
0x8D25, 0x07C8,
0x0D21, 0x07C4,
0x0D1E, 0x07C6,
0x8D1E, 0x07C6,
0x8D22, 0x07CA,
0x0D1E, 0x07C6,
0x0D1A, 0x07C4,
0x8D1A, 0x07C4,
0x8D1E, 0x07C8,
0x0D1A, 0x07C4,
0x0D27, 0x07C3,
0x8D27, 0x07C3,
0x8D2B, 0x07C8,
0x0D27, 0x07C3,
0x0D1C, 0x07C5,
0x8D1C, 0x07C5,
0x8D21, 0x07C9,
0x0D1C, 0x07C5,
0x0D1A, 0x07C5,
0x8D1A, 0x07C5,
0x8D1E, 0x07C9,
0x0D1A, 0x07C5,
0x0D24, 0x07C1,
0x8D24, 0x07C1,
0x8D28, 0x07C5,
0x0D24, 0x07C1,
0x0D0A, 0x07CA,
0x8D0A, 0x07CA,
0x8D0E, 0x07CE,
0x0D0A, 0x07CA,
0x0D0B, 0x07C6,
0x8D0B, 0x07C6,
0x8D0F, 0x07CA,
0x0D0B, 0x07C6,
0x0CEE, 0x07CD,
0x8CEE, 0x07CD,
0x8CF2, 0x07D1,
0x0CEE, 0x07CD,
0x0D05, 0x07C8,
0x8D05, 0x07C8,
0x8D09, 0x07CC,
0x0D05, 0x07C8,
0x0D02, 0x07CD,
0x8D02, 0x07CD,
0x8D06, 0x07D2,
0x0D02, 0x07CD,
0x0D07, 0x07CB,
0x8D07, 0x07CB,
0x8D0B, 0x07CF,
0x0D07, 0x07CB,
0x0CE5, 0x07F3,
0x8CE5, 0x07F3,
0x8CE9, 0x07F7,
0x0CE5, 0x07F3,
0x0CE3, 0x07F5,
0x8CE3, 0x07F5,
0x8CE7, 0x07F9,
0x0CE3, 0x07F5,
0x0CE9, 0x07F1,
0x8CE9, 0x07F1,
0x8CED, 0x07F5,
0x0CE9, 0x07F1,
0x0CEF, 0x07EC,
0x8CEF, 0x07EC,
0x8CF3, 0x07F0,
0x0CEF, 0x07EC,
0x0CE3, 0x07FA,
0x8CE3, 0x07FA,
0x8CE7, 0x07FE,
0x0CE3, 0x07FA,
0x0CE1, 0x07FB,
0x8CE1, 0x07FB,
0x8CE5, 0x07FF,
0x0CE1, 0x07FB,
0x0CE6, 0x07F7,
0x8CE6, 0x07F7,
0x8CEA, 0x07FB,
0x0CE6, 0x07F7,
0x0CE7, 0x07C5,
0x8CE7, 0x07C5,
0x8CEB, 0x07CA,
0x0CE7, 0x07C5,
0x0CE0, 0x07C8,
0x8CE0, 0x07C8,
0x8CE4, 0x07CC,
0x0CE0, 0x07C8,
0x0CEB, 0x07BB,
0x8CEB, 0x07BB,
0x8CEF, 0x07BF,
0x0CEB, 0x07BB,
0x0CE1, 0x079B,
0x8CE1, 0x079B,
0x8CE5, 0x079F,
0x0CE1, 0x079B,
0x0CDF, 0x079E,
0x8CDF, 0x079E,
0x8CE3, 0x07A3,
0x0CDF, 0x079E,
0x0CE1, 0x0797,
0x8CE1, 0x0797,
0x8CE5, 0x079B,
0x0CE1, 0x0797,
0x0CDB, 0x07AE,
0x8CDB, 0x07AE,
0x8CDF, 0x07B3,
0x0CDB, 0x07AE,
0x0CDB, 0x07A1,
0x8CDB, 0x07A1,
0x8CDF, 0x07A5,
0x0CDB, 0x07A1,
0x0CDA, 0x07AF,
0x8CDA, 0x07AF,
0x8CDF, 0x07B3,
0x0CDA, 0x07AF,
0x0CD6, 0x07AE,
0x8CD6, 0x07AE,
0x8CDA, 0x07B2,
0x0CD6, 0x07AE,
0x0CCF, 0x07B7,
0x8CCF, 0x07B7,
0x8CD3, 0x07BB,
0x0CCF, 0x07B7,
0x0CD6, 0x07AF,
0x8CD6, 0x07AF,
0x8CDA, 0x07B3,
0x0CD6, 0x07AF,
0x0CD0, 0x07B1,
0x8CD0, 0x07B1,
0x8CD4, 0x07B5,
0x0CD0, 0x07B1,
0x0CD3, 0x07B0,
0x8CD3, 0x07B0,
0x8CD7, 0x07B4,
0x0CD3, 0x07B0,
0x0CD9, 0x07A9,
0x8CD9, 0x07A9,
0x8CDD, 0x07AD,
0x0CD9, 0x07A9,
0x0CCE, 0x07B7,
0x8CCE, 0x07B7,
0x8CD2, 0x07BB,
0x0CCE, 0x07B7,
0x0CCE, 0x07B4,
0x8CCE, 0x07B4,
0x8CD3, 0x07B8,
0x0CCE, 0x07B4,
0x0CCC, 0x07A8,
0x8CCC, 0x07A8,
0x8CD0, 0x07AC,
0x0CCC, 0x07A8,
0x0CC9, 0x07A6,
0x8CC9, 0x07A6,
0x8CCE, 0x07AA,
0x0CC9, 0x07A6,
0x0CC8, 0x07B0,
0x8CC8, 0x07B0,
0x8CCC, 0x07B4,
0x0CC8, 0x07B0,
0x0CC7, 0x07AA,
0x8CC7, 0x07AA,
0x8CCB, 0x07AF,
0x0CC7, 0x07AA,
0x0CBF, 0x0797,
0x8CBF, 0x0797,
0x8CC3, 0x079C,
0x0CBF, 0x0797,
0x0CC2, 0x0775,
0x8CC2, 0x0775,
0x8CC6, 0x0779,
0x0CC2, 0x0775,
0x0CB9, 0x0791,
0x8CB9, 0x0791,
0x8CBD, 0x0795,
0x0CB9, 0x0791,
0x0CB9, 0x0792,
0x8CB9, 0x0792,
0x8CBD, 0x0796,
0x0CB9, 0x0792,
0x0CBC, 0x078B,
0x8CBC, 0x078B,
0x8CC0, 0x078F,
0x0CBC, 0x078B,
0x0CBB, 0x0778,
0x8CBB, 0x0778,
0x8CBF, 0x077C,
0x0CBB, 0x0778,
0x0CB8, 0x0781,
0x8CB8, 0x0781,
0x8CBC, 0x0786,
0x0CB8, 0x0781,
0x0CBC, 0x076E,
0x8CBC, 0x076E,
0x8CC0, 0x0772,
0x0CBC, 0x076E,
0x0CB6, 0x0774,
0x8CB6, 0x0774,
0x8CBA, 0x0778,
0x0CB6, 0x0774,
0x0CB7, 0x0780,
0x8CB7, 0x0780,
0x8CBB, 0x0784,
0x0CB7, 0x0780,
0x0CB5, 0x0783,
0x8CB5, 0x0783,
0x8CB9, 0x0787,
0x0CB5, 0x0783,
0x0CBB, 0x0755,
0x8CBB, 0x0755,
0x8CC0, 0x0759,
0x0CBB, 0x0755,
0x0CBE, 0x0757,
0x8CBE, 0x0757,
0x8CC3, 0x075C,
0x0CBE, 0x0757,
0x0CB5, 0x075A,
0x8CB5, 0x075A,
0x8CB9, 0x075E,
0x0CB5, 0x075A,
0x0CBD, 0x0756,
0x8CBD, 0x0756,
0x8CC1, 0x075A,
0x0CBD, 0x0756,
0x0CB4, 0x0759,
0x8CB4, 0x0759,
0x8CB8, 0x075D,
0x0CB4, 0x0759,
0x0CBA, 0x0755,
0x8CBA, 0x0755,
0x8CBF, 0x0759,
0x0CBA, 0x0755,
0x0C80, 0x074F,
0x8C80, 0x074F,
0x8C84, 0x0753,
0x0C80, 0x074F,
0x0C84, 0x0759,
0x8C84, 0x0759,
0x8C88, 0x075D,
0x0C84, 0x0759,
0x0C80, 0x075D,
0x8C80, 0x075D,
0x8C84, 0x0761,
0x0C80, 0x075D,
0x0C8B, 0x075B,
0x8C8B, 0x075B,
0x8C8F, 0x0760,
0x0C8B, 0x075B,
0x0C8B, 0x075F,
0x8C8B, 0x075F,
0x8C8F, 0x0763,
0x0C8B, 0x075F,
0x0C83, 0x0756,
0x8C83, 0x0756,
0x8C87, 0x075A,
0x0C83, 0x0756,
0x0C8A, 0x075F,
0x8C8A, 0x075F,
0x8C8E, 0x0763,
0x0C8A, 0x075F,
0x0C7F, 0x075B,
0x8C7F, 0x075B,
0x8C84, 0x075F,
0x0C7F, 0x075B,
0x0C85, 0x0759,
0x8C85, 0x0759,
0x8C89, 0x075D,
0x0C85, 0x0759,
0x0C84, 0x075B,
0x8C84, 0x075B,
0x8C88, 0x0760,
0x0C84, 0x075B,
0x0CA6, 0x075D,
0x8CA6, 0x075D,
0x8CAA, 0x0761,
0x0CA6, 0x075D,
0x0CA1, 0x075A,
0x8CA1, 0x075A,
0x8CA5, 0x075E,
0x0CA1, 0x075A,
0x0CA6, 0x0759,
0x8CA6, 0x0759,
0x8CAA, 0x075D,
0x0CA6, 0x0759,
0x0CA8, 0x075B,
0x8CA8, 0x075B,
0x8CAC, 0x075F,
0x0CA8, 0x075B,
0x0CAA, 0x0757,
0x8CAA, 0x0757,
0x8CAE, 0x075B,
0x0CAA, 0x0757,
0x0C72, 0x0750,
0x8C72, 0x0750,
0x8C76, 0x0754,
0x0C72, 0x0750,
0x0C73, 0x074F,
0x8C73, 0x074F,
0x8C77, 0x0753,
0x0C73, 0x074F,
0x0C75, 0x074C,
0x8C75, 0x074C,
0x8C79, 0x0750,
0x0C75, 0x074C,
0x0C70, 0x0751,
0x8C70, 0x0751,
0x8C74, 0x0755,
0x0C70, 0x0751,
0x0C64, 0x0745,
0x8C64, 0x0745,
0x8C68, 0x074A,
0x0C64, 0x0745,
0x0C65, 0x073F,
0x8C65, 0x073F,
0x8C69, 0x0743,
0x0C65, 0x073F,
0x0C65, 0x073F,
0x8C65, 0x073F,
0x8C69, 0x0743,
0x0C65, 0x073F,
0x0C63, 0x073C,
0x8C63, 0x073C,
0x8C67, 0x0740,
0x0C63, 0x073C,
0x0C61, 0x073C,
0x8C61, 0x073C,
0x8C65, 0x0740,
0x0C61, 0x073C,
0x0C61, 0x073A,
0x8C61, 0x073A,
0x8C66, 0x073E,
0x0C61, 0x073A,
0x0C69, 0x0739,
0x8C69, 0x0739,
0x8C6D, 0x073D,
0x0C69, 0x0739,
0x0C57, 0x0739,
0x8C57, 0x0739,
0x8C5B, 0x073D,
0x0C57, 0x0739,
0x0C60, 0x073A,
0x8C60, 0x073A,
0x8C64, 0x073E,
0x0C60, 0x073A,
0x0C34, 0x071E,
0x8C34, 0x071E,
0x8C38, 0x0722,
0x0C34, 0x071E,
0x0C3B, 0x0710,
0x8C3B, 0x0710,
0x8C3F, 0x0714,
0x0C3B, 0x0710,
0x0C3B, 0x0715,
0x8C3B, 0x0715,
0x8C3F, 0x0719,
0x0C3B, 0x0715,
0x0C36, 0x0719,
0x8C36, 0x0719,
0x8C3B, 0x071D,
0x0C36, 0x0719,
0x0C36, 0x071B,
0x8C36, 0x071B,
0x8C3A, 0x071F,
0x0C36, 0x071B,
0x0C37, 0x0728,
0x8C37, 0x0728,
0x8C3B, 0x072C,
0x0C37, 0x0728,
0x0C34, 0x071F,
0x8C34, 0x071F,
0x8C38, 0x0723,
0x0C34, 0x071F,
0x0C41, 0x071F,
0x8C41, 0x071F,
0x8C45, 0x0723,
0x0C41, 0x071F,
0x0C46, 0x0722,
0x8C46, 0x0722,
0x8C4A, 0x0726,
0x0C46, 0x0722,
0x0C3A, 0x072D,
0x8C3A, 0x072D,
0x8C3F, 0x0731,
0x0C3A, 0x072D,
0x0C46, 0x0730,
0x8C46, 0x0730,
0x8C4A, 0x0734,
0x0C46, 0x0730,
0x0C44, 0x0730,
0x8C44, 0x0730,
0x8C48, 0x0734,
0x0C44, 0x0730,
0x0C3B, 0x0736,
0x8C3B, 0x0736,
0x8C40, 0x073A,
0x0C3B, 0x0736,
0x0C45, 0x0731,
0x8C45, 0x0731,
0x8C49, 0x0735,
0x0C45, 0x0731,
0x0C46, 0x072F,
0x8C46, 0x072F,
0x8C4A, 0x0733,
0x0C46, 0x072F,
0x0C3A, 0x0736,
0x8C3A, 0x0736,
0x8C3E, 0x073A,
0x0C3A, 0x0736,
0x0C3E, 0x0731,
0x8C3E, 0x0731,
0x8C42, 0x0735,
0x0C3E, 0x0731,
0x0C58, 0x0730,
0x8C58, 0x0730,
0x8C5C, 0x0735,
0x0C58, 0x0730,
0x0C54, 0x0731,
0x8C54, 0x0731,
0x8C58, 0x0735,
0x0C54, 0x0731,
0x0CDB, 0x07E3,
0x8CDB, 0x07E3,
0x8CDF, 0x07E7,
0x0CDB, 0x07E3,
0x0CD9, 0x07DD,
0x8CD9, 0x07DD,
0x8CDD, 0x07E1,
0x0CD9, 0x07DD,
0x0CDB, 0x07DE,
0x8CDB, 0x07DE,
0x8CDF, 0x07E2,
0x0CDB, 0x07DE,
0x0CDA, 0x07DF,
0x8CDA, 0x07DF,
0x8CDE, 0x07E3,
0x0CDA, 0x07DF,
0x0CD6, 0x07DA,
0x8CD6, 0x07DA,
0x8CDA, 0x07DE,
0x0CD6, 0x07DA,
0x0CD2, 0x07D2,
0x8CD2, 0x07D2,
0x8CD6, 0x07D6,
0x0CD2, 0x07D2,
0x0CD8, 0x07D8,
0x8CD8, 0x07D8,
0x8CDC, 0x07DC,
0x0CD8, 0x07D8,
0x0CCC, 0x07D3,
0x8CCC, 0x07D3,
0x8CD1, 0x07D7,
0x0CCC, 0x07D3,
0x0CD0, 0x07D7,
0x8CD0, 0x07D7,
0x8CD4, 0x07DB,
0x0CD0, 0x07D7,
0x0CCB, 0x07D3,
0x8CCB, 0x07D3,
0x8CCF, 0x07D7,
0x0CCB, 0x07D3,
0x0CBF, 0x07BC,
0x8CBF, 0x07BC,
0x8CC4, 0x07C0,
0x0CBF, 0x07BC,
0x0CB6, 0x07AF,
0x8CB6, 0x07AF,
0x8CBA, 0x07B3,
0x0CB6, 0x07AF,
0x0CB8, 0x07BC,
0x8CB8, 0x07BC,
0x8CBC, 0x07C0,
0x0CB8, 0x07BC,
0x0CC5, 0x07D5,
0x8CC5, 0x07D5,
0x8CC9, 0x07D9,
0x0CC5, 0x07D5,
0x0CBF, 0x07CC,
0x8CBF, 0x07CC,
0x8CC3, 0x07D0,
0x0CBF, 0x07CC,
0x0CBA, 0x07C3,
0x8CBA, 0x07C3,
0x8CBE, 0x07C7,
0x0CBA, 0x07C3,
0x0CBD, 0x07C3,
0x8CBD, 0x07C3,
0x8CC1, 0x07C7,
0x0CBD, 0x07C3,
0x0CBC, 0x07C3,
0x8CBC, 0x07C3,
0x8CC0, 0x07C7,
0x0CBC, 0x07C3,
0x0CC8, 0x07E2,
0x8CC8, 0x07E2,
0x8CCC, 0x07E6,
0x0CC8, 0x07E2,
0x0CB6, 0x07C4,
0x8CB6, 0x07C4,
0x8CBA, 0x07C8,
0x0CB6, 0x07C4,
0x0CB8, 0x07CA,
0x8CB8, 0x07CA,
0x8CBC, 0x07CE,
0x0CB8, 0x07CA,
0x0CBD, 0x07DA,
0x8CBD, 0x07DA,
0x8CC1, 0x07DE,
0x0CBD, 0x07DA,
0x0CC1, 0x07E1,
0x8CC1, 0x07E1,
0x8CC5, 0x07E5,
0x0CC1, 0x07E1,
0x0D02, 0x07F9,
0x8D02, 0x07F9,
0x8D06, 0x07FD,
0x0D02, 0x07F9,
0x0D02, 0x07F1,
0x8D02, 0x07F1,
0x8D06, 0x07F6,
0x0D02, 0x07F1,
0x0CFF, 0x07FA,
0x8CFF, 0x07FA,
0x8D03, 0x07FE,
0x0CFF, 0x07FA,
0x0D08, 0x07F6,
0x8D08, 0x07F6,
0x8D0C, 0x07FA,
0x0D08, 0x07F6,
0x0D09, 0x07F8,
0x8D09, 0x07F8,
0x8D0D, 0x07FC,
0x0D09, 0x07F8,
0x0D1D, 0x07F2,
0x8D1D, 0x07F2,
0x8D21, 0x07F6,
0x0D1D, 0x07F2,
0x0D1C, 0x07F5,
0x8D1C, 0x07F5,
0x8D21, 0x07F9,
0x0D1C, 0x07F5,
0x0D23, 0x07F1,
0x8D23, 0x07F1,
0x8D28, 0x07F5,
0x0D23, 0x07F1,
0x0D23, 0x07F6,
0x8D23, 0x07F6,
0x8D27, 0x07FA,
0x0D23, 0x07F6,
0x0D24, 0x07F2,
0x8D24, 0x07F2,
0x8D28, 0x07F6,
0x0D24, 0x07F2,
0x0D21, 0x07F2,
0x8D21, 0x07F2,
0x8D25, 0x07F6,
0x0D21, 0x07F2,
0x0D22, 0x07F8,
0x8D22, 0x07F8,
0x8D26, 0x07FC,
0x0D22, 0x07F8,
0x0D21, 0x07F9,
0x8D21, 0x07F9,
0x8D25, 0x07FD,
0x0D21, 0x07F9,
0x0D30, 0x07F5,
0x8D30, 0x07F5,
0x8D34, 0x07F9,
0x0D30, 0x07F5,
0x0D2E, 0x07F4,
0x8D2E, 0x07F4,
0x8D32, 0x07F9,
0x0D2E, 0x07F4,
0x0D26, 0x07F9,
0x8D26, 0x07F9,
0x8D2A, 0x07FD,
0x0D26, 0x07F9,
0x0D22, 0x07FA,
0x8D22, 0x07FA,
0x8D26, 0x07FE,
0x0D22, 0x07FA,
0x0D37, 0x07F2,
0x8D37, 0x07F2,
0x8D3C, 0x07F6,
0x0D37, 0x07F2,
0x0D35, 0x07F6,
0x8D35, 0x07F6,
0x8D3A, 0x07FB,
0x0D35, 0x07F6,
0x0D41, 0x07F6,
0x8D41, 0x07F6,
0x8D45, 0x07FA,
0x0D41, 0x07F6,
0x0D48, 0x07FB,
0x8D48, 0x07FB,
0x8D4C, 0x07FF,
0x0D48, 0x07FB,
0x0D4D, 0x07F5,
0x8D4D, 0x07F5,
0x8D51, 0x07F9,
0x0D4D, 0x07F5,
0x0D4A, 0x07F4,
0x8D4A, 0x07F4,
0x8D4E, 0x07F8,
0x0D4A, 0x07F4,
0x0D54, 0x07FB,
0x8D54, 0x07FB,
0x8D59, 0x07FF,
0x0D54, 0x07FB,
0x0D57, 0x0812,
0x8D57, 0x0812,
0x8D5B, 0x0816,
0x0D57, 0x0812,
0x0D58, 0x0815,
0x8D58, 0x0815,
0x8D5C, 0x0819,
0x0D58, 0x0815,
0x0CC4, 0x0807,
0x8CC4, 0x0807,
0x8CC8, 0x080B,
0x0CC4, 0x0807,
0x0CC6, 0x0808,
0x8CC6, 0x0808,
0x8CCA, 0x080D,
0x0CC6, 0x0808,
0x0CC1, 0x0809,
0x8CC1, 0x0809,
0x8CC5, 0x080D,
0x0CC1, 0x0809,
0x0CC2, 0x0812,
0x8CC2, 0x0812,
0x8CC6, 0x0816,
0x0CC2, 0x0812,
0x0CBF, 0x080B,
0x8CBF, 0x080B,
0x8CC3, 0x080F,
0x0CBF, 0x080B,
0x0CBF, 0x080F,
0x8CBF, 0x080F,
0x8CC3, 0x0813,
0x0CBF, 0x080F,
0x0CB0, 0x081A,
0x8CB0, 0x081A,
0x8CB4, 0x081E,
0x0CB0, 0x081A,
0x0CBF, 0x0832,
0x8CBF, 0x0832,
0x8CC3, 0x0836,
0x0CBF, 0x0832,
0x0CB0, 0x0824,
0x8CB0, 0x0824,
0x8CB4, 0x0828,
0x0CB0, 0x0824,
0x0CB3, 0x0824,
0x8CB3, 0x0824,
0x8CB7, 0x0828,
0x0CB3, 0x0824,
0x0CC8, 0x0833,
0x8CC8, 0x0833,
0x8CCC, 0x0837,
0x0CC8, 0x0833,
0x0CB1, 0x0823,
0x8CB1, 0x0823,
0x8CB5, 0x0827,
0x0CB1, 0x0823,
0x0CAE, 0x081F,
0x8CAE, 0x081F,
0x8CB2, 0x0823,
0x0CAE, 0x081F,
0x0CD5, 0x082C,
0x8CD5, 0x082C,
0x8CD9, 0x0830,
0x0CD5, 0x082C,
0x0CD9, 0x0825,
0x8CD9, 0x0825,
0x8CDD, 0x0829,
0x0CD9, 0x0825,
0x0CDF, 0x081C,
0x8CDF, 0x081C,
0x8CE3, 0x0820,
0x0CDF, 0x081C,
0x0CDE, 0x0802,
0x8CDE, 0x0802,
0x8CE2, 0x0806,
0x0CDE, 0x0802,
0x0CE0, 0x0820,
0x8CE0, 0x0820,
0x8CE4, 0x0824,
0x0CE0, 0x0820,
0x0CD3, 0x080C,
0x8CD3, 0x080C,
0x8CD7, 0x0810,
0x0CD3, 0x080C,
0x0CCC, 0x0817,
0x8CCC, 0x0817,
0x8CD0, 0x081B,
0x0CCC, 0x0817,
0x0D1B, 0x081F,
0x8D1B, 0x081F,
0x8D1F, 0x0823,
0x0D1B, 0x081F,
0x0D19, 0x081D,
0x8D19, 0x081D,
0x8D1D, 0x0821,
0x0D19, 0x081D,
0x0D19, 0x0823,
0x8D19, 0x0823,
0x8D1D, 0x0827,
0x0D19, 0x0823,
0x0D16, 0x0821,
0x8D16, 0x0821,
0x8D1A, 0x0825,
0x0D16, 0x0821,
0x0D0C, 0x081C,
0x8D0C, 0x081C,
0x8D10, 0x0820,
0x0D0C, 0x081C,
0x0D0B, 0x0823,
0x8D0B, 0x0823,
0x8D0F, 0x0828,
0x0D0B, 0x0823,
0x0D12, 0x081E,
0x8D12, 0x081E,
0x8D16, 0x0822,
0x0D12, 0x081E,
0x0CFD, 0x081F,
0x8CFD, 0x081F,
0x8D02, 0x0823,
0x0CFD, 0x081F,
0x0D04, 0x0823,
0x8D04, 0x0823,
0x8D08, 0x0827,
0x0D04, 0x0823,
0x0D01, 0x0824,
0x8D01, 0x0824,
0x8D05, 0x0828,
0x0D01, 0x0824,
0x0D01, 0x0822,
0x8D01, 0x0822,
0x8D05, 0x0827,
0x0D01, 0x0822,
0x0CF9, 0x081F,
0x8CF9, 0x081F,
0x8CFD, 0x0824,
0x0CF9, 0x081F,
0x0CF8, 0x0823,
0x8CF8, 0x0823,
0x8CFC, 0x0827,
0x0CF8, 0x0823,
0x0CF9, 0x0824,
0x8CF9, 0x0824,
0x8CFD, 0x0828,
0x0CF9, 0x0824,
0x0CF3, 0x0828,
0x8CF3, 0x0828,
0x8CF7, 0x082C,
0x0CF3, 0x0828,
0x0CFB, 0x081E,
0x8CFB, 0x081E,
0x8CFF, 0x0822,
0x0CFB, 0x081E,
0x0CF2, 0x0824,
0x8CF2, 0x0824,
0x8CF6, 0x0828,
0x0CF2, 0x0824,
0x0CE4, 0x0826,
0x8CE4, 0x0826,
0x8CE8, 0x082A,
0x0CE4, 0x0826,
0x0CE2, 0x0826,
0x8CE2, 0x0826,
0x8CE6, 0x082B,
0x0CE2, 0x0826,
0x0CE1, 0x0825,
0x8CE1, 0x0825,
0x8CE5, 0x0829,
0x0CE1, 0x0825,
0x0D31, 0x0823,
0x8D31, 0x0823,
0x8D35, 0x0827,
0x0D31, 0x0823,
0x0D2C, 0x0820,
0x8D2C, 0x0820,
0x8D30, 0x0824,
0x0D2C, 0x0820,
0x0D36, 0x0823,
0x8D36, 0x0823,
0x8D3A, 0x0827,
0x0D36, 0x0823,
0x0D38, 0x0824,
0x8D38, 0x0824,
0x8D3C, 0x0828,
0x0D38, 0x0824,
0x0D48, 0x0826,
0x8D48, 0x0826,
0x8D4C, 0x082A,
0x0D48, 0x0826,
0x0D44, 0x0826,
0x8D44, 0x0826,
0x8D48, 0x082A,
0x0D44, 0x0826,
0x0D4A, 0x0829,
0x8D4A, 0x0829,
0x8D4E, 0x082D,
0x0D4A, 0x0829,
0x0D4E, 0x0829,
0x8D4E, 0x0829,
0x8D52, 0x082D,
0x0D4E, 0x0829,
0x0D4C, 0x0839,
0x8D4C, 0x0839,
0x8D50, 0x083D,
0x0D4C, 0x0839,
0x0D4C, 0x0821,
0x8D4C, 0x0821,
0x8D50, 0x0825,
0x0D4C, 0x0821,
0x0D45, 0x0826,
0x8D45, 0x0826,
0x8D4A, 0x082A,
0x0D45, 0x0826,
0x0D6F, 0x0813,
0x8D6F, 0x0813,
0x8D73, 0x0817,
0x0D6F, 0x0813,
0x0D73, 0x080F,
0x8D73, 0x080F,
0x8D77, 0x0813,
0x0D73, 0x080F,
0x0D74, 0x080D,
0x8D74, 0x080D,
0x8D78, 0x0811,
0x0D74, 0x080D,
0x0D77, 0x0810,
0x8D77, 0x0810,
0x8D7B, 0x0814,
0x0D77, 0x0810,
0x0D74, 0x0811,
0x8D74, 0x0811,
0x8D78, 0x0815,
0x0D74, 0x0811,
0x0D78, 0x0817,
0x8D78, 0x0817,
0x8D7C, 0x081B,
0x0D78, 0x0817,
0x0D78, 0x0816,
0x8D78, 0x0816,
0x8D7C, 0x081A,
0x0D78, 0x0816,
0x0D73, 0x0816,
0x8D73, 0x0816,
0x8D77, 0x081A,
0x0D73, 0x0816,
0x0D74, 0x0819,
0x8D74, 0x0819,
0x8D78, 0x081D,
0x0D74, 0x0819,
0x0D76, 0x0818,
0x8D76, 0x0818,
0x8D7A, 0x081C,
0x0D76, 0x0818,
0x0D79, 0x081E,
0x8D79, 0x081E,
0x8D7D, 0x0822,
0x0D79, 0x081E,
0x0D7B, 0x083B,
0x8D7B, 0x083B,
0x8D7F, 0x083F,
0x0D7B, 0x083B,
0x0D7B, 0x083A,
0x8D7B, 0x083A,
0x8D80, 0x083E,
0x0D7B, 0x083A,
0x0D75, 0x083D,
0x8D75, 0x083D,
0x8D7A, 0x0842,
0x0D75, 0x083D,
0x0D70, 0x0839,
0x8D70, 0x0839,
0x8D74, 0x083D,
0x0D70, 0x0839,
0x0D80, 0x083E,
0x8D80, 0x083E,
0x8D84, 0x0842,
0x0D80, 0x083E,
0x0D67, 0x083C,
0x8D67, 0x083C,
0x8D6B, 0x0840,
0x0D67, 0x083C,
0x0D64, 0x083F,
0x8D64, 0x083F,
0x8D68, 0x0843,
0x0D64, 0x083F,
0x0D63, 0x083D,
0x8D63, 0x083D,
0x8D67, 0x0841,
0x0D63, 0x083D,
0x0D82, 0x082B,
0x8D82, 0x082B,
0x8D86, 0x082F,
0x0D82, 0x082B,
0x0D85, 0x082C,
0x8D85, 0x082C,
0x8D89, 0x0830,
0x0D85, 0x082C,
0x0D82, 0x082F,
0x8D82, 0x082F,
0x8D86, 0x0833,
0x0D82, 0x082F,
0x0D7B, 0x0830,
0x8D7B, 0x0830,
0x8D7F, 0x0834,
0x0D7B, 0x0830,
0x0D82, 0x082E,
0x8D82, 0x082E,
0x8D86, 0x0832,
0x0D82, 0x082E,
0x0D7F, 0x0827,
0x8D7F, 0x0827,
0x8D83, 0x082B,
0x0D7F, 0x0827,
0x0D4E, 0x083E,
0x8D4E, 0x083E,
0x8D52, 0x0842,
0x0D4E, 0x083E,
0x0D4A, 0x083F,
0x8D4A, 0x083F,
0x8D4E, 0x0843,
0x0D4A, 0x083F,
0x0D45, 0x083B,
0x8D45, 0x083B,
0x8D4A, 0x083F,
0x0D45, 0x083B,
0x0D43, 0x0843,
0x8D43, 0x0843,
0x8D47, 0x0847,
0x0D43, 0x0843,
0x0D45, 0x0843,
0x8D45, 0x0843,
0x8D49, 0x0847,
0x0D45, 0x0843,
0x0D45, 0x0841,
0x8D45, 0x0841,
0x8D49, 0x0845,
0x0D45, 0x0841,
0x0D41, 0x0848,
0x8D41, 0x0848,
0x8D45, 0x084C,
0x0D41, 0x0848,
0x0CAD, 0x0803,
0x8CAD, 0x0803,
0x8CB1, 0x0807,
0x0CAD, 0x0803,
0x0CB1, 0x07F9,
0x8CB1, 0x07F9,
0x8CB5, 0x07FE,
0x0CB1, 0x07F9,
0x0CAC, 0x07F6,
0x8CAC, 0x07F6,
0x8CB0, 0x07FA,
0x0CAC, 0x07F6,
0x0CB6, 0x07F9,
0x8CB6, 0x07F9,
0x8CBA, 0x07FD,
0x0CB6, 0x07F9,
0x0CB3, 0x07F2,
0x8CB3, 0x07F2,
0x8CB7, 0x07F6,
0x0CB3, 0x07F2,
0x0CAA, 0x07FE,
0x8CAA, 0x07FE,
0x8CAE, 0x0802,
0x0CAA, 0x07FE,
0x0CAF, 0x07FF,
0x8CAF, 0x07FF,
0x8CB3, 0x0803,
0x0CAF, 0x07FF,
0x0CAF, 0x07F9,
0x8CAF, 0x07F9,
0x8CB3, 0x07FD,
0x0CAF, 0x07F9,
0x0CAC, 0x07FE,
0x8CAC, 0x07FE,
0x8CB0, 0x0803,
0x0CAC, 0x07FE,
0x0CBE, 0x07E3,
0x8CBE, 0x07E3,
0x8CC2, 0x07E7,
0x0CBE, 0x07E3,
0x0CB6, 0x07DA,
0x8CB6, 0x07DA,
0x8CBA, 0x07DE,
0x0CB6, 0x07DA,
0x0CB5, 0x07D8,
0x8CB5, 0x07D8,
0x8CB9, 0x07DC,
0x0CB5, 0x07D8,
0x0CBF, 0x07E2,
0x8CBF, 0x07E2,
0x8CC3, 0x07E6,
0x0CBF, 0x07E2,
0x0CB7, 0x07DB,
0x8CB7, 0x07DB,
0x8CBB, 0x07DF,
0x0CB7, 0x07DB,
0x0CB4, 0x07D8,
0x8CB4, 0x07D8,
0x8CB8, 0x07DC,
0x0CB4, 0x07D8,
0x0CA9, 0x083B,
0x8CA9, 0x083B,
0x8CAD, 0x083F,
0x0CA9, 0x083B,
0x0CAF, 0x0841,
0x8CAF, 0x0841,
0x8CB3, 0x0845,
0x0CAF, 0x0841,
0x0CAE, 0x0835,
0x8CAE, 0x0835,
0x8CB2, 0x0839,
0x0CAE, 0x0835,
0x0CAC, 0x0837,
0x8CAC, 0x0837,
0x8CB0, 0x083B,
0x0CAC, 0x0837,
0x0CB3, 0x083B,
0x8CB3, 0x083B,
0x8CB8, 0x083F,
0x0CB3, 0x083B,
0x0CB8, 0x0830,
0x8CB8, 0x0830,
0x8CBC, 0x0834,
0x0CB8, 0x0830,
0x0C78, 0x0760,
0x8C78, 0x0760,
0x8C7C, 0x0764,
0x0C78, 0x0760,
0x0C71, 0x0764,
0x8C71, 0x0764,
0x8C75, 0x0768,
0x0C71, 0x0764,
0x0C74, 0x0767,
0x8C74, 0x0767,
0x8C78, 0x076B,
0x0C74, 0x0767,
0x0C76, 0x0765,
0x8C76, 0x0765,
0x8C7A, 0x0769,
0x0C76, 0x0765,
0x0C73, 0x0763,
0x8C73, 0x0763,
0x8C78, 0x0767,
0x0C73, 0x0763,
0x0C6A, 0x076E,
0x8C6A, 0x076E,
0x8C6E, 0x0772,
0x0C6A, 0x076E,
0x0C63, 0x0773,
0x8C63, 0x0773,
0x8C67, 0x0777,
0x0C63, 0x0773,
0x0C64, 0x0774,
0x8C64, 0x0774,
0x8C68, 0x0779,
0x0C64, 0x0774,
0x0C59, 0x077A,
0x8C59, 0x077A,
0x8C5D, 0x077E,
0x0C59, 0x077A,
0x0C57, 0x077B,
0x8C57, 0x077B,
0x8C5B, 0x077F,
0x0C57, 0x077B,
0x0C54, 0x077F,
0x8C54, 0x077F,
0x8C58, 0x0783,
0x0C54, 0x077F,
0x0C53, 0x077F,
0x8C53, 0x077F,
0x8C57, 0x0783,
0x0C53, 0x077F,
0x0C41, 0x0781,
0x8C41, 0x0781,
0x8C45, 0x0785,
0x0C41, 0x0781,
0x0C47, 0x0789,
0x8C47, 0x0789,
0x8C4B, 0x078D,
0x0C47, 0x0789,
0x0C42, 0x0783,
0x8C42, 0x0783,
0x8C46, 0x0787,
0x0C42, 0x0783,
0x0C3D, 0x078D,
0x8C3D, 0x078D,
0x8C41, 0x0791,
0x0C3D, 0x078D,
0x0C3C, 0x078C,
0x8C3C, 0x078C,
0x8C40, 0x0790,
0x0C3C, 0x078C,
0x0C37, 0x0790,
0x8C37, 0x0790,
0x8C3B, 0x0794,
0x0C37, 0x0790,
0x0C3A, 0x0790,
0x8C3A, 0x0790,
0x8C3E, 0x0794,
0x0C3A, 0x0790,
0x0C38, 0x0744,
0x8C38, 0x0744,
0x8C3D, 0x0748,
0x0C38, 0x0744,
0x0C37, 0x0741,
0x8C37, 0x0741,
0x8C3B, 0x0745,
0x0C37, 0x0741,
0x0C37, 0x0748,
0x8C37, 0x0748,
0x8C3B, 0x074C,
0x0C37, 0x0748,
0x0C3D, 0x075E,
0x8C3D, 0x075E,
0x8C41, 0x0762,
0x0C3D, 0x075E,
0x0C3B, 0x075F,
0x8C3B, 0x075F,
0x8C3F, 0x0764,
0x0C3B, 0x075F,
0x0C3D, 0x074F,
0x8C3D, 0x074F,
0x8C41, 0x0753,
0x0C3D, 0x074F,
0x0C39, 0x0772,
0x8C39, 0x0772,
0x8C3D, 0x0776,
0x0C39, 0x0772,
0x0C37, 0x0779,
0x8C37, 0x0779,
0x8C3B, 0x077D,
0x0C37, 0x0779
};

const unsigned short draw_6[] PROGMEM = {
0x031C, 0x071C,
0x831C, 0x071C,
0x8324, 0x0720,
0x8327, 0x0727,
0x832B, 0x072E,
0x8330, 0x0735,
0x8335, 0x073A,
0x833C, 0x073F,
0x8340, 0x0745,
0x8338, 0x074F,
0x8330, 0x074C,
0x8329, 0x0749,
0x8326, 0x074A,
0x8324, 0x0752,
0x8324, 0x075A,
0x8324, 0x0762,
0x8327, 0x0769,
0x832E, 0x0767,
0x8336, 0x0765,
0x833D, 0x0764,
0x8346, 0x0762,
0x834A, 0x075E,
0x8345, 0x0758,
0x833E, 0x0754,
0x8338, 0x074F,
0x8340, 0x0745,
0x8346, 0x074B,
0x834E, 0x074D,
0x8356, 0x074E,
0x835E, 0x0750,
0x8366, 0x0752,
0x836C, 0x0758,
0x8372, 0x075D,
0x837A, 0x075D,
0x8383, 0x075E,
0x838B, 0x075D,
0x8393, 0x075E,
0x839B, 0x0761,
0x83A2, 0x075E,
0x83AB, 0x075D,
0x83B3, 0x075D,
0x83BB, 0x075E,
0x83BB, 0x076D,
0x83B3, 0x0771,
0x83AB, 0x0771,
0x83A2, 0x0772,
0x8399, 0x0772,
0x8391, 0x0772,
0x8388, 0x0772,
0x8380, 0x0772,
0x8377, 0x0772,
0x836F, 0x0772,
0x8366, 0x0772,
0x835E, 0x0774,
0x8356, 0x0776,
0x834D, 0x0776,
0x8345, 0x0775,
0x833D, 0x0777,
0x8335, 0x077B,
0x8330, 0x0781,
0x8330, 0x0788,
0x8336, 0x078E,
0x833D, 0x0793,
0x8344, 0x0798,
0x834B, 0x079D,
0x8352, 0x07A2,
0x8359, 0x07A1,
0x8362, 0x07A0,
0x836A, 0x079F,
0x8373, 0x079F,
0x837B, 0x079F,
0x8383, 0x07A3,
0x838B, 0x07A4,
0x8394, 0x07A4,
0x839C, 0x07A7,
0x83A4, 0x07A7,
0x83AD, 0x07A7,
0x83B5, 0x07A8,
0x83BD, 0x07A7,
0x83C0, 0x07A0,
0x83BF, 0x0798,
0x83C1, 0x0790,
0x83C2, 0x0787,
0x83C2, 0x077F,
0x83C2, 0x0776,
0x83C0, 0x076E,
0x83BB, 0x076D,
0x83BB, 0x075E,
0x83C2, 0x0759,
0x83C2, 0x0751,
0x83C2, 0x0749,
0x83BE, 0x0742,
0x83BD, 0x073A,
0x83C2, 0x0734,
0x83CA, 0x0733,
0x83D1, 0x0739,
0x83D7, 0x073F,
0x83DB, 0x0745,
0x83E0, 0x074C,
0x83E7, 0x0751,
0x83EE, 0x0755,
0x83F4, 0x075A,
0x83FB, 0x075F,
0x83EF, 0x076C,
0x83E8, 0x0769,
0x83E2, 0x0764,
0x83DE, 0x0762,
0x83D9, 0x0768,
0x83D7, 0x0770,
0x83D7, 0x0777,
0x83D7, 0x077E,
0x83DE, 0x0781,
0x83E4, 0x077D,
0x83EC, 0x077A,
0x83F1, 0x0776,
0x83F4, 0x0771,
0x83EF, 0x076C,
0x83FB, 0x075F,
0x8402, 0x0762,
0x840A, 0x0765,
0x8412, 0x0765,
0x841A, 0x0767,
0x8420, 0x076D,
0x8428, 0x076E,
0x8431, 0x076E,
0x8439, 0x076E,
0x8441, 0x076E,
0x8448, 0x076B,
0x8451, 0x0769,
0x8459, 0x0769,
0x8461, 0x0769,
0x8469, 0x0765,
0x8470, 0x0767,
0x8478, 0x0769,
0x8480, 0x0769,
0x8488, 0x0765,
0x8490, 0x0765,
0x8499, 0x0765,
0x84A0, 0x0768,
0x84A3, 0x076F,
0x84A0, 0x0776,
0x8497, 0x0778,
0x8490, 0x0779,
0x8487, 0x0779,
0x8481, 0x077C,
0x8479, 0x077E,
0x8471, 0x077D,
0x8469, 0x077E,
0x8460, 0x077D,
0x8457, 0x077E,
0x844F, 0x077E,
0x8447, 0x077E,
0x843F, 0x077E,
0x8436, 0x077E,
0x842E, 0x0780,
0x8426, 0x0781,
0x841D, 0x0781,
0x8415, 0x0781,
0x840D, 0x0781,
0x8405, 0x0784,
0x83FE, 0x0788,
0x83F6, 0x0789,
0x83EF, 0x078D,
0x83E8, 0x0792,
0x83E3, 0x0798,
0x83DD, 0x079D,
0x83DF, 0x07A5,
0x83E4, 0x07AC,
0x83E9, 0x07B2,
0x83EF, 0x07B8,
0x83F5, 0x07BE,
0x83E9, 0x07C6,
0x83E2, 0x07C2,
0x83DC, 0x07BE,
0x83D6, 0x07B8,
0x83D3, 0x07B9,
0x83D1, 0x07C1,
0x83D1, 0x07C9,
0x83D1, 0x07D1,
0x83D0, 0x07D9,
0x83C1, 0x07D4,
0x83C1, 0x07CC,
0x83C2, 0x07C4,
0x83BF, 0x07BC,
0x83B7, 0x07BA,
0x83AE, 0x07BA,
0x83A7, 0x07BA,
0x839E, 0x07B8,
0x8396, 0x07B8,
0x838F, 0x07B4,
0x8387, 0x07B4,
0x837E, 0x07B3,
0x8376, 0x07B4,
0x836D, 0x07B4,
0x8365, 0x07B3,
0x8362, 0x07B4,
0x835A, 0x07B8,
0x8351, 0x07B7,
0x8349, 0x07BA,
0x8342, 0x07BB,
0x8338, 0x07AF,
0x833A, 0x07A7,
0x8334, 0x07A2,
0x832E, 0x079E,
0x8328, 0x079A,
0x8321, 0x0798,
0x8321, 0x0798,
0x831D, 0x079E,
0x831B, 0x07A5,
0x831E, 0x07AC,
0x831F, 0x07B3,
0x8325, 0x07B8,
0x832C, 0x07B6,
0x8332, 0x07B2,
0x8338, 0x07AF,
0x8342, 0x07BB,
0x833D, 0x07C2,
0x8336, 0x07C7,
0x832F, 0x07CC,
0x8329, 0x07D2,
0x832C, 0x07DA,
0x8332, 0x07DF,
0x8339, 0x07E2,
0x833F, 0x07E8,
0x8345, 0x07EE,
0x8339, 0x07F7,
0x8332, 0x07F4,
0x832C, 0x07EF,
0x8325, 0x07EB,
0x8321, 0x07EB,
0x831F, 0x07F3,
0x8320, 0x07FB,
0x831F, 0x0803,
0x831F, 0x080A,
0x8324, 0x0810,
0x832B, 0x0810,
0x8331, 0x080A,
0x8336, 0x0805,
0x833F, 0x0804,
0x833F, 0x07FD,
0x8339, 0x07F7,
0x8345, 0x07EE,
0x834B, 0x07F4,
0x8352, 0x07F7,
0x835A, 0x07FC,
0x8361, 0x07F9,
0x836A, 0x07F8,
0x8372, 0x07F8,
0x837A, 0x07F8,
0x8382, 0x07F8,
0x838B, 0x07F7,
0x8392, 0x07F4,
0x839B, 0x07F5,
0x83A3, 0x07F5,
0x83AC, 0x07F5,
0x83B4, 0x07F5,
0x83BC, 0x07F4,
0x83BF, 0x07ED,
0x83BF, 0x07E4,
0x83BF, 0x07DC,
0x83C1, 0x07D4,
0x83D0, 0x07D9,
0x83D1, 0x07E0,
0x83D1, 0x07E8,
0x83D2, 0x07F0,
0x83D9, 0x07F1,
0x83DF, 0x07ED,
0x83E7, 0x07EB,
0x83EE, 0x07E9,
0x83F5, 0x07E6,
0x83FC, 0x07E2,
0x8404, 0x07E0,
0x8401, 0x07DA,
0x83FB, 0x07D5,
0x83F4, 0x07D1,
0x83EE, 0x07CC,
0x83E9, 0x07C6,
0x83F5, 0x07BE,
0x83FB, 0x07C4,
0x8402, 0x07C8,
0x840A, 0x07CB,
0x8410, 0x07D0,
0x8418, 0x07D2,
0x8420, 0x07CE,
0x8428, 0x07CE,
0x8431, 0x07CE,
0x8439, 0x07CE,
0x8440, 0x07CC,
0x8448, 0x07CA,
0x8450, 0x07C7,
0x8457, 0x07C5,
0x845F, 0x07C4,
0x8466, 0x07C7,
0x846F, 0x07C7,
0x8477, 0x07C7,
0x8480, 0x07C7,
0x8488, 0x07C7,
0x8490, 0x07CA,
0x8498, 0x07C9,
0x84A0, 0x07C7,
0x84A7, 0x07C9,
0x84AC, 0x07D0,
0x84AC, 0x07D9,
0x84A7, 0x07DE,
0x84A0, 0x07E0,
0x8498, 0x07DD,
0x848F, 0x07DD,
0x8487, 0x07DD,
0x847F, 0x07DC,
0x8477, 0x07DA,
0x846F, 0x07DA,
0x8466, 0x07DA,
0x845E, 0x07DA,
0x8455, 0x07DA,
0x844E, 0x07DD,
0x8445, 0x07DD,
0x843E, 0x07DF,
0x8436, 0x07E2,
0x842E, 0x07E3,
0x8426, 0x07E2,
0x841F, 0x07E7,
0x8419, 0x07ED,
0x8411, 0x07EF,
0x8409, 0x07F1,
0x8401, 0x07F1,
0x83FB, 0x07F5,
0x83F3, 0x07FA,
0x83EB, 0x07FC,
0x83E6, 0x0803,
0x83E0, 0x0807,
0x83DA, 0x080D,
0x83D4, 0x0812,
0x83CF, 0x0818,
0x83C7, 0x0819,
0x83C2, 0x0813,
0x83BD, 0x080B,
0x83B7, 0x0807,
0x83AF, 0x0807,
0x83A6, 0x0807,
0x839E, 0x0805,
0x8396, 0x0807,
0x838E, 0x0807,
0x8386, 0x0808,
0x837D, 0x0807,
0x8376, 0x0809,
0x836E, 0x080D,
0x8366, 0x080D,
0x835D, 0x080D,
0x8355, 0x080E,
0x834E, 0x0811,
0x8346, 0x0813,
0x833F, 0x0817,
0x8338, 0x081B,
0x8332, 0x0821,
0x832E, 0x0829,
0x8329, 0x082E,
0x8322, 0x0833,
0x8319, 0x0834,
0x8312, 0x0831,
0x830A, 0x0830,
0x8303, 0x082C,
0x8302, 0x0824,
0x8304, 0x081C,
0x8304, 0x0814,
0x8304, 0x080B,
0x8304, 0x0803,
0x8304, 0x07FB,
0x8304, 0x07F2,
0x8307, 0x07EA,
0x8307, 0x07E3,
0x8304, 0x07DB,
0x8304, 0x07D3,
0x8309, 0x07CC,
0x8309, 0x07C3,
0x8309, 0x07BB,
0x8309, 0x07B3,
0x8309, 0x07AA,
0x8309, 0x07A2,
0x8309, 0x079A,
0x8309, 0x0791,
0x8309, 0x0789,
0x8309, 0x0780,
0x8309, 0x0778,
0x8309, 0x0770,
0x8307, 0x0768,
0x8307, 0x0760,
0x8304, 0x0758,
0x8304, 0x0750,
0x8304, 0x0748,
0x8303, 0x0740,
0x8303, 0x0737,
0x8306, 0x0731,
0x830F, 0x072F,
0x8315, 0x072C,
0x8315, 0x0723,
0x8319, 0x071C,
0x831C, 0x071C,
0x031C, 0x071C,
0x0331, 0x073B,
0x8331, 0x073B,
0x8335, 0x073F,
0x0331, 0x073B,
0x0334, 0x0743,
0x8334, 0x0743,
0x8338, 0x0747,
0x0334, 0x0743,
0x0334, 0x0744,
0x8334, 0x0744,
0x8338, 0x0748,
0x0334, 0x0744,
0x0333, 0x0745,
0x8333, 0x0745,
0x8337, 0x0749,
0x0333, 0x0745,
0x033F, 0x0750,
0x833F, 0x0750,
0x8343, 0x0754,
0x033F, 0x0750,
0x034A, 0x074F,
0x834A, 0x074F,
0x834E, 0x0753,
0x034A, 0x074F,
0x033F, 0x074F,
0x833F, 0x074F,
0x8343, 0x0753,
0x033F, 0x074F,
0x0340, 0x0750,
0x8340, 0x0750,
0x8344, 0x0754,
0x0340, 0x0750,
0x0342, 0x0769,
0x8342, 0x0769,
0x8346, 0x076D,
0x0342, 0x0769,
0x0351, 0x0756,
0x8351, 0x0756,
0x8355, 0x075A,
0x0351, 0x0756,
0x034B, 0x0769,
0x834B, 0x0769,
0x834F, 0x076D,
0x034B, 0x0769,
0x0350, 0x0768,
0x8350, 0x0768,
0x8354, 0x076C,
0x0350, 0x0768,
0x034F, 0x0769,
0x834F, 0x0769,
0x8353, 0x076D,
0x034F, 0x0769,
0x0352, 0x0764,
0x8352, 0x0764,
0x8356, 0x0768,
0x0352, 0x0764,
0x035D, 0x0760,
0x835D, 0x0760,
0x8361, 0x0764,
0x035D, 0x0760,
0x035A, 0x0761,
0x835A, 0x0761,
0x835E, 0x0765,
0x035A, 0x0761,
0x035F, 0x0768,
0x835F, 0x0768,
0x8363, 0x076C,
0x035F, 0x0768,
0x0370, 0x0761,
0x8370, 0x0761,
0x8374, 0x0765,
0x0370, 0x0761,
0x036F, 0x0765,
0x836F, 0x0765,
0x8373, 0x0769,
0x036F, 0x0765,
0x0372, 0x0767,
0x8372, 0x0767,
0x8376, 0x076B,
0x0372, 0x0767,
0x0378, 0x0767,
0x8378, 0x0767,
0x837C, 0x076B,
0x0378, 0x0767,
0x037B, 0x0768,
0x837B, 0x0768,
0x837F, 0x076C,
0x037B, 0x0768,
0x0319, 0x0755,
0x8319, 0x0755,
0x831D, 0x0759,
0x0319, 0x0755,
0x031D, 0x0778,
0x831D, 0x0778,
0x8321, 0x077C,
0x031D, 0x0778,
0x031B, 0x0757,
0x831B, 0x0757,
0x831F, 0x075B,
0x031B, 0x0757,
0x0320, 0x0731,
0x8320, 0x0731,
0x8324, 0x0736,
0x0320, 0x0731,
0x0320, 0x0732,
0x8320, 0x0732,
0x8324, 0x0736,
0x0320, 0x0732,
0x031D, 0x0724,
0x831D, 0x0724,
0x8321, 0x0728,
0x031D, 0x0724,
0x0318, 0x0727,
0x8318, 0x0727,
0x831D, 0x072B,
0x0318, 0x0727,
0x0321, 0x0728,
0x8321, 0x0728,
0x8325, 0x072D,
0x0321, 0x0728,
0x0323, 0x073F,
0x8323, 0x073F,
0x8327, 0x0743,
0x0323, 0x073F,
0x0322, 0x073F,
0x8322, 0x073F,
0x8326, 0x0743,
0x0322, 0x073F,
0x031F, 0x0733,
0x831F, 0x0733,
0x8323, 0x0737,
0x031F, 0x0733,
0x0329, 0x0737,
0x8329, 0x0737,
0x832E, 0x073B,
0x0329, 0x0737,
0x0329, 0x0737,
0x8329, 0x0737,
0x832D, 0x073B,
0x0329, 0x0737,
0x032B, 0x0741,
0x832B, 0x0741,
0x832F, 0x0745,
0x032B, 0x0741,
0x0329, 0x0744,
0x8329, 0x0744,
0x832D, 0x0748,
0x0329, 0x0744,
0x0320, 0x077D,
0x8320, 0x077D,
0x8324, 0x0782,
0x0320, 0x077D,
0x0322, 0x0771,
0x8322, 0x0771,
0x8326, 0x0775,
0x0322, 0x0771,
0x0322, 0x078D,
0x8322, 0x078D,
0x8326, 0x0792,
0x0322, 0x078D,
0x0322, 0x0781,
0x8322, 0x0781,
0x8326, 0x0785,
0x0322, 0x0781,
0x0323, 0x076C,
0x8323, 0x076C,
0x8327, 0x0770,
0x0323, 0x076C,
0x0323, 0x076F,
0x8323, 0x076F,
0x8327, 0x0773,
0x0323, 0x076F,
0x0323, 0x0773,
0x8323, 0x0773,
0x8327, 0x0777,
0x0323, 0x0773,
0x0324, 0x076F,
0x8324, 0x076F,
0x8328, 0x0773,
0x0324, 0x076F,
0x0323, 0x076F,
0x8323, 0x076F,
0x8327, 0x0773,
0x0323, 0x076F,
0x0328, 0x0756,
0x8328, 0x0756,
0x832C, 0x075A,
0x0328, 0x0756,
0x032A, 0x075B,
0x832A, 0x075B,
0x832E, 0x075F,
0x032A, 0x075B,
0x0347, 0x0769,
0x8347, 0x0769,
0x834B, 0x076E,
0x0347, 0x0769,
0x0346, 0x0767,
0x8346, 0x0767,
0x834A, 0x076B,
0x0346, 0x0767,
0x0345, 0x076A,
0x8345, 0x076A,
0x8349, 0x076E,
0x0345, 0x076A,
0x0343, 0x076A,
0x8343, 0x076A,
0x8347, 0x076E,
0x0343, 0x076A,
0x033F, 0x0769,
0x833F, 0x0769,
0x8343, 0x076D,
0x033F, 0x0769,
0x0336, 0x0781,
0x8336, 0x0781,
0x833A, 0x0785,
0x0336, 0x0781,
0x0339, 0x077F,
0x8339, 0x077F,
0x833D, 0x0784,
0x0339, 0x077F,
0x038D, 0x0769,
0x838D, 0x0769,
0x8391, 0x076D,
0x038D, 0x0769,
0x0393, 0x0766,
0x8393, 0x0766,
0x8398, 0x076B,
0x0393, 0x0766,
0x038F, 0x076A,
0x838F, 0x076A,
0x8393, 0x076E,
0x038F, 0x076A,
0x039D, 0x0768,
0x839D, 0x0768,
0x83A1, 0x076C,
0x039D, 0x0768,
0x0387, 0x0761,
0x8387, 0x0761,
0x838B, 0x0765,
0x0387, 0x0761,
0x03A6, 0x0765,
0x83A6, 0x0765,
0x83AB, 0x076A,
0x03A6, 0x0765,
0x03AA, 0x0768,
0x83AA, 0x0768,
0x83AE, 0x076C,
0x03AA, 0x0768,
0x03CD, 0x078D,
0x83CD, 0x078D,
0x83D1, 0x0791,
0x03CD, 0x078D,
0x03D3, 0x07A9,
0x83D3, 0x07A9,
0x83D7, 0x07AE,
0x03D3, 0x07A9,
0x03C9, 0x0784,
0x83C9, 0x0784,
0x83CD, 0x0788,
0x03C9, 0x0784,
0x03CA, 0x078C,
0x83CA, 0x078C,
0x83CE, 0x0790,
0x03CA, 0x078C,
0x03D2, 0x07AC,
0x83D2, 0x07AC,
0x83D6, 0x07B0,
0x03D2, 0x07AC,
0x03CE, 0x0794,
0x83CE, 0x0794,
0x83D2, 0x0798,
0x03CE, 0x0794,
0x03C8, 0x0788,
0x83C8, 0x0788,
0x83CC, 0x078C,
0x03C8, 0x0788,
0x03C8, 0x0777,
0x83C8, 0x0777,
0x83CC, 0x077B,
0x03C8, 0x0777,
0x03C5, 0x0768,
0x83C5, 0x0768,
0x83C9, 0x076C,
0x03C5, 0x0768,
0x03C9, 0x078C,
0x83C9, 0x078C,
0x83CD, 0x0790,
0x03C9, 0x078C,
0x03C6, 0x078E,
0x83C6, 0x078E,
0x83CB, 0x0792,
0x03C6, 0x078E,
0x03C6, 0x078E,
0x83C6, 0x078E,
0x83CB, 0x0792,
0x03C6, 0x078E,
0x03CF, 0x07A6,
0x83CF, 0x07A6,
0x83D3, 0x07AA,
0x03CF, 0x07A6,
0x03AF, 0x0762,
0x83AF, 0x0762,
0x83B3, 0x0767,
0x03AF, 0x0762,
0x0328, 0x0794,
0x8328, 0x0794,
0x832C, 0x0798,
0x0328, 0x0794,
0x032E, 0x0795,
0x832E, 0x0795,
0x8332, 0x0799,
0x032E, 0x0795,
0x0331, 0x0798,
0x8331, 0x0798,
0x8335, 0x079C,
0x0331, 0x0798,
0x032E, 0x0794,
0x832E, 0x0794,
0x8332, 0x0799,
0x032E, 0x0794,
0x0351, 0x07A6,
0x8351, 0x07A6,
0x8355, 0x07AA,
0x0351, 0x07A6,
0x0350, 0x07A8,
0x8350, 0x07A8,
0x8354, 0x07AC,
0x0350, 0x07A8,
0x034D, 0x07AB,
0x834D, 0x07AB,
0x8351, 0x07AF,
0x034D, 0x07AB,
0x034B, 0x07AB,
0x834B, 0x07AB,
0x834F, 0x07AF,
0x034B, 0x07AB,
0x0341, 0x07A9,
0x8341, 0x07A9,
0x8345, 0x07AD,
0x0341, 0x07A9,
0x0341, 0x07A8,
0x8341, 0x07A8,
0x8346, 0x07AC,
0x0341, 0x07A8,
0x0346, 0x07A1,
0x8346, 0x07A1,
0x834A, 0x07A5,
0x0346, 0x07A1,
0x0341, 0x07A5,
0x8341, 0x07A5,
0x8345, 0x07A9,
0x0341, 0x07A5,
0x0344, 0x07AA,
0x8344, 0x07AA,
0x8348, 0x07AE,
0x0344, 0x07AA,
0x0340, 0x07A3,
0x8340, 0x07A3,
0x8344, 0x07A7,
0x0340, 0x07A3,
0x0340, 0x079B,
0x8340, 0x079B,
0x8344, 0x079F,
0x0340, 0x079B,
0x0337, 0x079C,
0x8337, 0x079C,
0x833C, 0x07A0,
0x0337, 0x079C,
0x036B, 0x07A5,
0x836B, 0x07A5,
0x8370, 0x07A9,
0x036B, 0x07A5,
0x036B, 0x07A3,
0x836B, 0x07A3,
0x836F, 0x07A7,
0x036B, 0x07A3,
0x0361, 0x07A4,
0x8361, 0x07A4,
0x8365, 0x07A8,
0x0361, 0x07A4,
0x0356, 0x07AB,
0x8356, 0x07AB,
0x835A, 0x07B0,
0x0356, 0x07AB,
0x035D, 0x07A5,
0x835D, 0x07A5,
0x8361, 0x07A9,
0x035D, 0x07A5,
0x0354, 0x07AA,
0x8354, 0x07AA,
0x8358, 0x07AE,
0x0354, 0x07AA,
0x037B, 0x07AB,
0x837B, 0x07AB,
0x837F, 0x07AF,
0x037B, 0x07AB,
0x037C, 0x07A8,
0x837C, 0x07A8,
0x8380, 0x07AC,
0x037C, 0x07A8,
0x0383, 0x07AB,
0x8383, 0x07AB,
0x8387, 0x07AF,
0x0383, 0x07AB,
0x0398, 0x07AE,
0x8398, 0x07AE,
0x839D, 0x07B2,
0x0398, 0x07AE,
0x0395, 0x07B0,
0x8395, 0x07B0,
0x8399, 0x07B4,
0x0395, 0x07B0,
0x039F, 0x07AF,
0x839F, 0x07AF,
0x83A4, 0x07B3,
0x039F, 0x07AF,
0x03C1, 0x07B2,
0x83C1, 0x07B2,
0x83C5, 0x07B6,
0x03C1, 0x07B2,
0x03C1, 0x07AD,
0x83C1, 0x07AD,
0x83C5, 0x07B1,
0x03C1, 0x07AD,
0x03BF, 0x07B4,
0x83BF, 0x07B4,
0x83C3, 0x07B8,
0x03BF, 0x07B4,
0x03BB, 0x07B0,
0x83BB, 0x07B0,
0x83BF, 0x07B4,
0x03BB, 0x07B0,
0x03B2, 0x07AE,
0x83B2, 0x07AE,
0x83B6, 0x07B2,
0x03B2, 0x07AE,
0x03AA, 0x07AC,
0x83AA, 0x07AC,
0x83AF, 0x07B0,
0x03AA, 0x07AC,
0x03A9, 0x07AC,
0x83A9, 0x07AC,
0x83AD, 0x07B0,
0x03A9, 0x07AC,
0x03A6, 0x07AC,
0x83A6, 0x07AC,
0x83AA, 0x07B0,
0x03A6, 0x07AC,
0x03A8, 0x07B0,
0x83A8, 0x07B0,
0x83AC, 0x07B4,
0x03A8, 0x07B0,
0x03C9, 0x0799,
0x83C9, 0x0799,
0x83CE, 0x079D,
0x03C9, 0x0799,
0x03CA, 0x079D,
0x83CA, 0x079D,
0x83CF, 0x07A1,
0x03CA, 0x079D,
0x03CC, 0x07AB,
0x83CC, 0x07AB,
0x83D0, 0x07B0,
0x03CC, 0x07AB,
0x03C3, 0x07B9,
0x83C3, 0x07B9,
0x83C7, 0x07BD,
0x03C3, 0x07B9,
0x03C8, 0x07AB,
0x83C8, 0x07AB,
0x83CC, 0x07AF,
0x03C8, 0x07AB,
0x03C8, 0x07C3,
0x83C8, 0x07C3,
0x83CC, 0x07C7,
0x03C8, 0x07C3,
0x03C6, 0x07B1,
0x83C6, 0x07B1,
0x83CA, 0x07B5,
0x03C6, 0x07B1,
0x03C7, 0x07CC,
0x83C7, 0x07CC,
0x83CB, 0x07D0,
0x03C7, 0x07CC,
0x03CA, 0x07F7,
0x83CA, 0x07F7,
0x83CE, 0x07FB,
0x03CA, 0x07F7,
0x03CD, 0x07FA,
0x83CD, 0x07FA,
0x83D1, 0x07FE,
0x03CD, 0x07FA,
0x03C7, 0x07F3,
0x83C7, 0x07F3,
0x83CB, 0x07F7,
0x03C7, 0x07F3,
0x03C4, 0x07EF,
0x83C4, 0x07EF,
0x83C8, 0x07F3,
0x03C4, 0x07EF,
0x0474, 0x0770,
0x8474, 0x0770,
0x8479, 0x0774,
0x0474, 0x0770,
0x047B, 0x0770,
0x847B, 0x0770,
0x847F, 0x0774,
0x047B, 0x0770,
0x0478, 0x0772,
0x8478, 0x0772,
0x847C, 0x0776,
0x0478, 0x0772,
0x047B, 0x076E,
0x847B, 0x076E,
0x847F, 0x0773,
0x047B, 0x076E,
0x047B, 0x0770,
0x847B, 0x0770,
0x8480, 0x0774,
0x047B, 0x0770,
0x047F, 0x0770,
0x847F, 0x0770,
0x8483, 0x0774,
0x047F, 0x0770,
0x048B, 0x0769,
0x848B, 0x0769,
0x8490, 0x076D,
0x048B, 0x0769,
0x0491, 0x076A,
0x8491, 0x076A,
0x8495, 0x076E,
0x0491, 0x076A,
0x0484, 0x076B,
0x8484, 0x076B,
0x8488, 0x076F,
0x0484, 0x076B,
0x0425, 0x0772,
0x8425, 0x0772,
0x8429, 0x0776,
0x0425, 0x0772,
0x0425, 0x0771,
0x8425, 0x0771,
0x842A, 0x0776,
0x0425, 0x0771,
0x042C, 0x0777,
0x842C, 0x0777,
0x8430, 0x077B,
0x042C, 0x0777,
0x044F, 0x0770,
0x844F, 0x0770,
0x8453, 0x0774,
0x044F, 0x0770,
0x0449, 0x0774,
0x8449, 0x0774,
0x844D, 0x0778,
0x0449, 0x0774,
0x0457, 0x076E,
0x8457, 0x076E,
0x845B, 0x0772,
0x0457, 0x076E,
0x0449, 0x0775,
0x8449, 0x0775,
0x844D, 0x0779,
0x0449, 0x0775,
0x044D, 0x0774,
0x844D, 0x0774,
0x8451, 0x0779,
0x044D, 0x0774,
0x045C, 0x076C,
0x845C, 0x076C,
0x8461, 0x0770,
0x045C, 0x076C,
0x045E, 0x076F,
0x845E, 0x076F,
0x8462, 0x0774,
0x045E, 0x076F,
0x0462, 0x0772,
0x8462, 0x0772,
0x8466, 0x0776,
0x0462, 0x0772,
0x0461, 0x0774,
0x8461, 0x0774,
0x8465, 0x0778,
0x0461, 0x0774,
0x0469, 0x0776,
0x8469, 0x0776,
0x846D, 0x077A,
0x0469, 0x0776,
0x0474, 0x076E,
0x8474, 0x076E,
0x8478, 0x0772,
0x0474, 0x076E,
0x040F, 0x076B,
0x840F, 0x076B,
0x8413, 0x076F,
0x040F, 0x076B,
0x040D, 0x076F,
0x840D, 0x076F,
0x8411, 0x0773,
0x040D, 0x076F,
0x040C, 0x076B,
0x840C, 0x076B,
0x8410, 0x076F,
0x040C, 0x076B,
0x040C, 0x0769,
0x840C, 0x0769,
0x8410, 0x076D,
0x040C, 0x0769,
0x0415, 0x076B,
0x8415, 0x076B,
0x8419, 0x076F,
0x0415, 0x076B,
0x0410, 0x0773,
0x8410, 0x0773,
0x8414, 0x0777,
0x0410, 0x0773,
0x040C, 0x076C,
0x840C, 0x076C,
0x8410, 0x0770,
0x040C, 0x076C,
0x0417, 0x0772,
0x8417, 0x0772,
0x841B, 0x0776,
0x0417, 0x0772,
0x0412, 0x076D,
0x8412, 0x076D,
0x8416, 0x0772,
0x0412, 0x076D,
0x040D, 0x0768,
0x840D, 0x0768,
0x8412, 0x076C,
0x040D, 0x0768,
0x03D9, 0x0791,
0x83D9, 0x0791,
0x83DD, 0x0795,
0x03D9, 0x0791,
0x03DF, 0x07AE,
0x83DF, 0x07AE,
0x83E3, 0x07B2,
0x03DF, 0x07AE,
0x03DF, 0x07B2,
0x83DF, 0x07B2,
0x83E3, 0x07B6,
0x03DF, 0x07B2,
0x03DB, 0x07B3,
0x83DB, 0x07B3,
0x83DF, 0x07B7,
0x03DB, 0x07B3,
0x03DC, 0x07B6,
0x83DC, 0x07B6,
0x83E0, 0x07BA,
0x03DC, 0x07B6,
0x03D8, 0x078E,
0x83D8, 0x078E,
0x83DC, 0x0792,
0x03D8, 0x078E,
0x03D7, 0x0792,
0x83D7, 0x0792,
0x83DB, 0x0796,
0x03D7, 0x0792,
0x03CF, 0x076B,
0x83CF, 0x076B,
0x83D3, 0x0770,
0x03CF, 0x076B,
0x03D6, 0x078E,
0x83D6, 0x078E,
0x83DA, 0x0792,
0x03D6, 0x078E,
0x03E0, 0x0752,
0x83E0, 0x0752,
0x83E4, 0x0756,
0x03E0, 0x0752,
0x03DE, 0x075B,
0x83DE, 0x075B,
0x83E2, 0x075F,
0x03DE, 0x075B,
0x03E2, 0x075A,
0x83E2, 0x075A,
0x83E6, 0x075E,
0x03E2, 0x075A,
0x03E2, 0x075B,
0x83E2, 0x075B,
0x83E6, 0x075F,
0x03E2, 0x075B,
0x03E3, 0x075F,
0x83E3, 0x075F,
0x83E7, 0x0763,
0x03E3, 0x075F,
0x03F8, 0x0768,
0x83F8, 0x0768,
0x83FC, 0x076C,
0x03F8, 0x0768,
0x03FB, 0x076A,
0x83FB, 0x076A,
0x83FF, 0x076E,
0x03FB, 0x076A,
0x03F9, 0x076A,
0x83F9, 0x076A,
0x83FD, 0x076E,
0x03F9, 0x076A,
0x03F8, 0x077B,
0x83F8, 0x077B,
0x83FD, 0x077F,
0x03F8, 0x077B,
0x03EF, 0x077F,
0x83EF, 0x077F,
0x83F3, 0x0783,
0x03EF, 0x077F,
0x03F2, 0x077E,
0x83F2, 0x077E,
0x83F7, 0x0782,
0x03F2, 0x077E,
0x03ED, 0x0782,
0x83ED, 0x0782,
0x83F1, 0x0786,
0x03ED, 0x0782,
0x03EB, 0x0781,
0x83EB, 0x0781,
0x83F0, 0x0785,
0x03EB, 0x0781,
0x03EB, 0x0783,
0x83EB, 0x0783,
0x83EF, 0x0787,
0x03EB, 0x0783,
0x03EA, 0x0782,
0x83EA, 0x0782,
0x83EE, 0x0786,
0x03EA, 0x0782,
0x03E9, 0x0783,
0x83E9, 0x0783,
0x83ED, 0x0787,
0x03E9, 0x0783,
0x03DC, 0x0788,
0x83DC, 0x0788,
0x83E0, 0x078C,
0x03DC, 0x0788,
0x03DA, 0x0789,
0x83DA, 0x0789,
0x83DE, 0x078D,
0x03DA, 0x0789,
0x03DD, 0x078A,
0x83DD, 0x078A,
0x83E1, 0x078E,
0x03DD, 0x078A,
0x03E1, 0x07AC,
0x83E1, 0x07AC,
0x83E5, 0x07B0,
0x03E1, 0x07AC,
0x03E2, 0x07BB,
0x83E2, 0x07BB,
0x83E6, 0x07BF,
0x03E2, 0x07BB,
0x03E6, 0x07B6,
0x83E6, 0x07B6,
0x83EB, 0x07BA,
0x03E6, 0x07B6,
0x03E1, 0x07B3,
0x83E1, 0x07B3,
0x83E5, 0x07B8,
0x03E1, 0x07B3,
0x03FB, 0x07CF,
0x83FB, 0x07CF,
0x83FF, 0x07D3,
0x03FB, 0x07CF,
0x03F6, 0x07CB,
0x83F6, 0x07CB,
0x83FA, 0x07D0,
0x03F6, 0x07CB,
0x03D3, 0x074B,
0x83D3, 0x074B,
0x83D7, 0x074F,
0x03D3, 0x074B,
0x03D4, 0x0747,
0x83D4, 0x0747,
0x83D8, 0x074B,
0x03D4, 0x0747,
0x03D2, 0x0746,
0x83D2, 0x0746,
0x83D6, 0x074A,
0x03D2, 0x0746,
0x03CC, 0x0748,
0x83CC, 0x0748,
0x83D0, 0x074C,
0x03CC, 0x0748,
0x03D3, 0x0747,
0x83D3, 0x0747,
0x83D8, 0x074B,
0x03D3, 0x0747,
0x03C9, 0x0746,
0x83C9, 0x0746,
0x83CD, 0x074A,
0x03C9, 0x0746,
0x03D6, 0x0746,
0x83D6, 0x0746,
0x83DA, 0x074A,
0x03D6, 0x0746,
0x03D1, 0x0741,
0x83D1, 0x0741,
0x83D5, 0x0745,
0x03D1, 0x0741,
0x03CD, 0x0744,
0x83CD, 0x0744,
0x83D2, 0x0748,
0x03CD, 0x0744,
0x03CE, 0x0746,
0x83CE, 0x0746,
0x83D2, 0x074A,
0x03CE, 0x0746,
0x03D0, 0x0744,
0x83D0, 0x0744,
0x83D5, 0x0748,
0x03D0, 0x0744,
0x032E, 0x07BA,
0x832E, 0x07BA,
0x8332, 0x07BE,
0x032E, 0x07BA,
0x0332, 0x07B9,
0x8332, 0x07B9,
0x8336, 0x07BD,
0x0332, 0x07B9,
0x0330, 0x07BB,
0x8330, 0x07BB,
0x8334, 0x07BF,
0x0330, 0x07BB,
0x0318, 0x0780,
0x8318, 0x0780,
0x831C, 0x0785,
0x0318, 0x0780,
0x0311, 0x0795,
0x8311, 0x0795,
0x8315, 0x0799,
0x0311, 0x0795,
0x0312, 0x0763,
0x8312, 0x0763,
0x8316, 0x0767,
0x0312, 0x0763,
0x030D, 0x0795,
0x830D, 0x0795,
0x8311, 0x0799,
0x030D, 0x0795,
0x0319, 0x0790,
0x8319, 0x0790,
0x831E, 0x0794,
0x0319, 0x0790,
0x0319, 0x0758,
0x8319, 0x0758,
0x831D, 0x075C,
0x0319, 0x0758,
0x0319, 0x0776,
0x8319, 0x0776,
0x831D, 0x077A,
0x0319, 0x0776,
0x031A, 0x0768,
0x831A, 0x0768,
0x831E, 0x076C,
0x031A, 0x0768,
0x031A, 0x076F,
0x831A, 0x076F,
0x831E, 0x0773,
0x031A, 0x076F,
0x031F, 0x0780,
0x831F, 0x0780,
0x8323, 0x0784,
0x031F, 0x0780,
0x0325, 0x07C2,
0x8325, 0x07C2,
0x8329, 0x07C6,
0x0325, 0x07C2,
0x0323, 0x07AE,
0x8323, 0x07AE,
0x8327, 0x07B2,
0x0323, 0x07AE,
0x031C, 0x0780,
0x831C, 0x0780,
0x8320, 0x0784,
0x031C, 0x0780,
0x0322, 0x07AB,
0x8322, 0x07AB,
0x8326, 0x07AF,
0x0322, 0x07AB,
0x0322, 0x07A6,
0x8322, 0x07A6,
0x8326, 0x07AA,
0x0322, 0x07A6,
0x0326, 0x07BE,
0x8326, 0x07BE,
0x832A, 0x07C2,
0x0326, 0x07BE,
0x0328, 0x07C4,
0x8328, 0x07C4,
0x832C, 0x07C8,
0x0328, 0x07C4,
0x032C, 0x07BD,
0x832C, 0x07BD,
0x8330, 0x07C1,
0x032C, 0x07BD,
0x0338, 0x07E7,
0x8338, 0x07E7,
0x833C, 0x07EB,
0x0338, 0x07E7,
0x0334, 0x07EB,
0x8334, 0x07EB,
0x8338, 0x07EF,
0x0334, 0x07EB,
0x0334, 0x07E6,
0x8334, 0x07E6,
0x8338, 0x07EA,
0x0334, 0x07E6,
0x0335, 0x07E4,
0x8335, 0x07E4,
0x8339, 0x07E8,
0x0335, 0x07E4,
0x0332, 0x07ED,
0x8332, 0x07ED,
0x8336, 0x07F1,
0x0332, 0x07ED,
0x0335, 0x07EA,
0x8335, 0x07EA,
0x8339, 0x07EF,
0x0335, 0x07EA,
0x0336, 0x07E3,
0x8336, 0x07E3,
0x833A, 0x07E8,
0x0336, 0x07E3,
0x0357, 0x0804,
0x8357, 0x0804,
0x835B, 0x0808,
0x0357, 0x0804,
0x034D, 0x0804,
0x834D, 0x0804,
0x8352, 0x0808,
0x034D, 0x0804,
0x0350, 0x07FE,
0x8350, 0x07FE,
0x8354, 0x0802,
0x0350, 0x07FE,
0x034C, 0x0803,
0x834C, 0x0803,
0x8351, 0x0807,
0x034C, 0x0803,
0x034E, 0x0804,
0x834E, 0x0804,
0x8353, 0x0808,
0x034E, 0x0804,
0x0349, 0x07F8,
0x8349, 0x07F8,
0x834D, 0x07FC,
0x0349, 0x07F8,
0x034E, 0x07FD,
0x834E, 0x07FD,
0x8352, 0x0801,
0x034E, 0x07FD,
0x0343, 0x07FC,
0x8343, 0x07FC,
0x8347, 0x0800,
0x0343, 0x07FC,
0x034E, 0x07FF,
0x834E, 0x07FF,
0x8352, 0x0803,
0x034E, 0x07FF,
0x034C, 0x0802,
0x834C, 0x0802,
0x8350, 0x0806,
0x034C, 0x0802,
0x0343, 0x07F7,
0x8343, 0x07F7,
0x8347, 0x07FB,
0x0343, 0x07F7,
0x0347, 0x07FB,
0x8347, 0x07FB,
0x834B, 0x07FF,
0x0347, 0x07FB,
0x0343, 0x07F7,
0x8343, 0x07F7,
0x8347, 0x07FB,
0x0343, 0x07F7,
0x030D, 0x0765,
0x830D, 0x0765,
0x8311, 0x0769,
0x030D, 0x0765,
0x030E, 0x075F,
0x830E, 0x075F,
0x8312, 0x0763,
0x030E, 0x075F,
0x0311, 0x0746,
0x8311, 0x0746,
0x8315, 0x074A,
0x0311, 0x0746,
0x030C, 0x0768,
0x830C, 0x0768,
0x8310, 0x076C,
0x030C, 0x0768,
0x030F, 0x07CE,
0x830F, 0x07CE,
0x8314, 0x07D2,
0x030F, 0x07CE,
0x0310, 0x07D2,
0x8310, 0x07D2,
0x8315, 0x07D6,
0x0310, 0x07D2,
0x0313, 0x07D5,
0x8313, 0x07D5,
0x8317, 0x07D9,
0x0313, 0x07D5,
0x0312, 0x07D1,
0x8312, 0x07D1,
0x8316, 0x07D5,
0x0312, 0x07D1,
0x030E, 0x07C6,
0x830E, 0x07C6,
0x8312, 0x07CA,
0x030E, 0x07C6,
0x0318, 0x07D7,
0x8318, 0x07D7,
0x831D, 0x07DB,
0x0318, 0x07D7,
0x031A, 0x07DE,
0x831A, 0x07DE,
0x831E, 0x07E2,
0x031A, 0x07DE,
0x030D, 0x07C2,
0x830D, 0x07C2,
0x8311, 0x07C6,
0x030D, 0x07C2,
0x030D, 0x07C1,
0x830D, 0x07C1,
0x8311, 0x07C5,
0x030D, 0x07C1,
0x0316, 0x07E0,
0x8316, 0x07E0,
0x831A, 0x07E4,
0x0316, 0x07E0,
0x0318, 0x07E9,
0x8318, 0x07E9,
0x831C, 0x07ED,
0x0318, 0x07E9,
0x0313, 0x07E0,
0x8313, 0x07E0,
0x8318, 0x07E4,
0x0313, 0x07E0,
0x0314, 0x07E2,
0x8314, 0x07E2,
0x8318, 0x07E6,
0x0314, 0x07E2,
0x030F, 0x07EE,
0x830F, 0x07EE,
0x8313, 0x07F3,
0x030F, 0x07EE,
0x0316, 0x07F6,
0x8316, 0x07F6,
0x831A, 0x07FA,
0x0316, 0x07F6,
0x0310, 0x07F4,
0x8310, 0x07F4,
0x8314, 0x07F8,
0x0310, 0x07F4,
0x0322, 0x0817,
0x8322, 0x0817,
0x8326, 0x081B,
0x0322, 0x0817,
0x031F, 0x0824,
0x831F, 0x0824,
0x8323, 0x0828,
0x031F, 0x0824,
0x0310, 0x081A,
0x8310, 0x081A,
0x8315, 0x081E,
0x0310, 0x081A,
0x0317, 0x0822,
0x8317, 0x0822,
0x831B, 0x0826,
0x0317, 0x0822,
0x0317, 0x0825,
0x8317, 0x0825,
0x831B, 0x0829,
0x0317, 0x0825,
0x0307, 0x0817,
0x8307, 0x0817,
0x830B, 0x081C,
0x0307, 0x0817,
0x030D, 0x0826,
0x830D, 0x0826,
0x8311, 0x082A,
0x030D, 0x0826,
0x0309, 0x081D,
0x8309, 0x081D,
0x830D, 0x0821,
0x0309, 0x081D,
0x0316, 0x0827,
0x8316, 0x0827,
0x831A, 0x082C,
0x0316, 0x0827,
0x0313, 0x0829,
0x8313, 0x0829,
0x8317, 0x082E,
0x0313, 0x0829,
0x0308, 0x0826,
0x8308, 0x0826,
0x830C, 0x082A,
0x0308, 0x0826,
0x033E, 0x080C,
0x833E, 0x080C,
0x8342, 0x0810,
0x033E, 0x080C,
0x033E, 0x0808,
0x833E, 0x0808,
0x8342, 0x080C,
0x033E, 0x0808,
0x033C, 0x080B,
0x833C, 0x080B,
0x8340, 0x080F,
0x033C, 0x080B,
0x0336, 0x080C,
0x8336, 0x080C,
0x833A, 0x0810,
0x0336, 0x080C,
0x0337, 0x080D,
0x8337, 0x080D,
0x833B, 0x0811,
0x0337, 0x080D,
0x0334, 0x080F,
0x8334, 0x080F,
0x8338, 0x0813,
0x0334, 0x080F,
0x0333, 0x0811,
0x8333, 0x0811,
0x8337, 0x0815,
0x0333, 0x0811,
0x0359, 0x0800,
0x8359, 0x0800,
0x835D, 0x0804,
0x0359, 0x0800,
0x0359, 0x0804,
0x8359, 0x0804,
0x835D, 0x0808,
0x0359, 0x0804,
0x035E, 0x0801,
0x835E, 0x0801,
0x8362, 0x0805,
0x035E, 0x0801,
0x035E, 0x07FF,
0x835E, 0x07FF,
0x8362, 0x0803,
0x035E, 0x07FF,
0x0360, 0x07FF,
0x8360, 0x07FF,
0x8364, 0x0803,
0x0360, 0x07FF,
0x0368, 0x07FC,
0x8368, 0x07FC,
0x836C, 0x0800,
0x0368, 0x07FC,
0x0362, 0x0805,
0x8362, 0x0805,
0x8366, 0x0809,
0x0362, 0x0805,
0x036C, 0x0803,
0x836C, 0x0803,
0x8370, 0x0808,
0x036C, 0x0803,
0x0363, 0x0801,
0x8363, 0x0801,
0x8367, 0x0805,
0x0363, 0x0801,
0x0373, 0x07FC,
0x8373, 0x07FC,
0x8377, 0x0800,
0x0373, 0x07FC,
0x037D, 0x07FE,
0x837D, 0x07FE,
0x8381, 0x0802,
0x037D, 0x07FE,
0x03B4, 0x07FF,
0x83B4, 0x07FF,
0x83B8, 0x0803,
0x03B4, 0x07FF,
0x03AE, 0x07FE,
0x83AE, 0x07FE,
0x83B3, 0x0802,
0x03AE, 0x07FE,
0x03B3, 0x07FD,
0x83B3, 0x07FD,
0x83B8, 0x0801,
0x03B3, 0x07FD,
0x03AE, 0x07FF,
0x83AE, 0x07FF,
0x83B2, 0x0803,
0x03AE, 0x07FF,
0x03A7, 0x07FF,
0x83A7, 0x07FF,
0x83AB, 0x0803,
0x03A7, 0x07FF,
0x0390, 0x07FF,
0x8390, 0x07FF,
0x8394, 0x0804,
0x0390, 0x07FF,
0x0392, 0x07FA,
0x8392, 0x07FA,
0x8396, 0x07FE,
0x0392, 0x07FA,
0x0387, 0x0800,
0x8387, 0x0800,
0x838C, 0x0804,
0x0387, 0x0800,
0x0380, 0x07FF,
0x8380, 0x07FF,
0x8384, 0x0803,
0x0380, 0x07FF,
0x03B8, 0x0802,
0x83B8, 0x0802,
0x83BC, 0x0806,
0x03B8, 0x0802,
0x03BC, 0x0801,
0x83BC, 0x0801,
0x83C0, 0x0805,
0x03BC, 0x0801,
0x03BD, 0x07F8,
0x83BD, 0x07F8,
0x83C1, 0x07FC,
0x03BD, 0x07F8,
0x03BA, 0x0801,
0x83BA, 0x0801,
0x83BF, 0x0805,
0x03BA, 0x0801,
0x03BE, 0x0801,
0x83BE, 0x0801,
0x83C2, 0x0805,
0x03BE, 0x0801,
0x03C0, 0x0808,
0x83C0, 0x0808,
0x83C5, 0x080C,
0x03C0, 0x0808,
0x03F3, 0x07EE,
0x83F3, 0x07EE,
0x83F7, 0x07F2,
0x03F3, 0x07EE,
0x03EF, 0x07F2,
0x83EF, 0x07F2,
0x83F3, 0x07F6,
0x03EF, 0x07F2,
0x03EC, 0x07F1,
0x83EC, 0x07F1,
0x83F0, 0x07F5,
0x03EC, 0x07F1,
0x03EE, 0x07F2,
0x83EE, 0x07F2,
0x83F2, 0x07F6,
0x03EE, 0x07F2,
0x03E7, 0x07F3,
0x83E7, 0x07F3,
0x83EB, 0x07F7,
0x03E7, 0x07F3,
0x03EC, 0x07F0,
0x83EC, 0x07F0,
0x83F0, 0x07F4,
0x03EC, 0x07F0,
0x03E7, 0x07F4,
0x83E7, 0x07F4,
0x83EB, 0x07F8,
0x03E7, 0x07F4,
0x03E9, 0x07F3,
0x83E9, 0x07F3,
0x83EE, 0x07F7,
0x03E9, 0x07F3,
0x03D9, 0x07FA,
0x83D9, 0x07FA,
0x83DD, 0x07FE,
0x03D9, 0x07FA,
0x03D8, 0x07FE,
0x83D8, 0x07FE,
0x83DC, 0x0802,
0x03D8, 0x07FE,
0x03D6, 0x07FD,
0x83D6, 0x07FD,
0x83DA, 0x0801,
0x03D6, 0x07FD,
0x03D7, 0x07F8,
0x83D7, 0x07F8,
0x83DB, 0x07FC,
0x03D7, 0x07F8,
0x03D8, 0x07FB,
0x83D8, 0x07FB,
0x83DC, 0x07FF,
0x03D8, 0x07FB,
0x03D7, 0x07FB,
0x83D7, 0x07FB,
0x83DB, 0x07FF,
0x03D7, 0x07FB,
0x03D3, 0x0800,
0x83D3, 0x0800,
0x83D7, 0x0804,
0x03D3, 0x0800,
0x03D5, 0x0800,
0x83D5, 0x0800,
0x83D9, 0x0804,
0x03D5, 0x0800,
0x0407, 0x07E8,
0x8407, 0x07E8,
0x840C, 0x07EC,
0x0407, 0x07E8,
0x040B, 0x07E0,
0x840B, 0x07E0,
0x840F, 0x07E4,
0x040B, 0x07E0,
0x041A, 0x07D8,
0x841A, 0x07D8,
0x841E, 0x07DC,
0x041A, 0x07D8,
0x041A, 0x07D6,
0x841A, 0x07D6,
0x841E, 0x07DA,
0x041A, 0x07D6,
0x0420, 0x07D4,
0x8420, 0x07D4,
0x8424, 0x07D8,
0x0420, 0x07D4,
0x042D, 0x07D8,
0x842D, 0x07D8,
0x8431, 0x07DC,
0x042D, 0x07D8,
0x042F, 0x07D9,
0x842F, 0x07D9,
0x8434, 0x07DD,
0x042F, 0x07D9,
0x043D, 0x07D4,
0x843D, 0x07D4,
0x8441, 0x07D8,
0x043D, 0x07D4,
0x0436, 0x07D3,
0x8436, 0x07D3,
0x843A, 0x07D7,
0x0436, 0x07D3,
0x0432, 0x07D3,
0x8432, 0x07D3,
0x8436, 0x07D7,
0x0432, 0x07D3,
0x045D, 0x07CC,
0x845D, 0x07CC,
0x8461, 0x07D0,
0x045D, 0x07CC,
0x045B, 0x07C8,
0x845B, 0x07C8,
0x845F, 0x07CC,
0x045B, 0x07C8,
0x0451, 0x07CE,
0x8451, 0x07CE,
0x8456, 0x07D3,
0x0451, 0x07CE,
0x045B, 0x07D1,
0x845B, 0x07D1,
0x845F, 0x07D5,
0x045B, 0x07D1,
0x0455, 0x07CC,
0x8455, 0x07CC,
0x8459, 0x07D0,
0x0455, 0x07CC,
0x0453, 0x07CE,
0x8453, 0x07CE,
0x8457, 0x07D2,
0x0453, 0x07CE,
0x045A, 0x07CF,
0x845A, 0x07CF,
0x845E, 0x07D3,
0x045A, 0x07CF,
0x0458, 0x07CA,
0x8458, 0x07CA,
0x845C, 0x07CE,
0x0458, 0x07CA,
0x0443, 0x07D2,
0x8443, 0x07D2,
0x8447, 0x07D6,
0x0443, 0x07D2,
0x0443, 0x07D0,
0x8443, 0x07D0,
0x8447, 0x07D5,
0x0443, 0x07D0,
0x046A, 0x07D1,
0x846A, 0x07D1,
0x846E, 0x07D5,
0x046A, 0x07D1,
0x0469, 0x07D2,
0x8469, 0x07D2,
0x846D, 0x07D6,
0x0469, 0x07D2,
0x046F, 0x07CC,
0x846F, 0x07CC,
0x8473, 0x07D0,
0x046F, 0x07CC,
0x046B, 0x07D0,
0x846B, 0x07D0,
0x846F, 0x07D4,
0x046B, 0x07D0,
0x0474, 0x07D1,
0x8474, 0x07D1,
0x8478, 0x07D5,
0x0474, 0x07D1,
0x0471, 0x07CF,
0x8471, 0x07CF,
0x8475, 0x07D3,
0x0471, 0x07CF,
0x0480, 0x07D3,
0x8480, 0x07D3,
0x8484, 0x07D8,
0x0480, 0x07D3,
0x047F, 0x07D5,
0x847F, 0x07D5,
0x8483, 0x07D9,
0x047F, 0x07D5,
0x0486, 0x07D3,
0x8486, 0x07D3,
0x848A, 0x07D7,
0x0486, 0x07D3,
0x0487, 0x07D6,
0x8487, 0x07D6,
0x848B, 0x07DA,
0x0487, 0x07D6,
0x04A2, 0x07D0,
0x84A2, 0x07D0,
0x84A6, 0x07D5,
0x04A2, 0x07D0,
0x049F, 0x07CD,
0x849F, 0x07CD,
0x84A3, 0x07D1,
0x049F, 0x07CD,
0x04A0, 0x07CF,
0x84A0, 0x07CF,
0x84A4, 0x07D3,
0x04A0, 0x07CF,
0x049B, 0x07CF,
0x849B, 0x07CF,
0x849F, 0x07D3,
0x049B, 0x07CF,
0x0494, 0x07D2,
0x8494, 0x07D2,
0x8498, 0x07D6,
0x0494, 0x07D2,
0x04A0, 0x07CF,
0x84A0, 0x07CF,
0x84A4, 0x07D3,
0x04A0, 0x07CF,
0x049A, 0x07CF,
0x849A, 0x07CF,
0x849E, 0x07D3,
0x049A, 0x07CF,
0x049D, 0x07CE,
0x849D, 0x07CE,
0x84A1, 0x07D2,
0x049D, 0x07CE,
0x03FE, 0x07CF,
0x83FE, 0x07CF,
0x8402, 0x07D3,
0x03FE, 0x07CF,
0x0400, 0x07D1,
0x8400, 0x07D1,
0x8404, 0x07D5,
0x0400, 0x07D1,
0x0400, 0x07D1,
0x8400, 0x07D1,
0x8404, 0x07D5,
0x0400, 0x07D1,
0x0401, 0x07CF,
0x8401, 0x07CF,
0x8405, 0x07D3,
0x0401, 0x07CF,
0x0403, 0x07D0,
0x8403, 0x07D0,
0x8407, 0x07D4,
0x0403, 0x07D0,
0x030C, 0x0744,
0x830C, 0x0744,
0x8311, 0x0748,
0x030C, 0x0744,
0x0311, 0x073A,
0x8311, 0x073A,
0x8315, 0x073E,
0x0311, 0x073A,
0x0307, 0x0753,
0x8307, 0x0753,
0x830B, 0x0757,
0x0307, 0x0753,
0x030A, 0x074D,
0x830A, 0x074D,
0x830E, 0x0752,
0x030A, 0x074D,
0x0309, 0x0746,
0x8309, 0x0746,
0x830D, 0x074A,
0x0309, 0x0746,
0x030B, 0x0748,
0x830B, 0x0748,
0x830F, 0x074C,
0x030B, 0x0748,
0x0307, 0x0741,
0x8307, 0x0741,
0x830B, 0x0745,
0x0307, 0x0741
};

const unsigned short draw_7[] PROGMEM = {
0x07B9, 0x071D,
0x87B9, 0x071D,
0x87C0, 0x071E,
0x87C3, 0x0725,
0x87C1, 0x072D,
0x87BC, 0x0732,
0x87B8, 0x0739,
0x87B2, 0x073D,
0x87AC, 0x0741,
0x87A5, 0x0745,
0x87A0, 0x074B,
0x879C, 0x0752,
0x87A3, 0x0752,
0x87AA, 0x0750,
0x87B1, 0x074D,
0x87B7, 0x0748,
0x87BF, 0x0746,
0x87C5, 0x0743,
0x87CA, 0x073D,
0x87D1, 0x073A,
0x87D8, 0x0738,
0x87DE, 0x0733,
0x87E1, 0x072B,
0x87E7, 0x0728,
0x87EE, 0x072B,
0x87F0, 0x0733,
0x87EE, 0x073A,
0x87E9, 0x0740,
0x87E3, 0x0744,
0x87DE, 0x074A,
0x87D9, 0x074F,
0x87DB, 0x0755,
0x87E1, 0x0751,
0x87E9, 0x074E,
0x87F0, 0x074E,
0x87F1, 0x0762,
0x87EF, 0x0763,
0x87E8, 0x0766,
0x87EB, 0x076B,
0x87E3, 0x077D,
0x87DD, 0x0779,
0x87D8, 0x0779,
0x87D9, 0x077F,
0x87C8, 0x078E,
0x87C2, 0x0789,
0x87BC, 0x0784,
0x87BB, 0x0785,
0x87AF, 0x0781,
0x87AC, 0x077A,
0x87A6, 0x0776,
0x879F, 0x0775,
0x879F, 0x0776,
0x87A1, 0x077C,
0x87A8, 0x0780,
0x87AF, 0x0781,
0x87BB, 0x0785,
0x87BA, 0x078D,
0x87BB, 0x0794,
0x87C2, 0x0798,
0x87C8, 0x0795,
0x87D7, 0x07A3,
0x87D2, 0x07A9,
0x87D7, 0x07AE,
0x87DE, 0x07B0,
0x87E0, 0x07AA,
0x87DD, 0x07A3,
0x87D7, 0x07A3,
0x87C8, 0x0795,
0x87C8, 0x078E,
0x87D9, 0x077F,
0x87E1, 0x0781,
0x87EB, 0x0783,
0x87ED, 0x078A,
0x87EF, 0x0791,
0x87F1, 0x0798,
0x87F8, 0x0797,
0x880A, 0x07A1,
0x8807, 0x07A8,
0x8808, 0x07AF,
0x880F, 0x07B0,
0x8815, 0x07AC,
0x8815, 0x07A5,
0x880E, 0x07A1,
0x880A, 0x07A1,
0x87F8, 0x0797,
0x87FA, 0x078F,
0x87F7, 0x078A,
0x87F1, 0x0784,
0x87EB, 0x0783,
0x87E1, 0x0781,
0x87E3, 0x077D,
0x87EB, 0x076B,
0x87F2, 0x076E,
0x87F5, 0x0767,
0x87F1, 0x0762,
0x87F0, 0x074E,
0x87F7, 0x074C,
0x87F9, 0x0744,
0x87FE, 0x073E,
0x8803, 0x0739,
0x8808, 0x0733,
0x880D, 0x072E,
0x8815, 0x072B,
0x881C, 0x072B,
0x881F, 0x0732,
0x881C, 0x0738,
0x8818, 0x073F,
0x8813, 0x0744,
0x8812, 0x074A,
0x8819, 0x0746,
0x881D, 0x0740,
0x8824, 0x073C,
0x882A, 0x0738,
0x8832, 0x0737,
0x8839, 0x0734,
0x883E, 0x072F,
0x8844, 0x0729,
0x884B, 0x0728,
0x884E, 0x072E,
0x884D, 0x0736,
0x884B, 0x073C,
0x8845, 0x0741,
0x8841, 0x0748,
0x883D, 0x074E,
0x883C, 0x0756,
0x882B, 0x0756,
0x8828, 0x0753,
0x8822, 0x0758,
0x881E, 0x075E,
0x881D, 0x0766,
0x8823, 0x076A,
0x8828, 0x0764,
0x8828, 0x075D,
0x882B, 0x0756,
0x883C, 0x0756,
0x883B, 0x075E,
0x883B, 0x0765,
0x883B, 0x076D,
0x883B, 0x0775,
0x883E, 0x077C,
0x8844, 0x0782,
0x8848, 0x0788,
0x8848, 0x078F,
0x884D, 0x0796,
0x884E, 0x079D,
0x884E, 0x07A5,
0x884C, 0x07AB,
0x8845, 0x07AA,
0x8840, 0x07A4,
0x883A, 0x07A1,
0x882C, 0x0793,
0x882E, 0x078C,
0x8827, 0x0789,
0x8822, 0x0785,
0x8820, 0x0785,
0x881D, 0x078B,
0x8821, 0x0791,
0x8826, 0x0796,
0x882C, 0x0793,
0x883A, 0x07A1,
0x8835, 0x07A6,
0x8831, 0x07AD,
0x8832, 0x07B5,
0x8832, 0x07BD,
0x8830, 0x07C4,
0x8830, 0x07CC,
0x8830, 0x07D3,
0x8833, 0x07DA,
0x8837, 0x07E1,
0x8829, 0x07F1,
0x8825, 0x07F2,
0x881F, 0x07F6,
0x881A, 0x07FC,
0x8814, 0x0801,
0x880E, 0x0804,
0x880E, 0x080C,
0x8814, 0x080F,
0x881B, 0x080C,
0x8821, 0x0808,
0x8827, 0x0803,
0x882D, 0x07FE,
0x882E, 0x07F7,
0x8829, 0x07F1,
0x8837, 0x07E1,
0x883D, 0x07E5,
0x8844, 0x07E3,
0x884A, 0x07DE,
0x8851, 0x07DC,
0x8857, 0x07E2,
0x8858, 0x07E7,
0x8853, 0x07EE,
0x8850, 0x07F4,
0x8851, 0x07FC,
0x8857, 0x0801,
0x885A, 0x0808,
0x8855, 0x080D,
0x884D, 0x080D,
0x8845, 0x080D,
0x883E, 0x080E,
0x883D, 0x0815,
0x883D, 0x081D,
0x883C, 0x0825,
0x883B, 0x082C,
0x883C, 0x0834,
0x8842, 0x083A,
0x8848, 0x083E,
0x884E, 0x0841,
0x8853, 0x0848,
0x8859, 0x084D,
0x885F, 0x0853,
0x8860, 0x085A,
0x885D, 0x0860,
0x8856, 0x0860,
0x8850, 0x085C,
0x884B, 0x0856,
0x8844, 0x0852,
0x883D, 0x084E,
0x8838, 0x0848,
0x8833, 0x0843,
0x882C, 0x083F,
0x8826, 0x083A,
0x8821, 0x0835,
0x881B, 0x0830,
0x8814, 0x082C,
0x880F, 0x0827,
0x8808, 0x0829,
0x8807, 0x0831,
0x880C, 0x0837,
0x8810, 0x083D,
0x8817, 0x0841,
0x881C, 0x0847,
0x8823, 0x084B,
0x882A, 0x084D,
0x882B, 0x0854,
0x8826, 0x085A,
0x881F, 0x085A,
0x8817, 0x0859,
0x8812, 0x0854,
0x880C, 0x084E,
0x8807, 0x0849,
0x87FF, 0x0848,
0x87F8, 0x0845,
0x87F3, 0x083F,
0x87EB, 0x083D,
0x87E4, 0x083B,
0x87DE, 0x0837,
0x87E6, 0x0827,
0x87ED, 0x0828,
0x87F4, 0x0827,
0x87F5, 0x081F,
0x87F6, 0x0818,
0x87F1, 0x0814,
0x87ED, 0x07FF,
0x87F4, 0x07FF,
0x87F9, 0x07FA,
0x87FE, 0x07F5,
0x87FB, 0x07EF,
0x87F6, 0x07EB,
0x87F2, 0x07EA,
0x87EC, 0x07EF,
0x87DE, 0x07E5,
0x87E0, 0x07DD,
0x87DA, 0x07DA,
0x87D3, 0x07D8,
0x87D3, 0x07D8,
0x87D2, 0x07DF,
0x87D7, 0x07E4,
0x87DE, 0x07E5,
0x87EC, 0x07EF,
0x87E7, 0x07F4,
0x87E8, 0x07FB,
0x87ED, 0x07FF,
0x87F1, 0x0814,
0x87F0, 0x0814,
0x87EA, 0x081B,
0x87E5, 0x0820,
0x87E6, 0x0827,
0x87DE, 0x0837,
0x87D8, 0x083A,
0x87D7, 0x0842,
0x87D8, 0x0849,
0x87DE, 0x084D,
0x87E3, 0x0853,
0x87E3, 0x085B,
0x87DE, 0x085E,
0x87D7, 0x085D,
0x87CF, 0x085A,
0x87CA, 0x0856,
0x87C6, 0x084E,
0x87C1, 0x0849,
0x87BD, 0x0843,
0x87B9, 0x083C,
0x87B5, 0x0836,
0x87AE, 0x0832,
0x87A8, 0x082D,
0x87A3, 0x0827,
0x879C, 0x0829,
0x8796, 0x082E,
0x8798, 0x0836,
0x879B, 0x083D,
0x87A1, 0x0841,
0x87A7, 0x0846,
0x87A7, 0x084E,
0x87A2, 0x0853,
0x879B, 0x0854,
0x8795, 0x0850,
0x8790, 0x084B,
0x8789, 0x0846,
0x8784, 0x0842,
0x877E, 0x083B,
0x8779, 0x0836,
0x8773, 0x0831,
0x876C, 0x082E,
0x8765, 0x082A,
0x875F, 0x0826,
0x875A, 0x0820,
0x875A, 0x0819,
0x8760, 0x0815,
0x8765, 0x0810,
0x876C, 0x080C,
0x8773, 0x0809,
0x8779, 0x0804,
0x877E, 0x07FF,
0x8785, 0x07FC,
0x878B, 0x07F6,
0x8797, 0x0806,
0x8796, 0x080E,
0x879D, 0x0810,
0x87A3, 0x080D,
0x87A5, 0x0806,
0x87B7, 0x07FC,
0x87BE, 0x07FC,
0x87C4, 0x07F6,
0x87C0, 0x07F0,
0x87BB, 0x07F1,
0x87B4, 0x07F6,
0x87B7, 0x07FC,
0x87A5, 0x0806,
0x879F, 0x0802,
0x879D, 0x0801,
0x8797, 0x0806,
0x878B, 0x07F6,
0x878C, 0x07EF,
0x8788, 0x07E9,
0x8782, 0x07E3,
0x877C, 0x07DF,
0x8776, 0x07DC,
0x876F, 0x07D7,
0x8769, 0x07D2,
0x8762, 0x07CF,
0x875B, 0x07CC,
0x8757, 0x07C6,
0x8757, 0x07BE,
0x8759, 0x07B6,
0x8760, 0x07B3,
0x8767, 0x07B0,
0x876E, 0x07AE,
0x8775, 0x07AB,
0x877D, 0x07AA,
0x8784, 0x07A7,
0x8788, 0x07A1,
0x878D, 0x079C,
0x8794, 0x0799,
0x87A0, 0x07AC,
0x87A3, 0x07B0,
0x87AA, 0x07AC,
0x87B4, 0x07C1,
0x87B4, 0x07C9,
0x87A6, 0x07DA,
0x87A1, 0x07D5,
0x879E, 0x07D5,
0x879C, 0x07DC,
0x87A2, 0x07DF,
0x87A6, 0x07DA,
0x87B4, 0x07C9,
0x87BA, 0x07CD,
0x87BC, 0x07C6,
0x87B8, 0x07C0,
0x87B4, 0x07C1,
0x87AA, 0x07AC,
0x87A7, 0x07A6,
0x87A6, 0x07A7,
0x87A0, 0x07AC,
0x8794, 0x0799,
0x8793, 0x0792,
0x878D, 0x078D,
0x8788, 0x0788,
0x8782, 0x0782,
0x877B, 0x077E,
0x8776, 0x077A,
0x8770, 0x0774,
0x876B, 0x0770,
0x8764, 0x076B,
0x875D, 0x0769,
0x8758, 0x0763,
0x8759, 0x075B,
0x875F, 0x0757,
0x8766, 0x0753,
0x876D, 0x0752,
0x8775, 0x0752,
0x877C, 0x074F,
0x8781, 0x074A,
0x8787, 0x0746,
0x878E, 0x0743,
0x8794, 0x073E,
0x879B, 0x073A,
0x87A1, 0x0735,
0x87A7, 0x0731,
0x87AE, 0x072D,
0x87B2, 0x0727,
0x87B6, 0x0720,
0x87B9, 0x071D,
0x07B9, 0x071D,
0x07DA, 0x084D,
0x87DA, 0x084D,
0x87DE, 0x0851,
0x07DA, 0x084D,
0x0844, 0x0733,
0x8844, 0x0733,
0x8848, 0x0737,
0x0844, 0x0733,
0x083F, 0x0793,
0x883F, 0x0793,
0x8843, 0x0797,
0x083F, 0x0793,
0x083F, 0x0795,
0x883F, 0x0795,
0x8843, 0x0799,
0x083F, 0x0795,
0x083B, 0x0790,
0x883B, 0x0790,
0x883F, 0x0794,
0x083B, 0x0790,
0x083C, 0x078B,
0x883C, 0x078B,
0x8840, 0x078F,
0x083C, 0x078B,
0x083B, 0x077C,
0x883B, 0x077C,
0x883F, 0x0780,
0x083B, 0x077C,
0x083C, 0x0789,
0x883C, 0x0789,
0x8840, 0x078D,
0x083C, 0x0789,
0x0838, 0x0783,
0x8838, 0x0783,
0x883C, 0x0787,
0x0838, 0x0783,
0x0836, 0x078D,
0x8836, 0x078D,
0x883A, 0x0791,
0x0836, 0x078D,
0x0830, 0x0791,
0x8830, 0x0791,
0x8835, 0x0795,
0x0830, 0x0791,
0x081C, 0x074B,
0x881C, 0x074B,
0x8820, 0x074F,
0x081C, 0x074B,
0x081D, 0x07C4,
0x881D, 0x07C4,
0x8821, 0x07C8,
0x081D, 0x07C4,
0x081D, 0x07BB,
0x881D, 0x07BB,
0x8821, 0x07BF,
0x081D, 0x07BB,
0x081B, 0x0773,
0x881B, 0x0773,
0x881F, 0x0777,
0x081B, 0x0773,
0x081F, 0x07A8,
0x881F, 0x07A8,
0x8823, 0x07AC,
0x081F, 0x07A8,
0x0825, 0x07C7,
0x8825, 0x07C7,
0x8829, 0x07CB,
0x0825, 0x07C7,
0x0824, 0x07AF,
0x8824, 0x07AF,
0x8828, 0x07B3,
0x0824, 0x07AF,
0x0828, 0x0782,
0x8828, 0x0782,
0x882C, 0x0786,
0x0828, 0x0782,
0x0823, 0x0770,
0x8823, 0x0770,
0x8827, 0x0774,
0x0823, 0x0770,
0x082F, 0x07F1,
0x882F, 0x07F1,
0x8833, 0x07F5,
0x082F, 0x07F1,
0x083A, 0x07E9,
0x883A, 0x07E9,
0x883E, 0x07EE,
0x083A, 0x07E9,
0x0837, 0x07F2,
0x8837, 0x07F2,
0x883B, 0x07F6,
0x0837, 0x07F2,
0x0833, 0x07F1,
0x8833, 0x07F1,
0x8837, 0x07F5,
0x0833, 0x07F1,
0x082E, 0x07F2,
0x882E, 0x07F2,
0x8832, 0x07F6,
0x082E, 0x07F2,
0x0826, 0x080D,
0x8826, 0x080D,
0x882B, 0x0811,
0x0826, 0x080D,
0x0824, 0x0838,
0x8824, 0x0838,
0x8828, 0x083C,
0x0824, 0x0838,
0x0828, 0x080E,
0x8828, 0x080E,
0x882C, 0x0812,
0x0828, 0x080E,
0x0830, 0x0745,
0x8830, 0x0745,
0x8834, 0x0749,
0x0830, 0x0745,
0x0837, 0x0741,
0x8837, 0x0741,
0x883B, 0x0746,
0x0837, 0x0741,
0x0833, 0x0745,
0x8833, 0x0745,
0x8837, 0x0749,
0x0833, 0x0745,
0x0837, 0x073A,
0x8837, 0x073A,
0x883B, 0x073E,
0x0837, 0x073A,
0x0836, 0x073C,
0x8836, 0x073C,
0x883A, 0x0740,
0x0836, 0x073C,
0x0834, 0x0744,
0x8834, 0x0744,
0x8838, 0x0748,
0x0834, 0x0744,
0x082F, 0x075E,
0x882F, 0x075E,
0x8833, 0x0762,
0x082F, 0x075E,
0x082F, 0x0772,
0x882F, 0x0772,
0x8833, 0x0776,
0x082F, 0x0772,
0x082E, 0x075C,
0x882E, 0x075C,
0x8832, 0x0760,
0x082E, 0x075C,
0x082C, 0x0782,
0x882C, 0x0782,
0x8830, 0x0786,
0x082C, 0x0782,
0x0829, 0x0779,
0x8829, 0x0779,
0x882D, 0x077D,
0x0829, 0x0779,
0x0826, 0x0776,
0x8826, 0x0776,
0x882A, 0x077A,
0x0826, 0x0776,
0x0827, 0x076C,
0x8827, 0x076C,
0x882B, 0x0770,
0x0827, 0x076C,
0x0822, 0x0745,
0x8822, 0x0745,
0x8826, 0x0749,
0x0822, 0x0745,
0x0828, 0x0741,
0x8828, 0x0741,
0x882C, 0x0745,
0x0828, 0x0741,
0x082F, 0x073C,
0x882F, 0x073C,
0x8833, 0x0740,
0x082F, 0x073C,
0x081D, 0x074F,
0x881D, 0x074F,
0x8821, 0x0753,
0x081D, 0x074F,
0x0823, 0x077C,
0x8823, 0x077C,
0x8827, 0x0780,
0x0823, 0x077C,
0x0823, 0x0774,
0x8823, 0x0774,
0x8827, 0x0778,
0x0823, 0x0774,
0x0825, 0x0772,
0x8825, 0x0772,
0x8829, 0x0776,
0x0825, 0x0772,
0x0822, 0x0777,
0x8822, 0x0777,
0x8826, 0x077B,
0x0822, 0x0777,
0x0814, 0x0730,
0x8814, 0x0730,
0x8818, 0x0734,
0x0814, 0x0730,
0x081A, 0x0769,
0x881A, 0x0769,
0x881E, 0x076D,
0x081A, 0x0769,
0x0814, 0x0791,
0x8814, 0x0791,
0x8818, 0x0795,
0x0814, 0x0791,
0x0814, 0x078C,
0x8814, 0x078C,
0x8818, 0x0790,
0x0814, 0x078C,
0x0813, 0x0762,
0x8813, 0x0762,
0x8817, 0x0766,
0x0813, 0x0762,
0x0815, 0x0770,
0x8815, 0x0770,
0x8819, 0x0774,
0x0815, 0x0770,
0x0814, 0x0768,
0x8814, 0x0768,
0x8819, 0x076C,
0x0814, 0x0768,
0x0814, 0x0792,
0x8814, 0x0792,
0x8818, 0x0796,
0x0814, 0x0792,
0x0813, 0x0772,
0x8813, 0x0772,
0x8817, 0x0776,
0x0813, 0x0772,
0x0812, 0x0753,
0x8812, 0x0753,
0x8816, 0x0757,
0x0812, 0x0753,
0x0817, 0x07D8,
0x8817, 0x07D8,
0x881B, 0x07DC,
0x0817, 0x07D8,
0x0814, 0x07BD,
0x8814, 0x07BD,
0x8818, 0x07C1,
0x0814, 0x07BD,
0x0821, 0x0820,
0x8821, 0x0820,
0x8825, 0x0824,
0x0821, 0x0820,
0x0823, 0x081E,
0x8823, 0x081E,
0x8827, 0x0823,
0x0823, 0x081E,
0x081E, 0x0822,
0x881E, 0x0822,
0x8822, 0x0826,
0x081E, 0x0822,
0x0824, 0x080C,
0x8824, 0x080C,
0x8828, 0x0810,
0x0824, 0x080C,
0x081E, 0x0813,
0x881E, 0x0813,
0x8822, 0x0817,
0x081E, 0x0813,
0x081C, 0x081B,
0x881C, 0x081B,
0x8820, 0x081F,
0x081C, 0x081B,
0x081F, 0x080E,
0x881F, 0x080E,
0x8823, 0x0813,
0x081F, 0x080E,
0x081E, 0x0810,
0x881E, 0x0810,
0x8822, 0x0814,
0x081E, 0x0810,
0x0817, 0x0815,
0x8817, 0x0815,
0x881B, 0x0819,
0x0817, 0x0815,
0x081F, 0x080F,
0x881F, 0x080F,
0x8823, 0x0813,
0x081F, 0x080F,
0x0815, 0x081A,
0x8815, 0x081A,
0x8819, 0x081E,
0x0815, 0x081A,
0x0814, 0x081A,
0x8814, 0x081A,
0x8818, 0x081E,
0x0814, 0x081A,
0x0814, 0x0817,
0x8814, 0x0817,
0x8818, 0x081B,
0x0814, 0x0817,
0x0812, 0x07B9,
0x8812, 0x07B9,
0x8816, 0x07BD,
0x0812, 0x07B9,
0x0811, 0x07C0,
0x8811, 0x07C0,
0x8816, 0x07C4,
0x0811, 0x07C0,
0x0811, 0x07B8,
0x8811, 0x07B8,
0x8815, 0x07BC,
0x0811, 0x07B8,
0x080D, 0x07E1,
0x880D, 0x07E1,
0x8811, 0x07E5,
0x080D, 0x07E1,
0x0811, 0x07CC,
0x8811, 0x07CC,
0x8815, 0x07D1,
0x0811, 0x07CC,
0x0805, 0x07CD,
0x8805, 0x07CD,
0x8809, 0x07D1,
0x0805, 0x07CD,
0x0805, 0x07D7,
0x8805, 0x07D7,
0x8809, 0x07DB,
0x0805, 0x07D7,
0x0808, 0x07BF,
0x8808, 0x07BF,
0x880C, 0x07C3,
0x0808, 0x07BF,
0x080E, 0x07B8,
0x880E, 0x07B8,
0x8812, 0x07BC,
0x080E, 0x07B8,
0x07FE, 0x079C,
0x87FE, 0x079C,
0x8802, 0x07A0,
0x07FE, 0x079C,
0x07D2, 0x078D,
0x87D2, 0x078D,
0x87D6, 0x0791,
0x07D2, 0x078D,
0x07CE, 0x078F,
0x87CE, 0x078F,
0x87D3, 0x0793,
0x07CE, 0x078F,
0x07D3, 0x078F,
0x87D3, 0x078F,
0x87D8, 0x0793,
0x07D3, 0x078F,
0x07D6, 0x0795,
0x87D6, 0x0795,
0x87DA, 0x0799,
0x07D6, 0x0795,
0x07DB, 0x078C,
0x87DB, 0x078C,
0x87DF, 0x0790,
0x07DB, 0x078C,
0x07D5, 0x0793,
0x87D5, 0x0793,
0x87D9, 0x0797,
0x07D5, 0x0793,
0x07D3, 0x0798,
0x87D3, 0x0798,
0x87D7, 0x079C,
0x07D3, 0x0798,
0x07DF, 0x0784,
0x87DF, 0x0784,
0x87E3, 0x0789,
0x07DF, 0x0784,
0x07D7, 0x0795,
0x87D7, 0x0795,
0x87DB, 0x0799,
0x07D7, 0x0795,
0x07E0, 0x079D,
0x87E0, 0x079D,
0x87E4, 0x07A1,
0x07E0, 0x079D,
0x07E5, 0x07CC,
0x87E5, 0x07CC,
0x87EA, 0x07D1,
0x07E5, 0x07CC,
0x07EE, 0x07B5,
0x87EE, 0x07B5,
0x87F2, 0x07BA,
0x07EE, 0x07B5,
0x07F3, 0x07B8,
0x87F3, 0x07B8,
0x87F7, 0x07BC,
0x07F3, 0x07B8,
0x07F2, 0x07B6,
0x87F2, 0x07B6,
0x87F6, 0x07BA,
0x07F2, 0x07B6,
0x07F6, 0x07E2,
0x87F6, 0x07E2,
0x87FA, 0x07E6,
0x07F6, 0x07E2,
0x07F6, 0x07D3,
0x87F6, 0x07D3,
0x87FA, 0x07D7,
0x07F6, 0x07D3,
0x07F3, 0x07B3,
0x87F3, 0x07B3,
0x87F7, 0x07B7,
0x07F3, 0x07B3,
0x07F4, 0x07CD,
0x87F4, 0x07CD,
0x87F8, 0x07D1,
0x07F4, 0x07CD,
0x07F3, 0x07AC,
0x87F3, 0x07AC,
0x87F7, 0x07B0,
0x07F3, 0x07AC,
0x07F5, 0x07D7,
0x87F5, 0x07D7,
0x87F9, 0x07DB,
0x07F5, 0x07D7,
0x07F5, 0x07B4,
0x87F5, 0x07B4,
0x87F9, 0x07B8,
0x07F5, 0x07B4,
0x07F7, 0x07A5,
0x87F7, 0x07A5,
0x87FB, 0x07A9,
0x07F7, 0x07A5,
0x07D1, 0x0770,
0x87D1, 0x0770,
0x87D6, 0x0774,
0x07D1, 0x0770,
0x07D4, 0x0767,
0x87D4, 0x0767,
0x87D8, 0x076B,
0x07D4, 0x0767,
0x07D9, 0x076E,
0x87D9, 0x076E,
0x87DD, 0x0772,
0x07D9, 0x076E,
0x07D4, 0x0758,
0x87D4, 0x0758,
0x87D8, 0x075C,
0x07D4, 0x0758,
0x07D5, 0x0755,
0x87D5, 0x0755,
0x87D9, 0x0759,
0x07D5, 0x0755,
0x07C2, 0x077A,
0x87C2, 0x077A,
0x87C6, 0x077E,
0x07C2, 0x077A,
0x07CB, 0x0761,
0x87CB, 0x0761,
0x87CF, 0x0765,
0x07CB, 0x0761,
0x07C6, 0x0771,
0x87C6, 0x0771,
0x87CA, 0x0775,
0x07C6, 0x0771,
0x07C8, 0x0761,
0x87C8, 0x0761,
0x87CC, 0x0765,
0x07C8, 0x0761,
0x07CE, 0x074D,
0x87CE, 0x074D,
0x87D2, 0x0751,
0x07CE, 0x074D,
0x07C2, 0x0774,
0x87C2, 0x0774,
0x87C6, 0x0778,
0x07C2, 0x0774,
0x07CC, 0x0762,
0x87CC, 0x0762,
0x87D0, 0x0766,
0x07CC, 0x0762,
0x07C2, 0x0766,
0x87C2, 0x0766,
0x87C7, 0x076A,
0x07C2, 0x0766,
0x07C9, 0x0749,
0x87C9, 0x0749,
0x87CD, 0x074D,
0x07C9, 0x0749,
0x07C9, 0x0749,
0x87C9, 0x0749,
0x87CD, 0x074D,
0x07C9, 0x0749,
0x07C3, 0x0755,
0x87C3, 0x0755,
0x87C7, 0x0759,
0x07C3, 0x0755,
0x07C4, 0x074D,
0x87C4, 0x074D,
0x87C8, 0x0752,
0x07C4, 0x074D,
0x07B6, 0x0772,
0x87B6, 0x0772,
0x87BA, 0x0776,
0x07B6, 0x0772,
0x07C6, 0x0749,
0x87C6, 0x0749,
0x87CA, 0x074D,
0x07C6, 0x0749,
0x07C4, 0x074A,
0x87C4, 0x074A,
0x87C8, 0x074E,
0x07C4, 0x074A,
0x07C0, 0x0751,
0x87C0, 0x0751,
0x87C4, 0x0755,
0x07C0, 0x0751,
0x07B9, 0x0759,
0x87B9, 0x0759,
0x87BD, 0x075D,
0x07B9, 0x0759,
0x07A8, 0x0762,
0x87A8, 0x0762,
0x87AC, 0x0766,
0x07A8, 0x0762,
0x07AA, 0x075F,
0x87AA, 0x075F,
0x87AE, 0x0763,
0x07AA, 0x075F,
0x0793, 0x0778,
0x8793, 0x0778,
0x8797, 0x077C,
0x0793, 0x0778,
0x078F, 0x0789,
0x878F, 0x0789,
0x8793, 0x078D,
0x078F, 0x0789,
0x0796, 0x0771,
0x8796, 0x0771,
0x879A, 0x0775,
0x0796, 0x0771,
0x0794, 0x0777,
0x8794, 0x0777,
0x8798, 0x077B,
0x0794, 0x0777,
0x0791, 0x0787,
0x8791, 0x0787,
0x8795, 0x078B,
0x0791, 0x0787,
0x079F, 0x075F,
0x879F, 0x075F,
0x87A3, 0x0763,
0x079F, 0x075F,
0x0795, 0x077D,
0x8795, 0x077D,
0x8799, 0x0781,
0x0795, 0x077D,
0x0794, 0x077F,
0x8794, 0x077F,
0x8798, 0x0783,
0x0794, 0x077F,
0x0796, 0x077B,
0x8796, 0x077B,
0x879A, 0x077F,
0x0796, 0x077B,
0x07A3, 0x0767,
0x87A3, 0x0767,
0x87A7, 0x076B,
0x07A3, 0x0767,
0x07DA, 0x0769,
0x87DA, 0x0769,
0x87DE, 0x076D,
0x07DA, 0x0769,
0x07DB, 0x076B,
0x87DB, 0x076B,
0x87DF, 0x076F,
0x07DB, 0x076B,
0x07E2, 0x0757,
0x87E2, 0x0757,
0x87E6, 0x075B,
0x07E2, 0x0757,
0x07DE, 0x075D,
0x87DE, 0x075D,
0x87E2, 0x0761,
0x07DE, 0x075D,
0x07E9, 0x075A,
0x87E9, 0x075A,
0x87ED, 0x075E,
0x07E9, 0x075A,
0x07E3, 0x0755,
0x87E3, 0x0755,
0x87E7, 0x0759,
0x07E3, 0x0755,
0x07E1, 0x075F,
0x87E1, 0x075F,
0x87E5, 0x0763,
0x07E1, 0x075F,
0x07DD, 0x0760,
0x87DD, 0x0760,
0x87E2, 0x0764,
0x07DD, 0x0760,
0x07F1, 0x0776,
0x87F1, 0x0776,
0x87F5, 0x077B,
0x07F1, 0x0776,
0x07F4, 0x0773,
0x87F4, 0x0773,
0x87F8, 0x0777,
0x07F4, 0x0773,
0x07F4, 0x077C,
0x87F4, 0x077C,
0x87F8, 0x0781,
0x07F4, 0x077C,
0x07F6, 0x0778,
0x87F6, 0x0778,
0x87FA, 0x077C,
0x07F6, 0x0778,
0x07F6, 0x0756,
0x87F6, 0x0756,
0x87FA, 0x075A,
0x07F6, 0x0756,
0x07F4, 0x075E,
0x87F4, 0x075E,
0x87F8, 0x0762,
0x07F4, 0x075E,
0x07F0, 0x0775,
0x87F0, 0x0775,
0x87F4, 0x0779,
0x07F0, 0x0775,
0x07AA, 0x078D,
0x87AA, 0x078D,
0x87AF, 0x0791,
0x07AA, 0x078D,
0x07AC, 0x078A,
0x87AC, 0x078A,
0x87B0, 0x078E,
0x07AC, 0x078A,
0x07A9, 0x0784,
0x87A9, 0x0784,
0x87AD, 0x0788,
0x07A9, 0x0784,
0x07A9, 0x0787,
0x87A9, 0x0787,
0x87AD, 0x078B,
0x07A9, 0x0787,
0x07AA, 0x0797,
0x87AA, 0x0797,
0x87AE, 0x079C,
0x07AA, 0x0797,
0x07AD, 0x07A2,
0x87AD, 0x07A2,
0x87B1, 0x07A6,
0x07AD, 0x07A2,
0x07A9, 0x078D,
0x87A9, 0x078D,
0x87AD, 0x0791,
0x07A9, 0x078D,
0x07AC, 0x078A,
0x87AC, 0x078A,
0x87B0, 0x078E,
0x07AC, 0x078A,
0x07AF, 0x079C,
0x87AF, 0x079C,
0x87B3, 0x07A0,
0x07AF, 0x079C,
0x07B4, 0x07AF,
0x87B4, 0x07AF,
0x87B8, 0x07B4,
0x07B4, 0x07AF,
0x07AE, 0x0788,
0x87AE, 0x0788,
0x87B2, 0x078C,
0x07AE, 0x0788,
0x07B8, 0x07AA,
0x87B8, 0x07AA,
0x87BC, 0x07AE,
0x07B8, 0x07AA,
0x07AF, 0x078E,
0x87AF, 0x078E,
0x87B3, 0x0792,
0x07AF, 0x078E,
0x07A4, 0x078E,
0x87A4, 0x078E,
0x87A8, 0x0792,
0x07A4, 0x078E,
0x07A6, 0x0787,
0x87A6, 0x0787,
0x87AA, 0x078B,
0x07A6, 0x0787,
0x07A6, 0x0788,
0x87A6, 0x0788,
0x87AB, 0x078C,
0x07A6, 0x0788,
0x07A1, 0x0791,
0x87A1, 0x0791,
0x87A5, 0x0795,
0x07A1, 0x0791,
0x07A1, 0x078B,
0x87A1, 0x078B,
0x87A5, 0x078F,
0x07A1, 0x078B,
0x079B, 0x079F,
0x879B, 0x079F,
0x879F, 0x07A3,
0x079B, 0x079F,
0x07BB, 0x07AC,
0x87BB, 0x07AC,
0x87BF, 0x07B0,
0x07BB, 0x07AC,
0x07B9, 0x07BB,
0x87B9, 0x07BB,
0x87BD, 0x07BF,
0x07B9, 0x07BB,
0x07BD, 0x07AE,
0x87BD, 0x07AE,
0x87C1, 0x07B2,
0x07BD, 0x07AE,
0x07C2, 0x07A0,
0x87C2, 0x07A0,
0x87C6, 0x07A4,
0x07C2, 0x07A0,
0x07BD, 0x07BF,
0x87BD, 0x07BF,
0x87C1, 0x07C3,
0x07BD, 0x07BF,
0x07C4, 0x07AF,
0x87C4, 0x07AF,
0x87C8, 0x07B3,
0x07C4, 0x07AF,
0x0847, 0x07FB,
0x8847, 0x07FB,
0x884B, 0x07FF,
0x0847, 0x07FB,
0x0843, 0x07ED,
0x8843, 0x07ED,
0x8847, 0x07F1,
0x0843, 0x07ED,
0x0836, 0x0834,
0x8836, 0x0834,
0x883A, 0x0838,
0x0836, 0x0834,
0x0840, 0x07FD,
0x8840, 0x07FD,
0x8845, 0x0801,
0x0840, 0x07FD,
0x0840, 0x07FE,
0x8840, 0x07FE,
0x8844, 0x0802,
0x0840, 0x07FE,
0x084C, 0x0804,
0x884C, 0x0804,
0x8850, 0x0808,
0x084C, 0x0804,
0x084D, 0x0802,
0x884D, 0x0802,
0x8851, 0x0806,
0x084D, 0x0802,
0x084D, 0x0806,
0x884D, 0x0806,
0x8852, 0x080A,
0x084D, 0x0806,
0x0835, 0x083D,
0x8835, 0x083D,
0x8839, 0x0841,
0x0835, 0x083D,
0x0837, 0x0842,
0x8837, 0x0842,
0x883B, 0x0846,
0x0837, 0x0842,
0x0839, 0x0840,
0x8839, 0x0840,
0x883D, 0x0844,
0x0839, 0x0840,
0x0838, 0x0841,
0x8838, 0x0841,
0x883C, 0x0845,
0x0838, 0x0841,
0x083F, 0x0848,
0x883F, 0x0848,
0x8843, 0x084C,
0x083F, 0x0848,
0x0840, 0x083F,
0x8840, 0x083F,
0x8844, 0x0843,
0x0840, 0x083F,
0x0842, 0x083F,
0x8842, 0x083F,
0x8846, 0x0843,
0x0842, 0x083F,
0x0838, 0x0841,
0x8838, 0x0841,
0x883D, 0x0845,
0x0838, 0x0841,
0x0853, 0x0856,
0x8853, 0x0856,
0x8857, 0x085B,
0x0853, 0x0856,
0x084D, 0x084D,
0x884D, 0x084D,
0x8851, 0x0851,
0x084D, 0x084D,
0x0852, 0x084D,
0x8852, 0x084D,
0x8856, 0x0851,
0x0852, 0x084D,
0x0855, 0x0851,
0x8855, 0x0851,
0x8859, 0x0855,
0x0855, 0x0851,
0x0852, 0x084C,
0x8852, 0x084C,
0x8856, 0x0850,
0x0852, 0x084C,
0x0850, 0x084E,
0x8850, 0x084E,
0x8854, 0x0852,
0x0850, 0x084E,
0x0803, 0x0799,
0x8803, 0x0799,
0x8807, 0x079D,
0x0803, 0x0799,
0x0802, 0x0798,
0x8802, 0x0798,
0x8806, 0x079C,
0x0802, 0x0798,
0x0807, 0x0774,
0x8807, 0x0774,
0x880B, 0x0779,
0x0807, 0x0774,
0x0806, 0x074E,
0x8806, 0x074E,
0x880B, 0x0752,
0x0806, 0x074E,
0x080A, 0x074D,
0x880A, 0x074D,
0x880E, 0x0751,
0x080A, 0x074D,
0x0808, 0x073F,
0x8808, 0x073F,
0x880C, 0x0743,
0x0808, 0x073F,
0x0809, 0x0746,
0x8809, 0x0746,
0x880D, 0x074A,
0x0809, 0x0746,
0x0809, 0x075C,
0x8809, 0x075C,
0x880D, 0x0760,
0x0809, 0x075C,
0x0806, 0x083E,
0x8806, 0x083E,
0x880A, 0x0842,
0x0806, 0x083E,
0x0800, 0x0831,
0x8800, 0x0831,
0x8804, 0x0835,
0x0800, 0x0831,
0x07F6, 0x080C,
0x87F6, 0x080C,
0x87FA, 0x0810,
0x07F6, 0x080C,
0x0800, 0x081E,
0x8800, 0x081E,
0x8804, 0x0822,
0x0800, 0x081E,
0x07F8, 0x080F,
0x87F8, 0x080F,
0x87FC, 0x0813,
0x07F8, 0x080F,
0x07FD, 0x081A,
0x87FD, 0x081A,
0x8801, 0x081F,
0x07FD, 0x081A,
0x07E4, 0x080C,
0x87E4, 0x080C,
0x87E8, 0x0810,
0x07E4, 0x080C,
0x07E6, 0x0801,
0x87E6, 0x0801,
0x87EA, 0x0805,
0x07E6, 0x0801,
0x07E9, 0x07E3,
0x87E9, 0x07E3,
0x87ED, 0x07E7,
0x07E9, 0x07E3,
0x07EA, 0x07DB,
0x87EA, 0x07DB,
0x87EE, 0x07DF,
0x07EA, 0x07DB,
0x07EB, 0x07E1,
0x87EB, 0x07E1,
0x87EF, 0x07E5,
0x07EB, 0x07E1,
0x07E0, 0x07B8,
0x87E0, 0x07B8,
0x87E4, 0x07BD,
0x07E0, 0x07B8,
0x07E4, 0x07CA,
0x87E4, 0x07CA,
0x87E8, 0x07CE,
0x07E4, 0x07CA,
0x07DC, 0x081A,
0x87DC, 0x081A,
0x87E0, 0x081F,
0x07DC, 0x081A,
0x07DD, 0x0810,
0x87DD, 0x0810,
0x87E1, 0x0815,
0x07DD, 0x0810,
0x07DA, 0x080F,
0x87DA, 0x080F,
0x87DE, 0x0813,
0x07DA, 0x080F,
0x07DA, 0x0817,
0x87DA, 0x0817,
0x87DE, 0x081B,
0x07DA, 0x0817,
0x07D5, 0x080B,
0x87D5, 0x080B,
0x87D9, 0x080F,
0x07D5, 0x080B,
0x07D7, 0x0826,
0x87D7, 0x0826,
0x87DC, 0x082A,
0x07D7, 0x0826,
0x07D8, 0x0825,
0x87D8, 0x0825,
0x87DC, 0x0829,
0x07D8, 0x0825,
0x07DB, 0x0844,
0x87DB, 0x0844,
0x87DF, 0x0848,
0x07DB, 0x0844,
0x07D4, 0x07F5,
0x87D4, 0x07F5,
0x87D8, 0x07F9,
0x07D4, 0x07F5,
0x07D0, 0x07CF,
0x87D0, 0x07CF,
0x87D4, 0x07D3,
0x07D0, 0x07CF,
0x07CC, 0x07AC,
0x87CC, 0x07AC,
0x87D0, 0x07B0,
0x07CC, 0x07AC,
0x07D3, 0x07BF,
0x87D3, 0x07BF,
0x87D7, 0x07C4,
0x07D3, 0x07BF,
0x07D4, 0x07CC,
0x87D4, 0x07CC,
0x87D9, 0x07D0,
0x07D4, 0x07CC,
0x07BE, 0x0817,
0x87BE, 0x0817,
0x87C2, 0x081B,
0x07BE, 0x0817,
0x07C0, 0x081D,
0x87C0, 0x081D,
0x87C5, 0x0821,
0x07C0, 0x081D,
0x07C1, 0x083F,
0x87C1, 0x083F,
0x87C5, 0x0844,
0x07C1, 0x083F,
0x07C5, 0x0832,
0x87C5, 0x0832,
0x87C9, 0x0836,
0x07C5, 0x0832,
0x07C4, 0x080A,
0x87C4, 0x080A,
0x87C8, 0x080E,
0x07C4, 0x080A,
0x07C1, 0x0824,
0x87C1, 0x0824,
0x87C5, 0x0828,
0x07C1, 0x0824,
0x07C3, 0x0808,
0x87C3, 0x0808,
0x87C7, 0x080C,
0x07C3, 0x0808,
0x07C8, 0x07C6,
0x87C8, 0x07C6,
0x87CC, 0x07CB,
0x07C8, 0x07C6,
0x07C2, 0x0813,
0x87C2, 0x0813,
0x87C6, 0x0818,
0x07C2, 0x0813,
0x07C7, 0x0809,
0x87C7, 0x0809,
0x87CB, 0x080D,
0x07C7, 0x0809,
0x07C6, 0x0813,
0x87C6, 0x0813,
0x87CA, 0x0817,
0x07C6, 0x0813,
0x07EE, 0x0831,
0x87EE, 0x0831,
0x87F2, 0x0835,
0x07EE, 0x0831,
0x07E9, 0x082C,
0x87E9, 0x082C,
0x87ED, 0x0830,
0x07E9, 0x082C,
0x07E9, 0x0830,
0x87E9, 0x0830,
0x87ED, 0x0834,
0x07E9, 0x0830,
0x07EC, 0x0837,
0x87EC, 0x0837,
0x87F1, 0x083B,
0x07EC, 0x0837,
0x07ED, 0x0837,
0x87ED, 0x0837,
0x87F1, 0x083B,
0x07ED, 0x0837,
0x07DB, 0x07D5,
0x87DB, 0x07D5,
0x87DF, 0x07D9,
0x07DB, 0x07D5,
0x07DC, 0x07D2,
0x87DC, 0x07D2,
0x87E0, 0x07D6,
0x07DC, 0x07D2,
0x07DB, 0x07CD,
0x87DB, 0x07CD,
0x87DF, 0x07D1,
0x07DB, 0x07CD,
0x07DB, 0x07BC,
0x87DB, 0x07BC,
0x87E0, 0x07C0,
0x07DB, 0x07BC,
0x07D9, 0x07BC,
0x87D9, 0x07BC,
0x87DD, 0x07C0,
0x07D9, 0x07BC,
0x081E, 0x084B,
0x881E, 0x084B,
0x8822, 0x084F,
0x081E, 0x084B,
0x081F, 0x0850,
0x881F, 0x0850,
0x8823, 0x0854,
0x081F, 0x0850,
0x081F, 0x0852,
0x881F, 0x0852,
0x8823, 0x0856,
0x081F, 0x0852,
0x0815, 0x0846,
0x8815, 0x0846,
0x881A, 0x084B,
0x0815, 0x0846,
0x0812, 0x084A,
0x8812, 0x084A,
0x8816, 0x084E,
0x0812, 0x084A,
0x0810, 0x0849,
0x8810, 0x0849,
0x8814, 0x084D,
0x0810, 0x0849,
0x080E, 0x0849,
0x880E, 0x0849,
0x8812, 0x084D,
0x080E, 0x0849,
0x080D, 0x0847,
0x880D, 0x0847,
0x8811, 0x084B,
0x080D, 0x0847,
0x07F8, 0x083F,
0x87F8, 0x083F,
0x87FC, 0x0843,
0x07F8, 0x083F,
0x07F6, 0x083D,
0x87F6, 0x083D,
0x87FA, 0x0841,
0x07F6, 0x083D,
0x07F2, 0x0831,
0x87F2, 0x0831,
0x87F6, 0x0835,
0x07F2, 0x0831,
0x07FA, 0x083A,
0x87FA, 0x083A,
0x87FE, 0x083E,
0x07FA, 0x083A,
0x07F9, 0x083F,
0x87F9, 0x083F,
0x87FD, 0x0843,
0x07F9, 0x083F,
0x07FA, 0x083E,
0x87FA, 0x083E,
0x87FE, 0x0842,
0x07FA, 0x083E,
0x0800, 0x083F,
0x8800, 0x083F,
0x8804, 0x0843,
0x0800, 0x083F,
0x07FD, 0x0835,
0x87FD, 0x0835,
0x8801, 0x0839,
0x07FD, 0x0835,
0x07A8, 0x07E1,
0x87A8, 0x07E1,
0x87AC, 0x07E5,
0x07A8, 0x07E1,
0x07B2, 0x07E2,
0x87B2, 0x07E2,
0x87B6, 0x07E6,
0x07B2, 0x07E2,
0x07B4, 0x07D8,
0x87B4, 0x07D8,
0x87B8, 0x07DC,
0x07B4, 0x07D8,
0x07B4, 0x07E8,
0x87B4, 0x07E8,
0x87B9, 0x07EC,
0x07B4, 0x07E8,
0x07BA, 0x07E6,
0x87BA, 0x07E6,
0x87BE, 0x07EA,
0x07BA, 0x07E6,
0x07BC, 0x07E7,
0x87BC, 0x07E7,
0x87C0, 0x07EB,
0x07BC, 0x07E7,
0x07AD, 0x07DF,
0x87AD, 0x07DF,
0x87B1, 0x07E4,
0x07AD, 0x07DF,
0x07B0, 0x07DF,
0x87B0, 0x07DF,
0x87B5, 0x07E3,
0x07B0, 0x07DF,
0x07B6, 0x07D5,
0x87B6, 0x07D5,
0x87BA, 0x07DA,
0x07B6, 0x07D5,
0x07B8, 0x07DB,
0x87B8, 0x07DB,
0x87BC, 0x07DF,
0x07B8, 0x07DB,
0x07A8, 0x07BA,
0x87A8, 0x07BA,
0x87AC, 0x07BE,
0x07A8, 0x07BA,
0x07A9, 0x07B9,
0x87A9, 0x07B9,
0x87AE, 0x07BD,
0x07A9, 0x07B9,
0x07A3, 0x07BF,
0x87A3, 0x07BF,
0x87A7, 0x07C3,
0x07A3, 0x07BF,
0x0795, 0x07E5,
0x8795, 0x07E5,
0x8799, 0x07E9,
0x0795, 0x07E5,
0x07A4, 0x07E8,
0x87A4, 0x07E8,
0x87A8, 0x07EC,
0x07A4, 0x07E8,
0x07A2, 0x07F0,
0x87A2, 0x07F0,
0x87A7, 0x07F4,
0x07A2, 0x07F0,
0x079F, 0x07FB,
0x879F, 0x07FB,
0x87A3, 0x0800,
0x079F, 0x07FB,
0x07BB, 0x0820,
0x87BB, 0x0820,
0x87BF, 0x0824,
0x07BB, 0x0820,
0x07B9, 0x081E,
0x87B9, 0x081E,
0x87BD, 0x0822,
0x07B9, 0x081E,
0x07B9, 0x0813,
0x87B9, 0x0813,
0x87BD, 0x0817,
0x07B9, 0x0813,
0x07BA, 0x0829,
0x87BA, 0x0829,
0x87BE, 0x082E,
0x07BA, 0x0829,
0x07AF, 0x081C,
0x87AF, 0x081C,
0x87B3, 0x0821,
0x07AF, 0x081C,
0x07B2, 0x0814,
0x87B2, 0x0814,
0x87B6, 0x0818,
0x07B2, 0x0814,
0x07B7, 0x081E,
0x87B7, 0x081E,
0x87BB, 0x0822,
0x07B7, 0x081E,
0x07B6, 0x0816,
0x87B6, 0x0816,
0x87BA, 0x081A,
0x07B6, 0x0816,
0x07B4, 0x082D,
0x87B4, 0x082D,
0x87B8, 0x0832,
0x07B4, 0x082D,
0x07B5, 0x0802,
0x87B5, 0x0802,
0x87B9, 0x0806,
0x07B5, 0x0802,
0x07B2, 0x0820,
0x87B2, 0x0820,
0x87B6, 0x0824,
0x07B2, 0x0820,
0x07AA, 0x0819,
0x87AA, 0x0819,
0x87AE, 0x081D,
0x07AA, 0x0819,
0x07AC, 0x0819,
0x87AC, 0x0819,
0x87B0, 0x081D,
0x07AC, 0x0819,
0x07B1, 0x081B,
0x87B1, 0x081B,
0x87B5, 0x081F,
0x07B1, 0x081B,
0x07A7, 0x07F2,
0x87A7, 0x07F2,
0x87AB, 0x07F6,
0x07A7, 0x07F2,
0x07AA, 0x0824,
0x87AA, 0x0824,
0x87AE, 0x0828,
0x07AA, 0x0824,
0x07AD, 0x0829,
0x87AD, 0x0829,
0x87B1, 0x082E,
0x07AD, 0x0829,
0x07A8, 0x0829,
0x87A8, 0x0829,
0x87AC, 0x082D,
0x07A8, 0x0829,
0x07A5, 0x0817,
0x87A5, 0x0817,
0x87AA, 0x081B,
0x07A5, 0x0817,
0x07A3, 0x0820,
0x87A3, 0x0820,
0x87A7, 0x0824,
0x07A3, 0x0820,
0x07A5, 0x081F,
0x87A5, 0x081F,
0x87A9, 0x0824,
0x07A5, 0x081F,
0x07A7, 0x0828,
0x87A7, 0x0828,
0x87AB, 0x082C,
0x07A7, 0x0828,
0x07A4, 0x0821,
0x87A4, 0x0821,
0x87A8, 0x0825,
0x07A4, 0x0821,
0x079F, 0x081E,
0x879F, 0x081E,
0x87A3, 0x0823,
0x079F, 0x081E,
0x079E, 0x081D,
0x879E, 0x081D,
0x87A2, 0x0821,
0x079E, 0x081D,
0x0794, 0x0814,
0x8794, 0x0814,
0x8798, 0x0818,
0x0794, 0x0814,
0x078D, 0x07FF,
0x878D, 0x07FF,
0x8791, 0x0803,
0x078D, 0x07FF,
0x0792, 0x081D,
0x8792, 0x081D,
0x8796, 0x0821,
0x0792, 0x081D,
0x0792, 0x0819,
0x8792, 0x0819,
0x8796, 0x081D,
0x0792, 0x0819,
0x078D, 0x0801,
0x878D, 0x0801,
0x8791, 0x0805,
0x078D, 0x0801,
0x078D, 0x07FD,
0x878D, 0x07FD,
0x8791, 0x0801,
0x078D, 0x07FD,
0x079D, 0x0834,
0x879D, 0x0834,
0x87A1, 0x0838,
0x079D, 0x0834,
0x079D, 0x0832,
0x879D, 0x0832,
0x87A1, 0x0836,
0x079D, 0x0832,
0x078F, 0x07F6,
0x878F, 0x07F6,
0x8793, 0x07FA,
0x078F, 0x07F6,
0x0791, 0x07F9,
0x8791, 0x07F9,
0x8796, 0x07FE,
0x0791, 0x07F9,
0x0791, 0x07FA,
0x8791, 0x07FA,
0x8795, 0x07FE,
0x0791, 0x07FA,
0x078F, 0x07FA,
0x878F, 0x07FA,
0x8793, 0x07FE,
0x078F, 0x07FA,
0x0791, 0x07FD,
0x8791, 0x07FD,
0x8795, 0x0801,
0x0791, 0x07FD,
0x079A, 0x07BE,
0x879A, 0x07BE,
0x879E, 0x07C2,
0x079A, 0x07BE,
0x079E, 0x07B9,
0x879E, 0x07B9,
0x87A2, 0x07BD,
0x079E, 0x07B9,
0x0799, 0x07C0,
0x8799, 0x07C0,
0x879D, 0x07C4,
0x0799, 0x07C0,
0x078A, 0x07D5,
0x878A, 0x07D5,
0x878E, 0x07D9,
0x078A, 0x07D5,
0x0791, 0x07B8,
0x8791, 0x07B8,
0x8795, 0x07BC,
0x0791, 0x07B8,
0x0787, 0x07CD,
0x8787, 0x07CD,
0x878B, 0x07D1,
0x0787, 0x07CD,
0x0794, 0x07AE,
0x8794, 0x07AE,
0x8798, 0x07B2,
0x0794, 0x07AE,
0x078C, 0x07A6,
0x878C, 0x07A6,
0x8790, 0x07AA,
0x078C, 0x07A6,
0x0790, 0x07A8,
0x8790, 0x07A8,
0x8794, 0x07AC,
0x0790, 0x07A8,
0x0794, 0x07AA,
0x8794, 0x07AA,
0x8798, 0x07AE,
0x0794, 0x07AA,
0x0799, 0x0849,
0x8799, 0x0849,
0x879D, 0x084D,
0x0799, 0x0849,
0x0798, 0x084B,
0x8798, 0x084B,
0x879C, 0x0850,
0x0798, 0x084B,
0x0790, 0x0835,
0x8790, 0x0835,
0x8794, 0x0839,
0x0790, 0x0835,
0x0794, 0x0842,
0x8794, 0x0842,
0x8798, 0x0846,
0x0794, 0x0842,
0x0787, 0x0804,
0x8787, 0x0804,
0x878B, 0x0808,
0x0787, 0x0804,
0x0792, 0x0846,
0x8792, 0x0846,
0x8796, 0x084A,
0x0792, 0x0846,
0x078F, 0x0843,
0x878F, 0x0843,
0x8793, 0x0847,
0x078F, 0x0843,
0x0794, 0x0840,
0x8794, 0x0840,
0x8798, 0x0844,
0x0794, 0x0840,
0x078A, 0x0824,
0x878A, 0x0824,
0x878E, 0x0828,
0x078A, 0x0824,
0x0783, 0x0818,
0x8783, 0x0818,
0x8787, 0x081C,
0x0783, 0x0818,
0x0788, 0x0832,
0x8788, 0x0832,
0x878C, 0x0836,
0x0788, 0x0832,
0x078D, 0x0842,
0x878D, 0x0842,
0x8791, 0x0846,
0x078D, 0x0842,
0x0781, 0x081C,
0x8781, 0x081C,
0x8786, 0x0820,
0x0781, 0x081C,
0x0785, 0x0821,
0x8785, 0x0821,
0x8789, 0x0826,
0x0785, 0x0821,
0x078D, 0x0839,
0x878D, 0x0839,
0x8791, 0x083D,
0x078D, 0x0839,
0x077A, 0x080E,
0x877A, 0x080E,
0x877F, 0x0812,
0x077A, 0x080E,
0x077C, 0x0821,
0x877C, 0x0821,
0x8780, 0x0825,
0x077C, 0x0821,
0x0777, 0x080F,
0x8777, 0x080F,
0x877B, 0x0813,
0x0777, 0x080F,
0x0776, 0x080F,
0x8776, 0x080F,
0x877A, 0x0813,
0x0776, 0x080F,
0x0772, 0x081D,
0x8772, 0x081D,
0x8776, 0x0821,
0x0772, 0x081D,
0x0778, 0x0812,
0x8778, 0x0812,
0x877C, 0x0816,
0x0778, 0x0812,
0x076A, 0x0814,
0x876A, 0x0814,
0x876E, 0x0818,
0x076A, 0x0814,
0x0771, 0x0825,
0x8771, 0x0825,
0x8775, 0x0829,
0x0771, 0x0825,
0x076F, 0x081F,
0x876F, 0x081F,
0x8773, 0x0823,
0x076F, 0x081F,
0x0776, 0x0815,
0x8776, 0x0815,
0x877A, 0x0819,
0x0776, 0x0815,
0x0771, 0x0817,
0x8771, 0x0817,
0x8775, 0x081B,
0x0771, 0x0817,
0x0762, 0x081B,
0x8762, 0x081B,
0x8766, 0x081F,
0x0762, 0x081B,
0x0761, 0x081B,
0x8761, 0x081B,
0x8765, 0x081F,
0x0761, 0x081B,
0x0763, 0x0821,
0x8763, 0x0821,
0x8767, 0x0826,
0x0763, 0x0821,
0x0762, 0x081C,
0x8762, 0x081C,
0x8766, 0x0820,
0x0762, 0x081C,
0x0763, 0x0822,
0x8763, 0x0822,
0x8767, 0x0826,
0x0763, 0x0822,
0x0760, 0x0822,
0x8760, 0x0822,
0x8764, 0x0826,
0x0760, 0x0822,
0x0761, 0x0821,
0x8761, 0x0821,
0x8765, 0x0825,
0x0761, 0x0821,
0x075E, 0x07C3,
0x875E, 0x07C3,
0x8762, 0x07C7,
0x075E, 0x07C3,
0x075C, 0x07C0,
0x875C, 0x07C0,
0x8760, 0x07C4,
0x075C, 0x07C0,
0x075B, 0x07C0,
0x875B, 0x07C0,
0x875F, 0x07C4,
0x075B, 0x07C0,
0x075E, 0x07BD,
0x875E, 0x07BD,
0x8762, 0x07C1,
0x075E, 0x07BD,
0x0764, 0x07C7,
0x8764, 0x07C7,
0x8768, 0x07CB,
0x0764, 0x07C7,
0x0763, 0x07C9,
0x8763, 0x07C9,
0x8767, 0x07CD,
0x0763, 0x07C9,
0x0761, 0x07C3,
0x8761, 0x07C3,
0x8766, 0x07C7,
0x0761, 0x07C3,
0x0766, 0x07C5,
0x8766, 0x07C5,
0x876A, 0x07C9,
0x0766, 0x07C5,
0x0773, 0x07CD,
0x8773, 0x07CD,
0x8777, 0x07D1,
0x0773, 0x07CD,
0x0772, 0x07D2,
0x8772, 0x07D2,
0x8776, 0x07D6,
0x0772, 0x07D2,
0x0779, 0x07D2,
0x8779, 0x07D2,
0x877D, 0x07D6,
0x0779, 0x07D2,
0x077B, 0x07C5,
0x877B, 0x07C5,
0x877F, 0x07C9,
0x077B, 0x07C5,
0x077B, 0x07D0,
0x877B, 0x07D0,
0x877F, 0x07D4,
0x077B, 0x07D0,
0x0778, 0x07CD,
0x8778, 0x07CD,
0x877C, 0x07D2,
0x0778, 0x07CD,
0x0781, 0x07B6,
0x8781, 0x07B6,
0x8785, 0x07BA,
0x0781, 0x07B6,
0x077B, 0x0759,
0x877B, 0x0759,
0x8780, 0x075D,
0x077B, 0x0759,
0x0779, 0x0761,
0x8779, 0x0761,
0x877E, 0x0765,
0x0779, 0x0761,
0x077D, 0x0755,
0x877D, 0x0755,
0x8781, 0x0759,
0x077D, 0x0755,
0x0777, 0x075F,
0x8777, 0x075F,
0x877B, 0x0763,
0x0777, 0x075F,
0x077C, 0x0754,
0x877C, 0x0754,
0x8780, 0x0759,
0x077C, 0x0754,
0x0777, 0x0759,
0x8777, 0x0759,
0x877B, 0x075E,
0x0777, 0x0759,
0x0773, 0x075E,
0x8773, 0x075E,
0x8777, 0x0762,
0x0773, 0x075E,
0x076E, 0x075E,
0x876E, 0x075E,
0x8772, 0x0762,
0x076E, 0x075E,
0x0766, 0x0758,
0x8766, 0x0758,
0x876A, 0x075C,
0x0766, 0x0758,
0x0764, 0x0759,
0x8764, 0x0759,
0x8768, 0x075D,
0x0764, 0x0759,
0x075C, 0x075F,
0x875C, 0x075F,
0x8760, 0x0763,
0x075C, 0x075F,
0x0779, 0x0767,
0x8779, 0x0767,
0x877D, 0x076B,
0x0779, 0x0767,
0x0773, 0x0772,
0x8773, 0x0772,
0x8777, 0x0776,
0x0773, 0x0772,
0x0777, 0x0771,
0x8777, 0x0771,
0x877B, 0x0775,
0x0777, 0x0771,
0x077D, 0x0763,
0x877D, 0x0763,
0x8781, 0x0767,
0x077D, 0x0763,
0x077B, 0x0764,
0x877B, 0x0764,
0x877F, 0x0768,
0x077B, 0x0764,
0x078C, 0x074C,
0x878C, 0x074C,
0x8790, 0x0750,
0x078C, 0x074C,
0x0784, 0x076A,
0x8784, 0x076A,
0x8788, 0x076E,
0x0784, 0x076A,
0x0780, 0x0767,
0x8780, 0x0767,
0x8784, 0x076B,
0x0780, 0x0767,
0x078E, 0x075E,
0x878E, 0x075E,
0x8792, 0x0762,
0x078E, 0x075E,
0x0784, 0x075F,
0x8784, 0x075F,
0x8788, 0x0763,
0x0784, 0x075F,
0x0789, 0x0769,
0x8789, 0x0769,
0x878D, 0x076D,
0x0789, 0x0769,
0x0783, 0x0771,
0x8783, 0x0771,
0x8787, 0x0775,
0x0783, 0x0771,
0x0787, 0x0775,
0x8787, 0x0775,
0x878C, 0x0779,
0x0787, 0x0775,
0x0792, 0x076B,
0x8792, 0x076B,
0x8797, 0x076F,
0x0792, 0x076B,
0x0792, 0x076C,
0x8792, 0x076C,
0x8796, 0x0770,
0x0792, 0x076C,
0x07A5, 0x0739,
0x87A5, 0x0739,
0x87A9, 0x073D,
0x07A5, 0x0739,
0x07A5, 0x0739,
0x87A5, 0x0739,
0x87A9, 0x073D,
0x07A5, 0x0739
};

const unsigned short draw_8[] PROGMEM = {
0x0869, 0x0734,
0x8869, 0x0734,
0x8872, 0x0733,
0x8879, 0x0737,
0x8882, 0x0739,
0x8888, 0x073D,
0x8890, 0x0740,
0x8898, 0x0743,
0x889E, 0x0748,
0x88A6, 0x074B,
0x88AE, 0x074B,
0x88B7, 0x074B,
0x88BE, 0x074F,
0x88C6, 0x0752,
0x88CD, 0x0755,
0x88D5, 0x0757,
0x88DD, 0x0758,
0x88E4, 0x075D,
0x88EC, 0x0760,
0x88F3, 0x0763,
0x88FB, 0x0765,
0x8903, 0x0768,
0x890B, 0x0769,
0x8913, 0x076C,
0x891A, 0x076E,
0x8922, 0x076F,
0x8929, 0x0773,
0x8930, 0x0778,
0x8938, 0x077C,
0x8940, 0x077D,
0x8946, 0x0782,
0x894E, 0x0785,
0x8956, 0x0788,
0x8957, 0x078F,
0x8950, 0x0793,
0x8948, 0x0790,
0x8940, 0x0790,
0x8938, 0x078D,
0x8930, 0x078B,
0x892A, 0x0787,
0x8922, 0x0782,
0x891B, 0x0780,
0x8913, 0x077D,
0x890C, 0x077A,
0x8904, 0x0778,
0x88FD, 0x0776,
0x88F4, 0x0773,
0x88EC, 0x0770,
0x88E6, 0x076D,
0x88DE, 0x0769,
0x88D6, 0x0766,
0x88CD, 0x0766,
0x88C7, 0x0762,
0x88BE, 0x0760,
0x88BA, 0x0766,
0x88BB, 0x076E,
0x88BE, 0x0775,
0x88BA, 0x077C,
0x88BD, 0x0783,
0x88BF, 0x078B,
0x88BF, 0x0793,
0x88BF, 0x079C,
0x88C1, 0x07A4,
0x88C2, 0x07AC,
0x88C5, 0x07B4,
0x88CA, 0x07BA,
0x88CC, 0x07C2,
0x88C8, 0x07C9,
0x88C1, 0x07CE,
0x88B9, 0x07CF,
0x88B1, 0x07CE,
0x88A9, 0x07D0,
0x88A2, 0x07D3,
0x889B, 0x07D7,
0x8894, 0x07D3,
0x8892, 0x07CB,
0x8893, 0x07C3,
0x8897, 0x07BC,
0x889A, 0x07B4,
0x889B, 0x07AC,
0x889B, 0x07A4,
0x889B, 0x079B,
0x889E, 0x0794,
0x889F, 0x078C,
0x889F, 0x0783,
0x88A1, 0x077C,
0x88A5, 0x0774,
0x88A5, 0x076C,
0x88A6, 0x0763,
0x88A6, 0x075B,
0x88A1, 0x0756,
0x8899, 0x0755,
0x8891, 0x0753,
0x8889, 0x0751,
0x8881, 0x074E,
0x887F, 0x0755,
0x887F, 0x075D,
0x887F, 0x0766,
0x887F, 0x076E,
0x887F, 0x0777,
0x887E, 0x077F,
0x887D, 0x0787,
0x887D, 0x078F,
0x887E, 0x0798,
0x887E, 0x07A0,
0x887D, 0x07A8,
0x887D, 0x07B1,
0x887D, 0x07B9,
0x887E, 0x07C2,
0x887D, 0x07CA,
0x887D, 0x07D2,
0x887D, 0x07DB,
0x887C, 0x07E2,
0x887D, 0x07EA,
0x887E, 0x07F3,
0x887B, 0x07FA,
0x8878, 0x0802,
0x8878, 0x080B,
0x8878, 0x0813,
0x8877, 0x081B,
0x8878, 0x0824,
0x887E, 0x0828,
0x8886, 0x0828,
0x888E, 0x0826,
0x8896, 0x0823,
0x889E, 0x0823,
0x88A6, 0x081F,
0x88AC, 0x081A,
0x88B3, 0x0816,
0x88BB, 0x0815,
0x88C2, 0x0810,
0x88CA, 0x080E,
0x88D2, 0x080B,
0x88DA, 0x080B,
0x88E2, 0x0809,
0x88EA, 0x0805,
0x88F1, 0x0801,
0x88F8, 0x07FF,
0x8900, 0x07FD,
0x8908, 0x07F9,
0x8910, 0x07F8,
0x8918, 0x07F7,
0x8920, 0x07F4,
0x8927, 0x07F1,
0x892F, 0x07EE,
0x8936, 0x07EA,
0x893D, 0x07E6,
0x8946, 0x07E6,
0x894D, 0x07E3,
0x8955, 0x07E1,
0x895D, 0x07E1,
0x8966, 0x07E1,
0x896D, 0x07DF,
0x8974, 0x07DA,
0x897C, 0x07D9,
0x8983, 0x07D4,
0x898B, 0x07D2,
0x8993, 0x07CE,
0x899B, 0x07CE,
0x89A2, 0x07CB,
0x89AA, 0x07CA,
0x89B3, 0x07CA,
0x89BB, 0x07C8,
0x89BD, 0x07C0,
0x89B8, 0x07BA,
0x89B1, 0x07B6,
0x89A9, 0x07B3,
0x89A2, 0x07AF,
0x899B, 0x07AB,
0x8995, 0x07A6,
0x8997, 0x079F,
0x899F, 0x07A2,
0x89A7, 0x07A4,
0x89AE, 0x07A7,
0x89B6, 0x07AB,
0x89BD, 0x07AD,
0x89C5, 0x07B1,
0x89CC, 0x07B5,
0x89D4, 0x07B8,
0x89DB, 0x07BB,
0x89E3, 0x07BD,
0x89EB, 0x07BF,
0x89F3, 0x07BF,
0x89F8, 0x07C5,
0x89F8, 0x07CD,
0x89F2, 0x07D1,
0x89E9, 0x07D1,
0x89E3, 0x07CE,
0x89DA, 0x07CE,
0x89D2, 0x07D1,
0x89C9, 0x07D1,
0x89C3, 0x07D6,
0x89BC, 0x07DA,
0x89B3, 0x07DA,
0x89AB, 0x07DB,
0x89A3, 0x07DD,
0x899C, 0x07E1,
0x8994, 0x07E3,
0x898C, 0x07E3,
0x8986, 0x07E8,
0x897D, 0x07E9,
0x8975, 0x07EA,
0x896E, 0x07EE,
0x8966, 0x07F1,
0x895D, 0x07F1,
0x8956, 0x07F1,
0x894F, 0x07F6,
0x8947, 0x07FA,
0x8940, 0x07FC,
0x8937, 0x07FD,
0x8931, 0x0802,
0x8929, 0x0805,
0x8922, 0x0806,
0x891A, 0x080A,
0x8912, 0x080D,
0x890A, 0x0810,
0x8902, 0x0811,
0x88FA, 0x0811,
0x88F2, 0x0813,
0x88EB, 0x0818,
0x88E4, 0x081A,
0x88DD, 0x081E,
0x88D4, 0x081F,
0x88CD, 0x0820,
0x88C5, 0x0824,
0x88BE, 0x0828,
0x88B7, 0x082C,
0x88AF, 0x0830,
0x88A7, 0x0832,
0x88A0, 0x0832,
0x8898, 0x0836,
0x8891, 0x0837,
0x8889, 0x083C,
0x8881, 0x083C,
0x8879, 0x083E,
0x8872, 0x083B,
0x8869, 0x083B,
0x8865, 0x0835,
0x8864, 0x082C,
0x8864, 0x0824,
0x8864, 0x081C,
0x8864, 0x0814,
0x8864, 0x080B,
0x8866, 0x0803,
0x886A, 0x07FC,
0x8869, 0x07F3,
0x8869, 0x07EB,
0x886A, 0x07E3,
0x8869, 0x07DA,
0x8869, 0x07D2,
0x8869, 0x07C9,
0x886A, 0x07C1,
0x886B, 0x07BA,
0x886E, 0x07B1,
0x886E, 0x07A9,
0x886E, 0x07A0,
0x886E, 0x0798,
0x886E, 0x0790,
0x886E, 0x0787,
0x886E, 0x077F,
0x886E, 0x0776,
0x886E, 0x076E,
0x886E, 0x0766,
0x886E, 0x075D,
0x886A, 0x0756,
0x8869, 0x074E,
0x886A, 0x0745,
0x8868, 0x073E,
0x8865, 0x0736,
0x8869, 0x0734,
0x0869, 0x0734,
0x092E, 0x0784,
0x892E, 0x0784,
0x8933, 0x0788,
0x092E, 0x0784,
0x0930, 0x077C,
0x8930, 0x077C,
0x8934, 0x0780,
0x0930, 0x077C,
0x0933, 0x0783,
0x8933, 0x0783,
0x8938, 0x0787,
0x0933, 0x0783,
0x0931, 0x077F,
0x8931, 0x077F,
0x8936, 0x0783,
0x0931, 0x077F,
0x0931, 0x0783,
0x8931, 0x0783,
0x8935, 0x0787,
0x0931, 0x0783,
0x0934, 0x0782,
0x8934, 0x0782,
0x8939, 0x0787,
0x0934, 0x0782,
0x0933, 0x0780,
0x8933, 0x0780,
0x8937, 0x0784,
0x0933, 0x0780,
0x0940, 0x0781,
0x8940, 0x0781,
0x8944, 0x0785,
0x0940, 0x0781,
0x093A, 0x0787,
0x893A, 0x0787,
0x893E, 0x078B,
0x093A, 0x0787,
0x0947, 0x0787,
0x8947, 0x0787,
0x894B, 0x078B,
0x0947, 0x0787,
0x0908, 0x0770,
0x8908, 0x0770,
0x890C, 0x0774,
0x0908, 0x0770,
0x0909, 0x0771,
0x8909, 0x0771,
0x890D, 0x0775,
0x0909, 0x0771,
0x0905, 0x076F,
0x8905, 0x076F,
0x8909, 0x0774,
0x0905, 0x076F,
0x090C, 0x0771,
0x890C, 0x0771,
0x8910, 0x0775,
0x090C, 0x0771,
0x090F, 0x0774,
0x890F, 0x0774,
0x8913, 0x0778,
0x090F, 0x0774,
0x0910, 0x0771,
0x8910, 0x0771,
0x8914, 0x0775,
0x0910, 0x0771,
0x0911, 0x0772,
0x8911, 0x0772,
0x8915, 0x0776,
0x0911, 0x0772,
0x090B, 0x0773,
0x890B, 0x0773,
0x890F, 0x0777,
0x090B, 0x0773,
0x091B, 0x0778,
0x891B, 0x0778,
0x891F, 0x077C,
0x091B, 0x0778,
0x0921, 0x0777,
0x8921, 0x0777,
0x8925, 0x077C,
0x0921, 0x0777,
0x0925, 0x0778,
0x8925, 0x0778,
0x8929, 0x077C,
0x0925, 0x0778,
0x08FD, 0x076B,
0x88FD, 0x076B,
0x8901, 0x076F,
0x08FD, 0x076B,
0x0905, 0x076C,
0x8905, 0x076C,
0x8909, 0x0770,
0x0905, 0x076C,
0x08F9, 0x0769,
0x88F9, 0x0769,
0x88FD, 0x076D,
0x08F9, 0x0769,
0x08EC, 0x0769,
0x88EC, 0x0769,
0x88F0, 0x076D,
0x08EC, 0x0769,
0x08FB, 0x0769,
0x88FB, 0x0769,
0x88FF, 0x076E,
0x08FB, 0x0769,
0x08FC, 0x076A,
0x88FC, 0x076A,
0x8900, 0x076E,
0x08FC, 0x076A,
0x08E7, 0x0767,
0x88E7, 0x0767,
0x88EB, 0x076C,
0x08E7, 0x0767,
0x08EE, 0x0768,
0x88EE, 0x0768,
0x88F2, 0x076C,
0x08EE, 0x0768,
0x08E7, 0x0768,
0x88E7, 0x0768,
0x88EB, 0x076C,
0x08E7, 0x0768,
0x08E8, 0x0766,
0x88E8, 0x0766,
0x88EC, 0x076A,
0x08E8, 0x0766,
0x08E4, 0x0765,
0x88E4, 0x0765,
0x88E8, 0x0769,
0x08E4, 0x0765,
0x08DE, 0x0764,
0x88DE, 0x0764,
0x88E3, 0x0768,
0x08DE, 0x0764,
0x08E6, 0x0763,
0x88E6, 0x0763,
0x88EA, 0x0767,
0x08E6, 0x0763,
0x08E7, 0x0760,
0x88E7, 0x0760,
0x88EB, 0x0764,
0x08E7, 0x0760,
0x08DB, 0x0760,
0x88DB, 0x0760,
0x88DF, 0x0764,
0x08DB, 0x0760,
0x08E4, 0x0761,
0x88E4, 0x0761,
0x88E8, 0x0765,
0x08E4, 0x0761,
0x08E6, 0x0762,
0x88E6, 0x0762,
0x88EA, 0x0766,
0x08E6, 0x0762,
0x08E9, 0x0763,
0x88E9, 0x0763,
0x88ED, 0x0767,
0x08E9, 0x0763,
0x08D8, 0x075A,
0x88D8, 0x075A,
0x88DC, 0x075E,
0x08D8, 0x075A,
0x08D0, 0x075C,
0x88D0, 0x075C,
0x88D4, 0x0760,
0x08D0, 0x075C,
0x08E2, 0x0761,
0x88E2, 0x0761,
0x88E6, 0x0765,
0x08E2, 0x0761,
0x08DF, 0x0762,
0x88DF, 0x0762,
0x88E3, 0x0766,
0x08DF, 0x0762,
0x08D2, 0x075C,
0x88D2, 0x075C,
0x88D6, 0x0760,
0x08D2, 0x075C,
0x08AE, 0x0766,
0x88AE, 0x0766,
0x88B2, 0x076A,
0x08AE, 0x0766,
0x08C6, 0x075A,
0x88C6, 0x075A,
0x88CA, 0x075E,
0x08C6, 0x075A,
0x08AD, 0x0761,
0x88AD, 0x0761,
0x88B2, 0x0765,
0x08AD, 0x0761,
0x08BF, 0x0757,
0x88BF, 0x0757,
0x88C3, 0x075B,
0x08BF, 0x0757,
0x08C3, 0x0759,
0x88C3, 0x0759,
0x88C7, 0x075E,
0x08C3, 0x0759,
0x08C3, 0x0756,
0x88C3, 0x0756,
0x88C8, 0x075A,
0x08C3, 0x0756,
0x08C9, 0x0755,
0x88C9, 0x0755,
0x88CD, 0x0759,
0x08C9, 0x0755,
0x08C2, 0x0756,
0x88C2, 0x0756,
0x88C6, 0x075A,
0x08C2, 0x0756,
0x08B8, 0x0759,
0x88B8, 0x0759,
0x88BC, 0x075D,
0x08B8, 0x0759,
0x0898, 0x074E,
0x8898, 0x074E,
0x889D, 0x0752,
0x0898, 0x074E,
0x08A1, 0x074D,
0x88A1, 0x074D,
0x88A5, 0x0751,
0x08A1, 0x074D,
0x08A3, 0x0751,
0x88A3, 0x0751,
0x88A7, 0x0756,
0x08A3, 0x0751,
0x08A4, 0x0752,
0x88A4, 0x0752,
0x88A8, 0x0756,
0x08A4, 0x0752,
0x08A9, 0x0751,
0x88A9, 0x0751,
0x88AD, 0x0755,
0x08A9, 0x0751,
0x08A3, 0x074F,
0x88A3, 0x074F,
0x88A8, 0x0753,
0x08A3, 0x074F,
0x08B2, 0x074F,
0x88B2, 0x074F,
0x88B6, 0x0753,
0x08B2, 0x074F,
0x0874, 0x075D,
0x8874, 0x075D,
0x8878, 0x0761,
0x0874, 0x075D,
0x0872, 0x0761,
0x8872, 0x0761,
0x8876, 0x0765,
0x0872, 0x0761,
0x0874, 0x0764,
0x8874, 0x0764,
0x8878, 0x0768,
0x0874, 0x0764,
0x0886, 0x0742,
0x8886, 0x0742,
0x888A, 0x0746,
0x0886, 0x0742,
0x088B, 0x0747,
0x888B, 0x0747,
0x888F, 0x074B,
0x088B, 0x0747,
0x0886, 0x0757,
0x8886, 0x0757,
0x888B, 0x075B,
0x0886, 0x0757,
0x0883, 0x075A,
0x8883, 0x075A,
0x8887, 0x075E,
0x0883, 0x075A,
0x0878, 0x0765,
0x8878, 0x0765,
0x887C, 0x0769,
0x0878, 0x0765,
0x086C, 0x0739,
0x886C, 0x0739,
0x8871, 0x073D,
0x086C, 0x0739,
0x0869, 0x073A,
0x8869, 0x073A,
0x886D, 0x073E,
0x0869, 0x073A,
0x086D, 0x073B,
0x886D, 0x073B,
0x8871, 0x0740,
0x086D, 0x073B,
0x086B, 0x073B,
0x886B, 0x073B,
0x886F, 0x0740,
0x086B, 0x073B,
0x086C, 0x073D,
0x886C, 0x073D,
0x8870, 0x0741,
0x086C, 0x073D,
0x0872, 0x073B,
0x8872, 0x073B,
0x8876, 0x073F,
0x0872, 0x073B,
0x086D, 0x073C,
0x886D, 0x073C,
0x8871, 0x0740,
0x086D, 0x073C,
0x086D, 0x0743,
0x886D, 0x0743,
0x8871, 0x0747,
0x086D, 0x0743,
0x0870, 0x0742,
0x8870, 0x0742,
0x8874, 0x0746,
0x0870, 0x0742,
0x087E, 0x073B,
0x887E, 0x073B,
0x8882, 0x073F,
0x087E, 0x073B,
0x086D, 0x073D,
0x886D, 0x073D,
0x8871, 0x0741,
0x086D, 0x073D,
0x087C, 0x073E,
0x887C, 0x073E,
0x8880, 0x0742,
0x087C, 0x073E,
0x0873, 0x0740,
0x8873, 0x0740,
0x8877, 0x0744,
0x0873, 0x0740,
0x0876, 0x074A,
0x8876, 0x074A,
0x887A, 0x074E,
0x0876, 0x074A,
0x0872, 0x0750,
0x8872, 0x0750,
0x8876, 0x0754,
0x0872, 0x0750,
0x0874, 0x0754,
0x8874, 0x0754,
0x8878, 0x0758,
0x0874, 0x0754,
0x08AE, 0x076F,
0x88AE, 0x076F,
0x88B2, 0x0773,
0x08AE, 0x076F,
0x08AF, 0x0771,
0x88AF, 0x0771,
0x88B3, 0x0775,
0x08AF, 0x0771,
0x08B4, 0x077E,
0x88B4, 0x077E,
0x88B8, 0x0782,
0x08B4, 0x077E,
0x08B7, 0x0784,
0x88B7, 0x0784,
0x88BB, 0x0788,
0x08B7, 0x0784,
0x08AE, 0x0779,
0x88AE, 0x0779,
0x88B2, 0x077D,
0x08AE, 0x0779,
0x08A9, 0x077E,
0x88A9, 0x077E,
0x88AD, 0x0783,
0x08A9, 0x077E,
0x08A7, 0x077A,
0x88A7, 0x077A,
0x88AB, 0x077E,
0x08A7, 0x077A,
0x08B0, 0x078B,
0x88B0, 0x078B,
0x88B4, 0x078F,
0x08B0, 0x078B,
0x08B1, 0x0791,
0x88B1, 0x0791,
0x88B5, 0x0795,
0x08B1, 0x0791,
0x08B2, 0x078D,
0x88B2, 0x078D,
0x88B7, 0x0791,
0x08B2, 0x078D,
0x08AA, 0x077E,
0x88AA, 0x077E,
0x88AE, 0x0782,
0x08AA, 0x077E,
0x08B0, 0x078C,
0x88B0, 0x078C,
0x88B5, 0x0791,
0x08B0, 0x078C,
0x08B5, 0x0797,
0x88B5, 0x0797,
0x88B9, 0x079B,
0x08B5, 0x0797,
0x08A3, 0x078B,
0x88A3, 0x078B,
0x88A7, 0x078F,
0x08A3, 0x078B,
0x08AA, 0x078A,
0x88AA, 0x078A,
0x88AE, 0x078E,
0x08AA, 0x078A,
0x08B1, 0x0799,
0x88B1, 0x0799,
0x88B5, 0x079D,
0x08B1, 0x0799,
0x08AC, 0x0793,
0x88AC, 0x0793,
0x88B0, 0x0797,
0x08AC, 0x0793,
0x08AC, 0x078E,
0x88AC, 0x078E,
0x88B0, 0x0792,
0x08AC, 0x078E,
0x08B5, 0x07A3,
0x88B5, 0x07A3,
0x88B9, 0x07A7,
0x08B5, 0x07A3,
0x08AA, 0x0786,
0x88AA, 0x0786,
0x88AE, 0x078A,
0x08AA, 0x0786,
0x08B2, 0x0793,
0x88B2, 0x0793,
0x88B6, 0x0797,
0x08B2, 0x0793,
0x08A2, 0x0798,
0x88A2, 0x0798,
0x88A7, 0x079C,
0x08A2, 0x0798,
0x08A8, 0x079E,
0x88A8, 0x079E,
0x88AC, 0x07A2,
0x08A8, 0x079E,
0x08B7, 0x07A9,
0x88B7, 0x07A9,
0x88BB, 0x07AE,
0x08B7, 0x07A9,
0x08A5, 0x079B,
0x88A5, 0x079B,
0x88A9, 0x079F,
0x08A5, 0x079B,
0x08A4, 0x079A,
0x88A4, 0x079A,
0x88A8, 0x079E,
0x08A4, 0x079A,
0x08B2, 0x07A9,
0x88B2, 0x07A9,
0x88B6, 0x07AD,
0x08B2, 0x07A9,
0x08B2, 0x07AD,
0x88B2, 0x07AD,
0x88B6, 0x07B1,
0x08B2, 0x07AD,
0x08A5, 0x07A5,
0x88A5, 0x07A5,
0x88A9, 0x07A9,
0x08A5, 0x07A5,
0x08BF, 0x07B7,
0x88BF, 0x07B7,
0x88C3, 0x07BB,
0x08BF, 0x07B7,
0x08AF, 0x07A7,
0x88AF, 0x07A7,
0x88B3, 0x07AB,
0x08AF, 0x07A7,
0x08A6, 0x07A7,
0x88A6, 0x07A7,
0x88AA, 0x07AC,
0x08A6, 0x07A7,
0x08BC, 0x07B6,
0x88BC, 0x07B6,
0x88C0, 0x07BA,
0x08BC, 0x07B6,
0x08A3, 0x079F,
0x88A3, 0x079F,
0x88A7, 0x07A3,
0x08A3, 0x079F,
0x08A7, 0x07A8,
0x88A7, 0x07A8,
0x88AB, 0x07AC,
0x08A7, 0x07A8,
0x08A6, 0x07A9,
0x88A6, 0x07A9,
0x88AA, 0x07AD,
0x08A6, 0x07A9,
0x08A1, 0x07A0,
0x88A1, 0x07A0,
0x88A5, 0x07A4,
0x08A1, 0x07A0,
0x08A4, 0x07A7,
0x88A4, 0x07A7,
0x88A9, 0x07AB,
0x08A4, 0x07A7,
0x08AD, 0x07AC,
0x88AD, 0x07AC,
0x88B1, 0x07B0,
0x08AD, 0x07AC,
0x08AD, 0x07C2,
0x88AD, 0x07C2,
0x88B1, 0x07C7,
0x08AD, 0x07C2,
0x08C1, 0x07C1,
0x88C1, 0x07C1,
0x88C5, 0x07C5,
0x08C1, 0x07C1,
0x08A7, 0x07AC,
0x88A7, 0x07AC,
0x88AB, 0x07B0,
0x08A7, 0x07AC,
0x08B4, 0x07BA,
0x88B4, 0x07BA,
0x88B8, 0x07BE,
0x08B4, 0x07BA,
0x08AC, 0x07B8,
0x88AC, 0x07B8,
0x88B0, 0x07BC,
0x08AC, 0x07B8,
0x08A3, 0x07A0,
0x88A3, 0x07A0,
0x88A7, 0x07A4,
0x08A3, 0x07A0,
0x0896, 0x07CF,
0x8896, 0x07CF,
0x889A, 0x07D3,
0x0896, 0x07CF,
0x0896, 0x07CD,
0x8896, 0x07CD,
0x889A, 0x07D1,
0x0896, 0x07CD,
0x089C, 0x07BF,
0x889C, 0x07BF,
0x88A0, 0x07C3,
0x089C, 0x07BF,
0x089C, 0x07C3,
0x889C, 0x07C3,
0x88A0, 0x07C7,
0x089C, 0x07C3,
0x08A0, 0x07B9,
0x88A0, 0x07B9,
0x88A4, 0x07BD,
0x08A0, 0x07B9,
0x0899, 0x07C5,
0x8899, 0x07C5,
0x889D, 0x07C9,
0x0899, 0x07C5,
0x08AB, 0x07C6,
0x88AB, 0x07C6,
0x88AF, 0x07CA,
0x08AB, 0x07C6,
0x0878, 0x0767,
0x8878, 0x0767,
0x887C, 0x076B,
0x0878, 0x0767,
0x0878, 0x0766,
0x8878, 0x0766,
0x887C, 0x076A,
0x0878, 0x0766,
0x0874, 0x076B,
0x8874, 0x076B,
0x8878, 0x076F,
0x0874, 0x076B,
0x0873, 0x077B,
0x8873, 0x077B,
0x8877, 0x077F,
0x0873, 0x077B,
0x0874, 0x077C,
0x8874, 0x077C,
0x8878, 0x0780,
0x0874, 0x077C,
0x0872, 0x0793,
0x8872, 0x0793,
0x8876, 0x0797,
0x0872, 0x0793,
0x0873, 0x079C,
0x8873, 0x079C,
0x8877, 0x07A0,
0x0873, 0x079C,
0x0876, 0x07C0,
0x8876, 0x07C0,
0x887A, 0x07C4,
0x0876, 0x07C0,
0x0873, 0x07C0,
0x8873, 0x07C0,
0x8877, 0x07C4,
0x0873, 0x07C0,
0x0871, 0x080C,
0x8871, 0x080C,
0x8875, 0x0810,
0x0871, 0x080C,
0x0871, 0x07F4,
0x8871, 0x07F4,
0x8875, 0x07F8,
0x0871, 0x07F4,
0x0874, 0x07ED,
0x8874, 0x07ED,
0x8878, 0x07F1,
0x0874, 0x07ED,
0x0873, 0x07E9,
0x8873, 0x07E9,
0x8877, 0x07ED,
0x0873, 0x07E9,
0x0875, 0x07E9,
0x8875, 0x07E9,
0x8879, 0x07ED,
0x0875, 0x07E9,
0x0873, 0x07D5,
0x8873, 0x07D5,
0x8877, 0x07D9,
0x0873, 0x07D5,
0x0871, 0x07BF,
0x8871, 0x07BF,
0x8875, 0x07C3,
0x0871, 0x07BF,
0x0871, 0x07BD,
0x8871, 0x07BD,
0x8875, 0x07C1,
0x0871, 0x07BD,
0x09ED, 0x07C5,
0x89ED, 0x07C5,
0x89F1, 0x07C9,
0x09ED, 0x07C5,
0x09E3, 0x07C4,
0x89E3, 0x07C4,
0x89E8, 0x07C8,
0x09E3, 0x07C4,
0x09E6, 0x07C5,
0x89E6, 0x07C5,
0x89EA, 0x07C9,
0x09E6, 0x07C5,
0x09E8, 0x07C7,
0x89E8, 0x07C7,
0x89EC, 0x07CB,
0x09E8, 0x07C7,
0x09E6, 0x07C9,
0x89E6, 0x07C9,
0x89EA, 0x07CD,
0x09E6, 0x07C9,
0x09E6, 0x07C7,
0x89E6, 0x07C7,
0x89EA, 0x07CB,
0x09E6, 0x07C7,
0x09DE, 0x07BF,
0x89DE, 0x07BF,
0x89E2, 0x07C4,
0x09DE, 0x07BF,
0x09EA, 0x07C9,
0x89EA, 0x07C9,
0x89EE, 0x07CD,
0x09EA, 0x07C9,
0x09E8, 0x07C9,
0x89E8, 0x07C9,
0x89ED, 0x07CD,
0x09E8, 0x07C9,
0x09E1, 0x07C5,
0x89E1, 0x07C5,
0x89E5, 0x07C9,
0x09E1, 0x07C5,
0x09E5, 0x07C2,
0x89E5, 0x07C2,
0x89E9, 0x07C7,
0x09E5, 0x07C2,
0x09CE, 0x07BA,
0x89CE, 0x07BA,
0x89D2, 0x07BE,
0x09CE, 0x07BA,
0x09C5, 0x07BF,
0x89C5, 0x07BF,
0x89CA, 0x07C3,
0x09C5, 0x07BF,
0x09C6, 0x07BD,
0x89C6, 0x07BD,
0x89CA, 0x07C1,
0x09C6, 0x07BD,
0x09C1, 0x07C3,
0x89C1, 0x07C3,
0x89C5, 0x07C7,
0x09C1, 0x07C3,
0x09C4, 0x07C1,
0x89C4, 0x07C1,
0x89C8, 0x07C5,
0x09C4, 0x07C1,
0x09CD, 0x07BA,
0x89CD, 0x07BA,
0x89D1, 0x07BE,
0x09CD, 0x07BA,
0x09C9, 0x07B8,
0x89C9, 0x07B8,
0x89CD, 0x07BD,
0x09C9, 0x07B8,
0x09C2, 0x07BA,
0x89C2, 0x07BA,
0x89C6, 0x07BF,
0x09C2, 0x07BA,
0x09BF, 0x07BD,
0x89BF, 0x07BD,
0x89C3, 0x07C1,
0x09BF, 0x07BD,
0x09C5, 0x07BB,
0x89C5, 0x07BB,
0x89C9, 0x07BF,
0x09C5, 0x07BB,
0x09BA, 0x07B5,
0x89BA, 0x07B5,
0x89BE, 0x07B9,
0x09BA, 0x07B5,
0x09C6, 0x07B7,
0x89C6, 0x07B7,
0x89CA, 0x07BB,
0x09C6, 0x07B7,
0x09C4, 0x07B8,
0x89C4, 0x07B8,
0x89C8, 0x07BC,
0x09C4, 0x07B8,
0x09C5, 0x07B6,
0x89C5, 0x07B6,
0x89C9, 0x07BA,
0x09C5, 0x07B6,
0x09C5, 0x07B7,
0x89C5, 0x07B7,
0x89C9, 0x07BB,
0x09C5, 0x07B7,
0x09B7, 0x07B3,
0x89B7, 0x07B3,
0x89BB, 0x07B7,
0x09B7, 0x07B3,
0x09B2, 0x07B0,
0x89B2, 0x07B0,
0x89B6, 0x07B4,
0x09B2, 0x07B0,
0x09B1, 0x07AE,
0x89B1, 0x07AE,
0x89B6, 0x07B3,
0x09B1, 0x07AE,
0x09AE, 0x07AD,
0x89AE, 0x07AD,
0x89B2, 0x07B1,
0x09AE, 0x07AD,
0x09AB, 0x07AF,
0x89AB, 0x07AF,
0x89AF, 0x07B3,
0x09AB, 0x07AF,
0x09AC, 0x07AD,
0x89AC, 0x07AD,
0x89B0, 0x07B2,
0x09AC, 0x07AD,
0x09A6, 0x07AA,
0x89A6, 0x07AA,
0x89AA, 0x07AE,
0x09A6, 0x07AA,
0x09AB, 0x07A8,
0x89AB, 0x07A8,
0x89AF, 0x07AD,
0x09AB, 0x07A8,
0x099B, 0x07A4,
0x899B, 0x07A4,
0x899F, 0x07A8,
0x099B, 0x07A4,
0x099B, 0x07A7,
0x899B, 0x07A7,
0x899F, 0x07AB,
0x099B, 0x07A7,
0x09BB, 0x07CD,
0x89BB, 0x07CD,
0x89BF, 0x07D2,
0x09BB, 0x07CD,
0x09AC, 0x07D0,
0x89AC, 0x07D0,
0x89B0, 0x07D4,
0x09AC, 0x07D0,
0x09A3, 0x07D1,
0x89A3, 0x07D1,
0x89A7, 0x07D5,
0x09A3, 0x07D1,
0x09A5, 0x07CF,
0x89A5, 0x07CF,
0x89A9, 0x07D3,
0x09A5, 0x07CF,
0x09A5, 0x07D1,
0x89A5, 0x07D1,
0x89A9, 0x07D5,
0x09A5, 0x07D1,
0x09A5, 0x07D0,
0x89A5, 0x07D0,
0x89A9, 0x07D4,
0x09A5, 0x07D0,
0x09A7, 0x07D1,
0x89A7, 0x07D1,
0x89AB, 0x07D5,
0x09A7, 0x07D1,
0x09A3, 0x07D3,
0x89A3, 0x07D3,
0x89A7, 0x07D7,
0x09A3, 0x07D3,
0x09A5, 0x07D1,
0x89A5, 0x07D1,
0x89A9, 0x07D5,
0x09A5, 0x07D1,
0x0991, 0x07D5,
0x8991, 0x07D5,
0x8995, 0x07D9,
0x0991, 0x07D5,
0x0992, 0x07D5,
0x8992, 0x07D5,
0x8996, 0x07D9,
0x0992, 0x07D5,
0x0996, 0x07D7,
0x8996, 0x07D7,
0x899A, 0x07DC,
0x0996, 0x07D7,
0x0990, 0x07D7,
0x8990, 0x07D7,
0x8994, 0x07DB,
0x0990, 0x07D7,
0x0989, 0x07D7,
0x8989, 0x07D7,
0x898D, 0x07DB,
0x0989, 0x07D7,
0x098E, 0x07D9,
0x898E, 0x07D9,
0x8992, 0x07DD,
0x098E, 0x07D9,
0x0987, 0x07D9,
0x8987, 0x07D9,
0x898B, 0x07DD,
0x0987, 0x07D9,
0x098A, 0x07D8,
0x898A, 0x07D8,
0x898E, 0x07DC,
0x098A, 0x07D8,
0x098E, 0x07D7,
0x898E, 0x07D7,
0x8992, 0x07DB,
0x098E, 0x07D7,
0x0979, 0x07E0,
0x8979, 0x07E0,
0x897D, 0x07E4,
0x0979, 0x07E0,
0x0976, 0x07E1,
0x8976, 0x07E1,
0x897B, 0x07E5,
0x0976, 0x07E1,
0x097A, 0x07E1,
0x897A, 0x07E1,
0x897E, 0x07E5,
0x097A, 0x07E1,
0x0972, 0x07E1,
0x8972, 0x07E1,
0x8976, 0x07E5,
0x0972, 0x07E1,
0x0960, 0x07E4,
0x8960, 0x07E4,
0x8964, 0x07E9,
0x0960, 0x07E4,
0x092C, 0x07F6,
0x892C, 0x07F6,
0x8930, 0x07FA,
0x092C, 0x07F6,
0x092F, 0x07F6,
0x892F, 0x07F6,
0x8933, 0x07FA,
0x092F, 0x07F6,
0x0937, 0x07F4,
0x8937, 0x07F4,
0x893B, 0x07F8,
0x0937, 0x07F4,
0x093C, 0x07F3,
0x893C, 0x07F3,
0x8940, 0x07F7,
0x093C, 0x07F3,
0x0931, 0x07F3,
0x8931, 0x07F3,
0x8935, 0x07F8,
0x0931, 0x07F3,
0x0944, 0x07F0,
0x8944, 0x07F0,
0x8948, 0x07F4,
0x0944, 0x07F0,
0x0954, 0x07E8,
0x8954, 0x07E8,
0x8958, 0x07EC,
0x0954, 0x07E8,
0x0925, 0x07FD,
0x8925, 0x07FD,
0x8929, 0x0801,
0x0925, 0x07FD,
0x0924, 0x07FA,
0x8924, 0x07FA,
0x8928, 0x07FE,
0x0924, 0x07FA,
0x0922, 0x07FD,
0x8922, 0x07FD,
0x8926, 0x0801,
0x0922, 0x07FD,
0x091D, 0x07FB,
0x891D, 0x07FB,
0x8921, 0x07FF,
0x091D, 0x07FB,
0x0921, 0x07FD,
0x8921, 0x07FD,
0x8925, 0x0801,
0x0921, 0x07FD,
0x091B, 0x07FE,
0x891B, 0x07FE,
0x891F, 0x0802,
0x091B, 0x07FE,
0x0915, 0x07FB,
0x8915, 0x07FB,
0x8919, 0x07FF,
0x0915, 0x07FB,
0x0916, 0x0801,
0x8916, 0x0801,
0x891A, 0x0805,
0x0916, 0x0801,
0x090F, 0x0802,
0x890F, 0x0802,
0x8913, 0x0806,
0x090F, 0x0802,
0x08EF, 0x0809,
0x88EF, 0x0809,
0x88F3, 0x080D,
0x08EF, 0x0809,
0x08F1, 0x0807,
0x88F1, 0x0807,
0x88F5, 0x080C,
0x08F1, 0x0807,
0x08ED, 0x080B,
0x88ED, 0x080B,
0x88F1, 0x080F,
0x08ED, 0x080B,
0x08EA, 0x0809,
0x88EA, 0x0809,
0x88EE, 0x080D,
0x08EA, 0x0809,
0x08FA, 0x0808,
0x88FA, 0x0808,
0x88FE, 0x080C,
0x08FA, 0x0808,
0x08F6, 0x0805,
0x88F6, 0x0805,
0x88FA, 0x0809,
0x08F6, 0x0805,
0x0903, 0x0807,
0x8903, 0x0807,
0x8907, 0x080B,
0x0903, 0x0807,
0x08FA, 0x0807,
0x88FA, 0x0807,
0x88FE, 0x080B,
0x08FA, 0x0807,
0x08EC, 0x080A,
0x88EC, 0x080A,
0x88F0, 0x080E,
0x08EC, 0x080A,
0x08C1, 0x0817,
0x88C1, 0x0817,
0x88C5, 0x081B,
0x08C1, 0x0817,
0x08CB, 0x0814,
0x88CB, 0x0814,
0x88CF, 0x0818,
0x08CB, 0x0814,
0x08C6, 0x0814,
0x88C6, 0x0814,
0x88CA, 0x0819,
0x08C6, 0x0814,
0x08D0, 0x0817,
0x88D0, 0x0817,
0x88D4, 0x081B,
0x08D0, 0x0817,
0x08CE, 0x0818,
0x88CE, 0x0818,
0x88D2, 0x081C,
0x08CE, 0x0818,
0x08C9, 0x0814,
0x88C9, 0x0814,
0x88CD, 0x0818,
0x08C9, 0x0814,
0x08D9, 0x0811,
0x88D9, 0x0811,
0x88DD, 0x0815,
0x08D9, 0x0811,
0x08C7, 0x0816,
0x88C7, 0x0816,
0x88CB, 0x081A,
0x08C7, 0x0816,
0x08D8, 0x080E,
0x88D8, 0x080E,
0x88DC, 0x0812,
0x08D8, 0x080E,
0x08D1, 0x080F,
0x88D1, 0x080F,
0x88D6, 0x0813,
0x08D1, 0x080F,
0x08D8, 0x080F,
0x88D8, 0x080F,
0x88DC, 0x0813,
0x08D8, 0x080F,
0x08CE, 0x0815,
0x88CE, 0x0815,
0x88D2, 0x081A,
0x08CE, 0x0815,
0x08CB, 0x0815,
0x88CB, 0x0815,
0x88CF, 0x0819,
0x08CB, 0x0815,
0x08D0, 0x0812,
0x88D0, 0x0812,
0x88D4, 0x0816,
0x08D0, 0x0812,
0x08C9, 0x0813,
0x88C9, 0x0813,
0x88CD, 0x0817,
0x08C9, 0x0813,
0x08CA, 0x0813,
0x88CA, 0x0813,
0x88CE, 0x0817,
0x08CA, 0x0813,
0x0896, 0x082C,
0x8896, 0x082C,
0x889A, 0x0830,
0x0896, 0x082C,
0x0894, 0x082B,
0x8894, 0x082B,
0x8898, 0x082F,
0x0894, 0x082B,
0x089D, 0x082A,
0x889D, 0x082A,
0x88A1, 0x082E,
0x089D, 0x082A,
0x089F, 0x082A,
0x889F, 0x082A,
0x88A3, 0x082E,
0x089F, 0x082A,
0x08A8, 0x0824,
0x88A8, 0x0824,
0x88AC, 0x0828,
0x08A8, 0x0824,
0x08A3, 0x0828,
0x88A3, 0x0828,
0x88A7, 0x082C,
0x08A3, 0x0828,
0x08AF, 0x0820,
0x88AF, 0x0820,
0x88B3, 0x0824,
0x08AF, 0x0820,
0x08B5, 0x0821,
0x88B5, 0x0821,
0x88B9, 0x0826,
0x08B5, 0x0821,
0x08BE, 0x081D,
0x88BE, 0x081D,
0x88C2, 0x0821,
0x08BE, 0x081D,
0x08B5, 0x081A,
0x88B5, 0x081A,
0x88B9, 0x081E,
0x08B5, 0x081A,
0x08B5, 0x081A,
0x88B5, 0x081A,
0x88BA, 0x081E,
0x08B5, 0x081A,
0x08BD, 0x081C,
0x88BD, 0x081C,
0x88C1, 0x0820,
0x08BD, 0x081C,
0x088A, 0x082C,
0x888A, 0x082C,
0x888F, 0x0830,
0x088A, 0x082C,
0x0891, 0x082E,
0x8891, 0x082E,
0x8895, 0x0832,
0x0891, 0x082E,
0x0889, 0x082D,
0x8889, 0x082D,
0x888D, 0x0831,
0x0889, 0x082D,
0x088D, 0x082E,
0x888D, 0x082E,
0x8891, 0x0832,
0x088D, 0x082E,
0x0887, 0x082F,
0x8887, 0x082F,
0x888B, 0x0833,
0x0887, 0x082F,
0x088E, 0x082E,
0x888E, 0x082E,
0x8892, 0x0832,
0x088E, 0x082E,
0x0890, 0x082E,
0x8890, 0x082E,
0x8894, 0x0832,
0x0890, 0x082E,
0x087F, 0x081B,
0x887F, 0x081B,
0x8883, 0x0820,
0x087F, 0x081B,
0x0886, 0x081D,
0x8886, 0x081D,
0x888A, 0x0821,
0x0886, 0x081D,
0x0877, 0x0828,
0x8877, 0x0828,
0x887B, 0x082C,
0x0877, 0x0828,
0x086B, 0x080E,
0x886B, 0x080E,
0x886F, 0x0812,
0x086B, 0x080E,
0x0874, 0x0834,
0x8874, 0x0834,
0x8878, 0x0838,
0x0874, 0x0834,
0x086C, 0x081F,
0x886C, 0x081F,
0x8870, 0x0824,
0x086C, 0x081F,
0x0873, 0x082A,
0x8873, 0x082A,
0x8877, 0x082E,
0x0873, 0x082A,
0x0873, 0x082C,
0x8873, 0x082C,
0x8877, 0x0830,
0x0873, 0x082C,
0x086B, 0x0813,
0x886B, 0x0813,
0x886F, 0x0817,
0x086B, 0x0813,
0x0869, 0x0816,
0x8869, 0x0816,
0x886D, 0x081A,
0x0869, 0x0816,
0x0869, 0x0831,
0x8869, 0x0831,
0x886E, 0x0835,
0x0869, 0x0831
};

const unsigned short draw_9[] PROGMEM = {
0x038E, 0x0876,
0x838E, 0x0876,
0x8397, 0x0877,
0x839D, 0x087B,
0x83A4, 0x087F,
0x83AA, 0x0885,
0x83AB, 0x088D,
0x83AB, 0x0895,
0x83AC, 0x089D,
0x83AE, 0x08A4,
0x83AF, 0x08AB,
0x83B1, 0x08B3,
0x83B5, 0x08BA,
0x83B8, 0x08C2,
0x83BA, 0x08C9,
0x83BD, 0x08D1,
0x83C0, 0x08D8,
0x83C3, 0x08E0,
0x83C4, 0x08E7,
0x83C8, 0x08EE,
0x83CC, 0x08F5,
0x83CE, 0x08FD,
0x83CF, 0x0905,
0x83D3, 0x090B,
0x83D5, 0x0913,
0x83D6, 0x091B,
0x83D9, 0x0922,
0x83DB, 0x092A,
0x83D9, 0x0931,
0x83D3, 0x0936,
0x83CB, 0x0937,
0x83C3, 0x0937,
0x83BA, 0x0938,
0x83B8, 0x093D,
0x83BA, 0x0945,
0x83BA, 0x094D,
0x83B8, 0x0954,
0x83B7, 0x095C,
0x83B7, 0x0964,
0x83B7, 0x096C,
0x83B7, 0x0975,
0x83B7, 0x097D,
0x83B7, 0x0985,
0x83B7, 0x098D,
0x83B7, 0x0995,
0x83B7, 0x099D,
0x83B9, 0x09A5,
0x83BA, 0x09AD,
0x83BD, 0x09B4,
0x83C1, 0x09BB,
0x83BD, 0x09C1,
0x83B6, 0x09C5,
0x83AE, 0x09C7,
0x83A6, 0x09C6,
0x83A1, 0x09C0,
0x839B, 0x09BB,
0x8393, 0x09BB,
0x838B, 0x09BD,
0x8384, 0x09BB,
0x837D, 0x09B9,
0x8375, 0x09B9,
0x836E, 0x09B6,
0x8368, 0x09B1,
0x8368, 0x09A9,
0x836D, 0x09A3,
0x8372, 0x099D,
0x8378, 0x0998,
0x837B, 0x0990,
0x838E, 0x0998,
0x838F, 0x099F,
0x8395, 0x09A4,
0x839C, 0x09A4,
0x839E, 0x099C,
0x839E, 0x0994,
0x839C, 0x098D,
0x839D, 0x0985,
0x839A, 0x0983,
0x8394, 0x098A,
0x8393, 0x0992,
0x838E, 0x0998,
0x837B, 0x0990,
0x837E, 0x0989,
0x8380, 0x0982,
0x8385, 0x097C,
0x8389, 0x0975,
0x838C, 0x096D,
0x8391, 0x0967,
0x8393, 0x095F,
0x8398, 0x0959,
0x839D, 0x0952,
0x83A2, 0x094D,
0x83A8, 0x0949,
0x83AA, 0x0941,
0x83AF, 0x093B,
0x83A9, 0x0937,
0x83A2, 0x0937,
0x839A, 0x0938,
0x8394, 0x093E,
0x838C, 0x093F,
0x8388, 0x0938,
0x8388, 0x0931,
0x838C, 0x092A,
0x8394, 0x0928,
0x839B, 0x0925,
0x83A3, 0x0924,
0x83AB, 0x0924,
0x83B3, 0x0924,
0x83BC, 0x0924,
0x83C1, 0x0920,
0x83C1, 0x0918,
0x83BD, 0x0912,
0x83BA, 0x090A,
0x83B9, 0x0902,
0x83B5, 0x08FC,
0x83B3, 0x08F4,
0x83B0, 0x08ED,
0x83AE, 0x08E5,
0x83AA, 0x08DE,
0x83A9, 0x08D7,
0x83A3, 0x08D4,
0x83A0, 0x08DB,
0x839F, 0x08E3,
0x839F, 0x08EB,
0x839F, 0x08F3,
0x839C, 0x08FA,
0x839A, 0x0902,
0x839A, 0x090A,
0x839A, 0x0912,
0x8398, 0x0919,
0x8392, 0x091F,
0x838B, 0x091F,
0x8386, 0x0919,
0x8386, 0x0910,
0x8387, 0x0909,
0x838B, 0x0901,
0x838C, 0x08FB,
0x838A, 0x08F3,
0x838B, 0x08EB,
0x838A, 0x08E3,
0x838E, 0x08DB,
0x8391, 0x08D4,
0x8390, 0x08CC,
0x8390, 0x08C4,
0x8391, 0x08BC,
0x8392, 0x08B4,
0x8393, 0x08AC,
0x838E, 0x08A9,
0x838A, 0x08B1,
0x8384, 0x08B4,
0x8380, 0x08BB,
0x837B, 0x08C1,
0x8374, 0x08C6,
0x836D, 0x08C8,
0x8365, 0x08CC,
0x835F, 0x08D0,
0x8357, 0x08D2,
0x8350, 0x08D6,
0x8349, 0x08DA,
0x8342, 0x08DC,
0x833C, 0x08E1,
0x8338, 0x08E8,
0x8333, 0x08EE,
0x832C, 0x08F2,
0x8327, 0x08F8,
0x8321, 0x08FD,
0x831C, 0x0903,
0x8317, 0x0908,
0x8312, 0x090F,
0x830C, 0x0914,
0x830B, 0x091D,
0x830A, 0x0924,
0x8307, 0x092C,
0x8304, 0x0933,
0x8305, 0x093B,
0x8308, 0x0942,
0x830E, 0x0947,
0x8312, 0x094E,
0x8316, 0x0954,
0x831C, 0x095A,
0x8323, 0x095E,
0x832B, 0x095F,
0x8333, 0x095E,
0x833B, 0x095F,
0x8341, 0x0963,
0x8349, 0x0966,
0x8351, 0x0967,
0x8359, 0x096A,
0x8360, 0x096D,
0x8367, 0x0970,
0x836D, 0x0976,
0x8374, 0x0979,
0x8377, 0x0981,
0x8375, 0x0988,
0x836E, 0x098A,
0x8367, 0x0986,
0x8360, 0x0984,
0x8358, 0x0982,
0x8350, 0x097F,
0x834A, 0x097B,
0x8342, 0x0979,
0x833A, 0x0977,
0x8333, 0x0975,
0x832B, 0x0973,
0x8324, 0x0973,
0x831D, 0x096E,
0x8317, 0x0973,
0x8308, 0x0969,
0x8306, 0x0962,
0x8301, 0x095C,
0x82FE, 0x0956,
0x82F8, 0x0950,
0x82F5, 0x094F,
0x82F2, 0x0957,
0x82F0, 0x095E,
0x82ED, 0x0964,
0x82EB, 0x096C,
0x82E7, 0x0972,
0x82E7, 0x0978,
0x82ED, 0x0976,
0x82F4, 0x0972,
0x82FA, 0x096E,
0x8301, 0x096A,
0x8308, 0x0969,
0x8317, 0x0973,
0x8311, 0x0979,
0x830C, 0x097E,
0x8305, 0x0982,
0x82FD, 0x0983,
0x82F7, 0x0988,
0x82F1, 0x098D,
0x82EB, 0x0990,
0x82E3, 0x0993,
0x82DC, 0x0997,
0x82D7, 0x099C,
0x82CE, 0x099D,
0x82C7, 0x099B,
0x82C2, 0x0994,
0x82C2, 0x098C,
0x82C7, 0x0987,
0x82CB, 0x0980,
0x82CD, 0x0978,
0x82D1, 0x0971,
0x82D4, 0x096A,
0x82D6, 0x0962,
0x82D8, 0x095A,
0x82DB, 0x0954,
0x82DE, 0x094C,
0x82E0, 0x0944,
0x82E0, 0x093C,
0x82E0, 0x0934,
0x82E1, 0x092D,
0x82E6, 0x0926,
0x82EB, 0x0921,
0x82E8, 0x0919,
0x82E4, 0x0913,
0x82DF, 0x090C,
0x82DB, 0x0906,
0x82D5, 0x0900,
0x82D0, 0x08FA,
0x82CC, 0x08F3,
0x82C8, 0x08ED,
0x82C2, 0x08E8,
0x82BC, 0x08E2,
0x82B7, 0x08DC,
0x82B0, 0x08D7,
0x82AA, 0x08D3,
0x82A8, 0x08CB,
0x82AC, 0x08C5,
0x82B3, 0x08C0,
0x82BB, 0x08C0,
0x82C3, 0x08C0,
0x82CA, 0x08C0,
0x82D0, 0x08C6,
0x82D7, 0x08CB,
0x82DE, 0x08CC,
0x82E6, 0x08CF,
0x82ED, 0x08D0,
0x82F3, 0x08D6,
0x82FB, 0x08D7,
0x8303, 0x08D7,
0x8307, 0x08EA,
0x82FF, 0x08EA,
0x82F7, 0x08EA,
0x82EF, 0x08EA,
0x82E9, 0x08EA,
0x82EC, 0x08F2,
0x82EF, 0x08F9,
0x82F3, 0x0900,
0x82F9, 0x0903,
0x82FF, 0x08FE,
0x8303, 0x08F7,
0x8308, 0x08F1,
0x830D, 0x08EC,
0x8307, 0x08EA,
0x8303, 0x08D7,
0x830B, 0x08D7,
0x8314, 0x08D7,
0x831C, 0x08D7,
0x8322, 0x08D3,
0x8329, 0x08CF,
0x832F, 0x08CA,
0x8336, 0x08C7,
0x833C, 0x08C1,
0x8344, 0x08C0,
0x834C, 0x08C0,
0x8354, 0x08C1,
0x835B, 0x08BF,
0x8362, 0x08BC,
0x8367, 0x08B6,
0x8369, 0x08AF,
0x8370, 0x08AA,
0x8377, 0x08A5,
0x837C, 0x08A0,
0x8382, 0x089A,
0x8388, 0x0894,
0x838E, 0x0891,
0x838C, 0x088A,
0x8388, 0x0882,
0x838A, 0x087C,
0x838E, 0x0876,
0x038E, 0x0876,
0x03D2, 0x092A,
0x83D2, 0x092A,
0x83D6, 0x092E,
0x03D2, 0x092A,
0x03D1, 0x0925,
0x83D1, 0x0925,
0x83D5, 0x0929,
0x03D1, 0x0925,
0x03CF, 0x092D,
0x83CF, 0x092D,
0x83D3, 0x0931,
0x03CF, 0x092D,
0x03CC, 0x0913,
0x83CC, 0x0913,
0x83D0, 0x0917,
0x03CC, 0x0913,
0x03C7, 0x0919,
0x83C7, 0x0919,
0x83CB, 0x091D,
0x03C7, 0x0919,
0x03CD, 0x0910,
0x83CD, 0x0910,
0x83D1, 0x0915,
0x03CD, 0x0910,
0x03C6, 0x090F,
0x83C6, 0x090F,
0x83CA, 0x0913,
0x03C6, 0x090F,
0x03CA, 0x0910,
0x83CA, 0x0910,
0x83CE, 0x0914,
0x03CA, 0x0910,
0x03C4, 0x0909,
0x83C4, 0x0909,
0x83C8, 0x090D,
0x03C4, 0x0909,
0x03C6, 0x090D,
0x83C6, 0x090D,
0x83CA, 0x0911,
0x03C6, 0x090D,
0x03C7, 0x090C,
0x83C7, 0x090C,
0x83CB, 0x0910,
0x03C7, 0x090C,
0x03C0, 0x090A,
0x83C0, 0x090A,
0x83C4, 0x090F,
0x03C0, 0x090A,
0x03BF, 0x08FD,
0x83BF, 0x08FD,
0x83C3, 0x0901,
0x03BF, 0x08FD,
0x03BF, 0x08F8,
0x83BF, 0x08F8,
0x83C3, 0x08FC,
0x03BF, 0x08F8,
0x03BC, 0x08F9,
0x83BC, 0x08F9,
0x83C0, 0x08FD,
0x03BC, 0x08F9,
0x03BF, 0x08F5,
0x83BF, 0x08F5,
0x83C3, 0x08F9,
0x03BF, 0x08F5,
0x03C0, 0x08F8,
0x83C0, 0x08F8,
0x83C4, 0x08FC,
0x03C0, 0x08F8,
0x03BD, 0x08F3,
0x83BD, 0x08F3,
0x83C1, 0x08F7,
0x03BD, 0x08F3,
0x03BD, 0x08EE,
0x83BD, 0x08EE,
0x83C1, 0x08F2,
0x03BD, 0x08EE,
0x03BA, 0x08EF,
0x83BA, 0x08EF,
0x83BE, 0x08F3,
0x03BA, 0x08EF,
0x03B3, 0x08E6,
0x83B3, 0x08E6,
0x83B8, 0x08EA,
0x03B3, 0x08E6,
0x03B7, 0x08E4,
0x83B7, 0x08E4,
0x83BB, 0x08E8,
0x03B7, 0x08E4,
0x03B7, 0x08D6,
0x83B7, 0x08D6,
0x83BB, 0x08DB,
0x03B7, 0x08D6,
0x03B4, 0x08E3,
0x83B4, 0x08E3,
0x83B8, 0x08E7,
0x03B4, 0x08E3,
0x03B6, 0x08D5,
0x83B6, 0x08D5,
0x83BA, 0x08D9,
0x03B6, 0x08D5,
0x03B3, 0x08DE,
0x83B3, 0x08DE,
0x83B8, 0x08E2,
0x03B3, 0x08DE,
0x03B6, 0x08D1,
0x83B6, 0x08D1,
0x83BA, 0x08D5,
0x03B6, 0x08D1,
0x03B0, 0x08D3,
0x83B0, 0x08D3,
0x83B4, 0x08D7,
0x03B0, 0x08D3,
0x03B3, 0x08E2,
0x83B3, 0x08E2,
0x83B7, 0x08E6,
0x03B3, 0x08E2,
0x03B1, 0x08CC,
0x83B1, 0x08CC,
0x83B5, 0x08D0,
0x03B1, 0x08CC,
0x03AE, 0x08DA,
0x83AE, 0x08DA,
0x83B2, 0x08DE,
0x03AE, 0x08DA,
0x03AF, 0x08BF,
0x83AF, 0x08BF,
0x83B3, 0x08C3,
0x03AF, 0x08BF,
0x03AF, 0x08BE,
0x83AF, 0x08BE,
0x83B3, 0x08C2,
0x03AF, 0x08BE,
0x039E, 0x08A6,
0x839E, 0x08A6,
0x83A2, 0x08AA,
0x039E, 0x08A6,
0x0397, 0x08B6,
0x8397, 0x08B6,
0x839B, 0x08BA,
0x0397, 0x08B6,
0x039B, 0x08AF,
0x839B, 0x08AF,
0x839F, 0x08B3,
0x039B, 0x08AF,
0x03A4, 0x08A4,
0x83A4, 0x08A4,
0x83A8, 0x08A8,
0x03A4, 0x08A4,
0x03A4, 0x08B3,
0x83A4, 0x08B3,
0x83A8, 0x08B7,
0x03A4, 0x08B3,
0x03A0, 0x08AA,
0x83A0, 0x08AA,
0x83A4, 0x08AE,
0x03A0, 0x08AA,
0x03A4, 0x08C7,
0x83A4, 0x08C7,
0x83A8, 0x08CB,
0x03A4, 0x08C7,
0x03A5, 0x08AE,
0x83A5, 0x08AE,
0x83A9, 0x08B3,
0x03A5, 0x08AE,
0x039E, 0x08BC,
0x839E, 0x08BC,
0x83A2, 0x08C1,
0x039E, 0x08BC,
0x03A3, 0x08C6,
0x83A3, 0x08C6,
0x83A7, 0x08CA,
0x03A3, 0x08C6,
0x03A6, 0x08AF,
0x83A6, 0x08AF,
0x83AB, 0x08B3,
0x03A6, 0x08AF,
0x03A3, 0x08B4,
0x83A3, 0x08B4,
0x83A7, 0x08B8,
0x03A3, 0x08B4,
0x03A0, 0x08C4,
0x83A0, 0x08C4,
0x83A4, 0x08C8,
0x03A0, 0x08C4,
0x03A8, 0x08AF,
0x83A8, 0x08AF,
0x83AC, 0x08B4,
0x03A8, 0x08AF,
0x03AB, 0x08C3,
0x83AB, 0x08C3,
0x83AF, 0x08C8,
0x03AB, 0x08C3,
0x03A9, 0x08C5,
0x83A9, 0x08C5,
0x83AD, 0x08C9,
0x03A9, 0x08C5,
0x03A8, 0x08CC,
0x83A8, 0x08CC,
0x83AC, 0x08D0,
0x03A8, 0x08CC,
0x03AE, 0x08BB,
0x83AE, 0x08BB,
0x83B3, 0x08BF,
0x03AE, 0x08BB,
0x03C2, 0x092F,
0x83C2, 0x092F,
0x83C6, 0x0934,
0x03C2, 0x092F,
0x03C1, 0x093D,
0x83C1, 0x093D,
0x83C5, 0x0941,
0x03C1, 0x093D,
0x03BE, 0x0942,
0x83BE, 0x0942,
0x83C2, 0x0946,
0x03BE, 0x0942,
0x03B1, 0x094A,
0x83B1, 0x094A,
0x83B6, 0x094E,
0x03B1, 0x094A,
0x03B0, 0x0943,
0x83B0, 0x0943,
0x83B4, 0x0947,
0x03B0, 0x0943,
0x03A8, 0x0993,
0x83A8, 0x0993,
0x83AC, 0x0997,
0x03A8, 0x0993,
0x03B1, 0x094B,
0x83B1, 0x094B,
0x83B5, 0x0950,
0x03B1, 0x094B,
0x03BB, 0x0928,
0x83BB, 0x0928,
0x83BF, 0x092C,
0x03BB, 0x0928,
0x03BB, 0x0929,
0x83BB, 0x0929,
0x83BF, 0x092D,
0x03BB, 0x0929,
0x03B9, 0x0927,
0x83B9, 0x0927,
0x83BD, 0x092B,
0x03B9, 0x0927,
0x03AE, 0x0930,
0x83AE, 0x0930,
0x83B2, 0x0934,
0x03AE, 0x0930,
0x03AF, 0x0929,
0x83AF, 0x0929,
0x83B3, 0x092D,
0x03AF, 0x0929,
0x03A9, 0x0999,
0x83A9, 0x0999,
0x83AD, 0x099E,
0x03A9, 0x0999,
0x03AB, 0x099D,
0x83AB, 0x099D,
0x83AF, 0x09A1,
0x03AB, 0x099D,
0x03AC, 0x09A2,
0x83AC, 0x09A2,
0x83B0, 0x09A6,
0x03AC, 0x09A2,
0x03B0, 0x09A6,
0x83B0, 0x09A6,
0x83B4, 0x09AA,
0x03B0, 0x09A6,
0x03AE, 0x09A4,
0x83AE, 0x09A4,
0x83B2, 0x09A8,
0x03AE, 0x09A4,
0x03B0, 0x09A8,
0x83B0, 0x09A8,
0x83B4, 0x09AC,
0x03B0, 0x09A8,
0x03A7, 0x09A1,
0x83A7, 0x09A1,
0x83AB, 0x09A5,
0x03A7, 0x09A1,
0x039E, 0x09A9,
0x839E, 0x09A9,
0x83A2, 0x09AD,
0x039E, 0x09A9,
0x03A8, 0x09B8,
0x83A8, 0x09B8,
0x83AC, 0x09BC,
0x03A8, 0x09B8,
0x03A7, 0x09B4,
0x83A7, 0x09B4,
0x83AB, 0x09B8,
0x03A7, 0x09B4,
0x03A4, 0x09B2,
0x83A4, 0x09B2,
0x83A8, 0x09B6,
0x03A4, 0x09B2,
0x03A6, 0x09B4,
0x83A6, 0x09B4,
0x83AA, 0x09B8,
0x03A6, 0x09B4,
0x03A0, 0x09B1,
0x83A0, 0x09B1,
0x83A4, 0x09B5,
0x03A0, 0x09B1,
0x039A, 0x09AC,
0x839A, 0x09AC,
0x839F, 0x09B0,
0x039A, 0x09AC,
0x03A6, 0x09BA,
0x83A6, 0x09BA,
0x83AA, 0x09BE,
0x03A6, 0x09BA,
0x03A4, 0x096E,
0x83A4, 0x096E,
0x83A8, 0x0972,
0x03A4, 0x096E,
0x03A5, 0x096B,
0x83A5, 0x096B,
0x83A9, 0x096F,
0x03A5, 0x096B,
0x03A4, 0x0967,
0x83A4, 0x0967,
0x83A8, 0x096B,
0x03A4, 0x0967,
0x03A5, 0x0961,
0x83A5, 0x0961,
0x83A9, 0x0965,
0x03A5, 0x0961,
0x03A2, 0x0974,
0x83A2, 0x0974,
0x83A6, 0x0978,
0x03A2, 0x0974,
0x03A7, 0x095A,
0x83A7, 0x095A,
0x83AB, 0x095E,
0x03A7, 0x095A,
0x03A8, 0x0951,
0x83A8, 0x0951,
0x83AC, 0x0955,
0x03A8, 0x0951,
0x03A3, 0x0969,
0x83A3, 0x0969,
0x83A7, 0x096D,
0x03A3, 0x0969,
0x03A9, 0x0950,
0x83A9, 0x0950,
0x83AD, 0x0954,
0x03A9, 0x0950,
0x03A6, 0x0957,
0x83A6, 0x0957,
0x83AA, 0x095C,
0x03A6, 0x0957,
0x03A3, 0x095A,
0x83A3, 0x095A,
0x83A7, 0x095E,
0x03A3, 0x095A,
0x03A2, 0x0968,
0x83A2, 0x0968,
0x83A6, 0x096C,
0x03A2, 0x0968,
0x039F, 0x092C,
0x839F, 0x092C,
0x83A3, 0x0930,
0x039F, 0x092C,
0x03A3, 0x092C,
0x83A3, 0x092C,
0x83A7, 0x0931,
0x03A3, 0x092C,
0x039C, 0x092F,
0x839C, 0x092F,
0x83A0, 0x0933,
0x039C, 0x092F,
0x039A, 0x092B,
0x839A, 0x092B,
0x839E, 0x0930,
0x039A, 0x092B,
0x039C, 0x092B,
0x839C, 0x092B,
0x83A0, 0x0930,
0x039C, 0x092B,
0x039F, 0x0929,
0x839F, 0x0929,
0x83A3, 0x092D,
0x039F, 0x0929,
0x039A, 0x092D,
0x839A, 0x092D,
0x839E, 0x0931,
0x039A, 0x092D,
0x0391, 0x092D,
0x8391, 0x092D,
0x8395, 0x0931,
0x0391, 0x092D,
0x0391, 0x0931,
0x8391, 0x0931,
0x8396, 0x0935,
0x0391, 0x0931,
0x0396, 0x092D,
0x8396, 0x092D,
0x839A, 0x0931,
0x0396, 0x092D,
0x0394, 0x092D,
0x8394, 0x092D,
0x8399, 0x0931,
0x0394, 0x092D,
0x0393, 0x092F,
0x8393, 0x092F,
0x8397, 0x0933,
0x0393, 0x092F,
0x0394, 0x0969,
0x8394, 0x0969,
0x8399, 0x096D,
0x0394, 0x0969,
0x0394, 0x0977,
0x8394, 0x0977,
0x8398, 0x097B,
0x0394, 0x0977,
0x0395, 0x097A,
0x8395, 0x097A,
0x8399, 0x097E,
0x0395, 0x097A,
0x0397, 0x0976,
0x8397, 0x0976,
0x839B, 0x097B,
0x0397, 0x0976,
0x0391, 0x0971,
0x8391, 0x0971,
0x8395, 0x0975,
0x0391, 0x0971,
0x0395, 0x097B,
0x8395, 0x097B,
0x8399, 0x097F,
0x0395, 0x097B,
0x0395, 0x096D,
0x8395, 0x096D,
0x8399, 0x0971,
0x0395, 0x096D,
0x0395, 0x08E9,
0x8395, 0x08E9,
0x8399, 0x08ED,
0x0395, 0x08E9,
0x038E, 0x08EF,
0x838E, 0x08EF,
0x8392, 0x08F3,
0x038E, 0x08EF,
0x0394, 0x08EA,
0x8394, 0x08EA,
0x8398, 0x08EE,
0x0394, 0x08EA,
0x0390, 0x08E3,
0x8390, 0x08E3,
0x8395, 0x08E7,
0x0390, 0x08E3,
0x0393, 0x08F3,
0x8393, 0x08F3,
0x8397, 0x08F7,
0x0393, 0x08F3,
0x0392, 0x08E9,
0x8392, 0x08E9,
0x8397, 0x08ED,
0x0392, 0x08E9,
0x0392, 0x08F3,
0x8392, 0x08F3,
0x8397, 0x08F7,
0x0392, 0x08F3,
0x0392, 0x08F4,
0x8392, 0x08F4,
0x8396, 0x08F8,
0x0392, 0x08F4,
0x0390, 0x090E,
0x8390, 0x090E,
0x8394, 0x0912,
0x0390, 0x090E,
0x038B, 0x0911,
0x838B, 0x0911,
0x838F, 0x0915,
0x038B, 0x0911,
0x038C, 0x0915,
0x838C, 0x0915,
0x8390, 0x0919,
0x038C, 0x0915,
0x0391, 0x097D,
0x8391, 0x097D,
0x8395, 0x0981,
0x0391, 0x097D,
0x038B, 0x097B,
0x838B, 0x097B,
0x838F, 0x0980,
0x038B, 0x097B,
0x0395, 0x09A9,
0x8395, 0x09A9,
0x839A, 0x09AD,
0x0395, 0x09A9,
0x0392, 0x099C,
0x8392, 0x099C,
0x8396, 0x09A0,
0x0392, 0x099C,
0x0384, 0x09A4,
0x8384, 0x09A4,
0x8388, 0x09A8,
0x0384, 0x09A4,
0x0389, 0x09A7,
0x8389, 0x09A7,
0x838D, 0x09AB,
0x0389, 0x09A7,
0x0380, 0x099B,
0x8380, 0x099B,
0x8384, 0x099F,
0x0380, 0x099B,
0x038B, 0x09B0,
0x838B, 0x09B0,
0x8390, 0x09B4,
0x038B, 0x09B0,
0x0389, 0x09AD,
0x8389, 0x09AD,
0x838D, 0x09B1,
0x0389, 0x09AD,
0x037A, 0x09A0,
0x837A, 0x09A0,
0x837E, 0x09A4,
0x037A, 0x09A0,
0x0384, 0x09A6,
0x8384, 0x09A6,
0x8388, 0x09AA,
0x0384, 0x09A6,
0x037C, 0x09A4,
0x837C, 0x09A4,
0x8380, 0x09A8,
0x037C, 0x09A4,
0x0380, 0x09AE,
0x8380, 0x09AE,
0x8385, 0x09B2,
0x0380, 0x09AE,
0x0385, 0x09B1,
0x8385, 0x09B1,
0x8389, 0x09B5,
0x0385, 0x09B1,
0x0383, 0x09AA,
0x8383, 0x09AA,
0x8387, 0x09AE,
0x0383, 0x09AA,
0x037D, 0x0998,
0x837D, 0x0998,
0x8381, 0x099C,
0x037D, 0x0998,
0x037B, 0x09B2,
0x837B, 0x09B2,
0x8380, 0x09B6,
0x037B, 0x09B2,
0x037C, 0x09A4,
0x837C, 0x09A4,
0x8380, 0x09A8,
0x037C, 0x09A4,
0x0381, 0x09B1,
0x8381, 0x09B1,
0x8385, 0x09B5,
0x0381, 0x09B1,
0x037D, 0x09B3,
0x837D, 0x09B3,
0x8382, 0x09B7,
0x037D, 0x09B3,
0x037A, 0x09B1,
0x837A, 0x09B1,
0x837E, 0x09B5,
0x037A, 0x09B1,
0x037A, 0x09A3,
0x837A, 0x09A3,
0x837E, 0x09A7,
0x037A, 0x09A3,
0x037B, 0x09A6,
0x837B, 0x09A6,
0x837F, 0x09AA,
0x037B, 0x09A6,
0x036C, 0x09AD,
0x836C, 0x09AD,
0x8370, 0x09B1,
0x036C, 0x09AD,
0x035A, 0x0977,
0x835A, 0x0977,
0x835E, 0x097B,
0x035A, 0x0977,
0x0356, 0x096F,
0x8356, 0x096F,
0x835A, 0x0973,
0x0356, 0x096F,
0x0352, 0x096C,
0x8352, 0x096C,
0x8356, 0x0970,
0x0352, 0x096C,
0x035B, 0x0970,
0x835B, 0x0970,
0x835F, 0x0974,
0x035B, 0x0970,
0x0355, 0x0971,
0x8355, 0x0971,
0x8359, 0x0975,
0x0355, 0x0971,
0x0363, 0x097B,
0x8363, 0x097B,
0x8367, 0x097F,
0x0363, 0x097B,
0x0356, 0x0970,
0x8356, 0x0970,
0x835A, 0x0974,
0x0356, 0x0970,
0x0363, 0x0978,
0x8363, 0x0978,
0x8367, 0x097C,
0x0363, 0x0978,
0x035B, 0x0972,
0x835B, 0x0972,
0x835F, 0x0976,
0x035B, 0x0972,
0x0356, 0x096F,
0x8356, 0x096F,
0x835B, 0x0973,
0x0356, 0x096F,
0x0359, 0x096F,
0x8359, 0x096F,
0x835E, 0x0973,
0x0359, 0x096F,
0x0330, 0x0962,
0x8330, 0x0962,
0x8334, 0x0966,
0x0330, 0x0962,
0x0331, 0x0962,
0x8331, 0x0962,
0x8335, 0x0966,
0x0331, 0x0962,
0x0332, 0x0963,
0x8332, 0x0963,
0x8337, 0x0967,
0x0332, 0x0963,
0x033A, 0x0964,
0x833A, 0x0964,
0x833E, 0x0968,
0x033A, 0x0964,
0x0345, 0x096F,
0x8345, 0x096F,
0x8349, 0x0973,
0x0345, 0x096F,
0x033D, 0x0965,
0x833D, 0x0965,
0x8341, 0x0969,
0x033D, 0x0965,
0x033C, 0x0969,
0x833C, 0x0969,
0x8340, 0x096D,
0x033C, 0x0969,
0x033E, 0x096E,
0x833E, 0x096E,
0x8342, 0x0972,
0x033E, 0x096E,
0x033E, 0x0966,
0x833E, 0x0966,
0x8342, 0x096A,
0x033E, 0x0966,
0x0345, 0x096D,
0x8345, 0x096D,
0x8349, 0x0971,
0x0345, 0x096D,
0x0343, 0x096B,
0x8343, 0x096B,
0x8348, 0x096F,
0x0343, 0x096B,
0x032F, 0x0961,
0x832F, 0x0961,
0x8333, 0x0966,
0x032F, 0x0961,
0x033F, 0x096D,
0x833F, 0x096D,
0x8343, 0x0971,
0x033F, 0x096D,
0x034A, 0x0974,
0x834A, 0x0974,
0x834E, 0x0978,
0x034A, 0x0974,
0x0336, 0x0966,
0x8336, 0x0966,
0x833A, 0x096A,
0x0336, 0x0966,
0x0338, 0x096E,
0x8338, 0x096E,
0x833C, 0x0972,
0x0338, 0x096E,
0x0339, 0x0970,
0x8339, 0x0970,
0x833D, 0x0974,
0x0339, 0x0970,
0x0331, 0x096D,
0x8331, 0x096D,
0x8335, 0x0971,
0x0331, 0x096D,
0x0332, 0x096D,
0x8332, 0x096D,
0x8336, 0x0972,
0x0332, 0x096D,
0x0334, 0x096E,
0x8334, 0x096E,
0x8338, 0x0972,
0x0334, 0x096E,
0x032E, 0x096B,
0x832E, 0x096B,
0x8332, 0x096F,
0x032E, 0x096B,
0x0333, 0x096F,
0x8333, 0x096F,
0x8337, 0x0973,
0x0333, 0x096F,
0x0335, 0x096E,
0x8335, 0x096E,
0x8339, 0x0972,
0x0335, 0x096E,
0x032C, 0x096C,
0x832C, 0x096C,
0x8330, 0x0970,
0x032C, 0x096C,
0x0326, 0x096A,
0x8326, 0x096A,
0x832A, 0x096E,
0x0326, 0x096A,
0x0327, 0x096A,
0x8327, 0x096A,
0x832B, 0x096F,
0x0327, 0x096A,
0x0325, 0x0964,
0x8325, 0x0964,
0x8329, 0x0968,
0x0325, 0x0964,
0x031B, 0x095F,
0x831B, 0x095F,
0x8320, 0x0963,
0x031B, 0x095F,
0x031F, 0x0968,
0x831F, 0x0968,
0x8323, 0x096C,
0x031F, 0x0968,
0x030A, 0x095D,
0x830A, 0x095D,
0x830E, 0x0961,
0x030A, 0x095D,
0x0311, 0x0967,
0x8311, 0x0967,
0x8316, 0x096B,
0x0311, 0x0967,
0x0308, 0x094A,
0x8308, 0x094A,
0x830C, 0x094E,
0x0308, 0x094A,
0x0309, 0x0947,
0x8309, 0x0947,
0x830D, 0x094B,
0x0309, 0x0947,
0x0308, 0x095A,
0x8308, 0x095A,
0x830C, 0x095E,
0x0308, 0x095A,
0x0313, 0x095F,
0x8313, 0x095F,
0x8317, 0x0963,
0x0313, 0x095F,
0x0311, 0x095E,
0x8311, 0x095E,
0x8316, 0x0962,
0x0311, 0x095E,
0x0308, 0x095C,
0x8308, 0x095C,
0x830D, 0x0960,
0x0308, 0x095C,
0x0313, 0x0960,
0x8313, 0x0960,
0x8317, 0x0964,
0x0313, 0x0960,
0x030E, 0x0954,
0x830E, 0x0954,
0x8312, 0x0958,
0x030E, 0x0954,
0x030B, 0x0964,
0x830B, 0x0964,
0x830F, 0x0968,
0x030B, 0x0964,
0x0311, 0x096B,
0x8311, 0x096B,
0x8315, 0x096F,
0x0311, 0x096B,
0x030E, 0x0964,
0x830E, 0x0964,
0x8312, 0x0968,
0x030E, 0x0964,
0x030D, 0x0959,
0x830D, 0x0959,
0x8312, 0x095D,
0x030D, 0x0959,
0x030B, 0x096D,
0x830B, 0x096D,
0x8310, 0x0971,
0x030B, 0x096D,
0x0306, 0x096E,
0x8306, 0x096E,
0x830A, 0x0972,
0x0306, 0x096E,
0x0308, 0x096E,
0x8308, 0x096E,
0x830C, 0x0972,
0x0308, 0x096E,
0x0306, 0x096E,
0x8306, 0x096E,
0x830A, 0x0972,
0x0306, 0x096E,
0x0304, 0x096E,
0x8304, 0x096E,
0x8308, 0x0972,
0x0304, 0x096E,
0x0307, 0x0972,
0x8307, 0x0972,
0x830B, 0x0976,
0x0307, 0x0972,
0x0306, 0x0974,
0x8306, 0x0974,
0x830A, 0x0978,
0x0306, 0x0974,
0x02FC, 0x0975,
0x82FC, 0x0975,
0x8301, 0x0979,
0x02FC, 0x0975,
0x02F9, 0x097A,
0x82F9, 0x097A,
0x82FD, 0x097E,
0x02F9, 0x097A,
0x02F0, 0x097B,
0x82F0, 0x097B,
0x82F4, 0x097F,
0x02F0, 0x097B,
0x02F2, 0x097B,
0x82F2, 0x097B,
0x82F6, 0x097F,
0x02F2, 0x097B,
0x02E0, 0x0971,
0x82E0, 0x0971,
0x82E4, 0x0976,
0x02E0, 0x0971,
0x02DF, 0x097A,
0x82DF, 0x097A,
0x82E3, 0x097E,
0x02DF, 0x097A,
0x030D, 0x08F6,
0x830D, 0x08F6,
0x8311, 0x08FA,
0x030D, 0x08F6,
0x0303, 0x094D,
0x8303, 0x094D,
0x8307, 0x0951,
0x0303, 0x094D,
0x0302, 0x0952,
0x8302, 0x0952,
0x8306, 0x0956,
0x0302, 0x0952,
0x0307, 0x0952,
0x8307, 0x0952,
0x830B, 0x0957,
0x0307, 0x0952,
0x0306, 0x094A,
0x8306, 0x094A,
0x830A, 0x094E,
0x0306, 0x094A,
0x030F, 0x08FB,
0x830F, 0x08FB,
0x8313, 0x08FF,
0x030F, 0x08FB,
0x0319, 0x08E7,
0x8319, 0x08E7,
0x831D, 0x08EB,
0x0319, 0x08E7,
0x0314, 0x08F7,
0x8314, 0x08F7,
0x8318, 0x08FB,
0x0314, 0x08F7,
0x0317, 0x08F8,
0x8317, 0x08F8,
0x831B, 0x08FC,
0x0317, 0x08F8,
0x0322, 0x08E8,
0x8322, 0x08E8,
0x8326, 0x08EC,
0x0322, 0x08E8,
0x0325, 0x08DD,
0x8325, 0x08DD,
0x8329, 0x08E1,
0x0325, 0x08DD,
0x0321, 0x08EE,
0x8321, 0x08EE,
0x8326, 0x08F2,
0x0321, 0x08EE,
0x032D, 0x08E1,
0x832D, 0x08E1,
0x8331, 0x08E5,
0x032D, 0x08E1,
0x0329, 0x08E6,
0x8329, 0x08E6,
0x832E, 0x08EA,
0x0329, 0x08E6,
0x032C, 0x08E2,
0x832C, 0x08E2,
0x8330, 0x08E6,
0x032C, 0x08E2,
0x032F, 0x08DB,
0x832F, 0x08DB,
0x8333, 0x08DF,
0x032F, 0x08DB,
0x0333, 0x08D9,
0x8333, 0x08D9,
0x8337, 0x08DD,
0x0333, 0x08D9,
0x033A, 0x08CC,
0x833A, 0x08CC,
0x833E, 0x08D0,
0x033A, 0x08CC,
0x0337, 0x08CD,
0x8337, 0x08CD,
0x833B, 0x08D1,
0x0337, 0x08CD,
0x033F, 0x08D4,
0x833F, 0x08D4,
0x8343, 0x08D8,
0x033F, 0x08D4,
0x0345, 0x08CE,
0x8345, 0x08CE,
0x8349, 0x08D2,
0x0345, 0x08CE,
0x0347, 0x08CB,
0x8347, 0x08CB,
0x834B, 0x08CF,
0x0347, 0x08CB,
0x0347, 0x08CA,
0x8347, 0x08CA,
0x834B, 0x08CE,
0x0347, 0x08CA,
0x036C, 0x08B9,
0x836C, 0x08B9,
0x8370, 0x08BD,
0x036C, 0x08B9,
0x036F, 0x08B2,
0x836F, 0x08B2,
0x8373, 0x08B6,
0x036F, 0x08B2,
0x036D, 0x08BD,
0x836D, 0x08BD,
0x8371, 0x08C1,
0x036D, 0x08BD,
0x036C, 0x08B4,
0x836C, 0x08B4,
0x8370, 0x08B8,
0x036C, 0x08B4,
0x0373, 0x08B2,
0x8373, 0x08B2,
0x8377, 0x08B6,
0x0373, 0x08B2,
0x0370, 0x08B7,
0x8370, 0x08B7,
0x8374, 0x08BB,
0x0370, 0x08B7,
0x0378, 0x08B2,
0x8378, 0x08B2,
0x837C, 0x08B7,
0x0378, 0x08B2,
0x036E, 0x08B3,
0x836E, 0x08B3,
0x8372, 0x08B7,
0x036E, 0x08B3,
0x036E, 0x08B1,
0x836E, 0x08B1,
0x8372, 0x08B5,
0x036E, 0x08B1,
0x0371, 0x08B1,
0x8371, 0x08B1,
0x8375, 0x08B5,
0x0371, 0x08B1,
0x0381, 0x08A6,
0x8381, 0x08A6,
0x8385, 0x08AA,
0x0381, 0x08A6,
0x0382, 0x08A8,
0x8382, 0x08A8,
0x8386, 0x08AC,
0x0382, 0x08A8,
0x0384, 0x08A2,
0x8384, 0x08A2,
0x8388, 0x08A6,
0x0384, 0x08A2,
0x0381, 0x08A2,
0x8381, 0x08A2,
0x8385, 0x08A6,
0x0381, 0x08A2,
0x0387, 0x08A2,
0x8387, 0x08A2,
0x838B, 0x08A6,
0x0387, 0x08A2,
0x0389, 0x089E,
0x8389, 0x089E,
0x838D, 0x08A2,
0x0389, 0x089E,
0x0386, 0x089D,
0x8386, 0x089D,
0x838A, 0x08A1,
0x0386, 0x089D,
0x0387, 0x089E,
0x8387, 0x089E,
0x838B, 0x08A2,
0x0387, 0x089E,
0x039B, 0x0896,
0x839B, 0x0896,
0x839F, 0x089B,
0x039B, 0x0896,
0x0397, 0x0897,
0x8397, 0x0897,
0x839B, 0x089B,
0x0397, 0x0897,
0x039F, 0x089E,
0x839F, 0x089E,
0x83A3, 0x08A2,
0x039F, 0x089E,
0x03A4, 0x0896,
0x83A4, 0x0896,
0x83A8, 0x089A,
0x03A4, 0x0896,
0x0391, 0x087A,
0x8391, 0x087A,
0x8395, 0x087E,
0x0391, 0x087A,
0x038D, 0x0881,
0x838D, 0x0881,
0x8391, 0x0885,
0x038D, 0x0881,
0x0392, 0x087C,
0x8392, 0x087C,
0x8396, 0x0880,
0x0392, 0x087C,
0x0393, 0x0882,
0x8393, 0x0882,
0x8397, 0x0886,
0x0393, 0x0882,
0x038D, 0x0883,
0x838D, 0x0883,
0x8391, 0x0888,
0x038D, 0x0883,
0x0390, 0x087C,
0x8390, 0x087C,
0x8394, 0x0880,
0x0390, 0x087C,
0x0391, 0x0885,
0x8391, 0x0885,
0x8395, 0x0889,
0x0391, 0x0885,
0x0396, 0x0883,
0x8396, 0x0883,
0x839A, 0x0887,
0x0396, 0x0883,
0x038D, 0x0885,
0x838D, 0x0885,
0x8391, 0x0889,
0x038D, 0x0885,
0x039B, 0x087F,
0x839B, 0x087F,
0x839F, 0x0883,
0x039B, 0x087F,
0x0391, 0x087D,
0x8391, 0x087D,
0x8395, 0x0881,
0x0391, 0x087D,
0x0398, 0x0881,
0x8398, 0x0881,
0x839C, 0x0885,
0x0398, 0x0881,
0x0311, 0x08DD,
0x8311, 0x08DD,
0x8315, 0x08E1,
0x0311, 0x08DD,
0x0308, 0x08DA,
0x8308, 0x08DA,
0x830C, 0x08DE,
0x0308, 0x08DA,
0x030A, 0x08E3,
0x830A, 0x08E3,
0x830E, 0x08E7,
0x030A, 0x08E3,
0x030D, 0x08DF,
0x830D, 0x08DF,
0x8311, 0x08E3,
0x030D, 0x08DF,
0x030C, 0x08DC,
0x830C, 0x08DC,
0x8310, 0x08E0,
0x030C, 0x08DC,
0x0303, 0x0913,
0x8303, 0x0913,
0x8307, 0x0917,
0x0303, 0x0913,
0x0303, 0x0908,
0x8303, 0x0908,
0x8308, 0x090D,
0x0303, 0x0908,
0x02FE, 0x0948,
0x82FE, 0x0948,
0x8302, 0x094C,
0x02FE, 0x0948,
0x0304, 0x0901,
0x8304, 0x0901,
0x8308, 0x0905,
0x0304, 0x0901,
0x0302, 0x0904,
0x8302, 0x0904,
0x8306, 0x0908,
0x0302, 0x0904,
0x0306, 0x08FD,
0x8306, 0x08FD,
0x830A, 0x0901,
0x0306, 0x08FD,
0x02FF, 0x091B,
0x82FF, 0x091B,
0x8303, 0x091F,
0x02FF, 0x091B,
0x02F7, 0x0921,
0x82F7, 0x0921,
0x82FB, 0x0925,
0x02F7, 0x0921,
0x02FB, 0x0935,
0x82FB, 0x0935,
0x82FF, 0x0939,
0x02FB, 0x0935,
0x02EF, 0x092D,
0x82EF, 0x092D,
0x82F4, 0x0931,
0x02EF, 0x092D,
0x02F7, 0x092A,
0x82F7, 0x092A,
0x82FB, 0x092E,
0x02F7, 0x092A,
0x0302, 0x0904,
0x8302, 0x0904,
0x8306, 0x0908,
0x0302, 0x0904,
0x02EB, 0x093C,
0x82EB, 0x093C,
0x82F0, 0x0941,
0x02EB, 0x093C,
0x02E7, 0x092F,
0x82E7, 0x092F,
0x82EC, 0x0933,
0x02E7, 0x092F,
0x02EC, 0x0930,
0x82EC, 0x0930,
0x82F0, 0x0934,
0x02EC, 0x0930,
0x02F6, 0x092D,
0x82F6, 0x092D,
0x82FA, 0x0931,
0x02F6, 0x092D,
0x02E7, 0x094A,
0x82E7, 0x094A,
0x82EB, 0x094E,
0x02E7, 0x094A,
0x02E6, 0x094B,
0x82E6, 0x094B,
0x82EA, 0x094F,
0x02E6, 0x094B,
0x02E8, 0x094B,
0x82E8, 0x094B,
0x82EC, 0x094F,
0x02E8, 0x094B,
0x02F8, 0x0909,
0x82F8, 0x0909,
0x82FC, 0x090E,
0x02F8, 0x0909,
0x02F4, 0x090A,
0x82F4, 0x090A,
0x82F8, 0x090E,
0x02F4, 0x090A,
0x02F5, 0x0909,
0x82F5, 0x0909,
0x82F9, 0x090D,
0x02F5, 0x0909,
0x02F3, 0x090C,
0x82F3, 0x090C,
0x82F7, 0x0910,
0x02F3, 0x090C,
0x02EE, 0x090C,
0x82EE, 0x090C,
0x82F3, 0x0910,
0x02EE, 0x090C,
0x02F2, 0x0906,
0x82F2, 0x0906,
0x82F6, 0x090A,
0x02F2, 0x0906,
0x02F3, 0x0908,
0x82F3, 0x0908,
0x82F7, 0x090C,
0x02F3, 0x0908,
0x02E9, 0x0909,
0x82E9, 0x0909,
0x82EE, 0x090D,
0x02E9, 0x0909,
0x02ED, 0x0909,
0x82ED, 0x0909,
0x82F1, 0x090D,
0x02ED, 0x0909,
0x02EB, 0x0906,
0x82EB, 0x0906,
0x82EF, 0x090A,
0x02EB, 0x0906,
0x02E4, 0x0909,
0x82E4, 0x0909,
0x82E8, 0x090D,
0x02E4, 0x0909,
0x02E5, 0x0904,
0x82E5, 0x0904,
0x82E9, 0x0909,
0x02E5, 0x0904,
0x02E5, 0x08FF,
0x82E5, 0x08FF,
0x82E9, 0x0903,
0x02E5, 0x08FF,
0x02E1, 0x08FE,
0x82E1, 0x08FE,
0x82E5, 0x0902,
0x02E1, 0x08FE,
0x02E6, 0x08F6,
0x82E6, 0x08F6,
0x82EA, 0x08FA,
0x02E6, 0x08F6,
0x02E5, 0x08F2,
0x82E5, 0x08F2,
0x82E9, 0x08F6,
0x02E5, 0x08F2,
0x02E5, 0x08F4,
0x82E5, 0x08F4,
0x82E9, 0x08F8,
0x02E5, 0x08F4,
0x02FD, 0x08DD,
0x82FD, 0x08DD,
0x8301, 0x08E1,
0x02FD, 0x08DD,
0x02E5, 0x08F3,
0x82E5, 0x08F3,
0x82E9, 0x08F7,
0x02E5, 0x08F3,
0x02F3, 0x08DF,
0x82F3, 0x08DF,
0x82F7, 0x08E3,
0x02F3, 0x08DF,
0x02F3, 0x08E2,
0x82F3, 0x08E2,
0x82F7, 0x08E6,
0x02F3, 0x08E2,
0x02F1, 0x08E1,
0x82F1, 0x08E1,
0x82F6, 0x08E5,
0x02F1, 0x08E1,
0x02E3, 0x0949,
0x82E3, 0x0949,
0x82E7, 0x094D,
0x02E3, 0x0949,
0x02E9, 0x0954,
0x82E9, 0x0954,
0x82ED, 0x0958,
0x02E9, 0x0954,
0x02E1, 0x0954,
0x82E1, 0x0954,
0x82E5, 0x0958,
0x02E1, 0x0954,
0x02E8, 0x0959,
0x82E8, 0x0959,
0x82EC, 0x095D,
0x02E8, 0x0959,
0x02E3, 0x0956,
0x82E3, 0x0956,
0x82E8, 0x095A,
0x02E3, 0x0956,
0x02DF, 0x095F,
0x82DF, 0x095F,
0x82E4, 0x0963,
0x02DF, 0x095F,
0x02DF, 0x0961,
0x82DF, 0x0961,
0x82E4, 0x0965,
0x02DF, 0x0961,
0x02DD, 0x0963,
0x82DD, 0x0963,
0x82E1, 0x0967,
0x02DD, 0x0963,
0x02DF, 0x0967,
0x82DF, 0x0967,
0x82E3, 0x096B,
0x02DF, 0x0967,
0x02DB, 0x0966,
0x82DB, 0x0966,
0x82DF, 0x096A,
0x02DB, 0x0966,
0x02DC, 0x0966,
0x82DC, 0x0966,
0x82E0, 0x096A,
0x02DC, 0x0966,
0x02DC, 0x0969,
0x82DC, 0x0969,
0x82E0, 0x096D,
0x02DC, 0x0969,
0x02F5, 0x08DA,
0x82F5, 0x08DA,
0x82F9, 0x08DE,
0x02F5, 0x08DA,
0x02F1, 0x08DB,
0x82F1, 0x08DB,
0x82F5, 0x08DF,
0x02F1, 0x08DB,
0x02EC, 0x08DE,
0x82EC, 0x08DE,
0x82F0, 0x08E2,
0x02EC, 0x08DE,
0x02F2, 0x08DB,
0x82F2, 0x08DB,
0x82F6, 0x08DF,
0x02F2, 0x08DB,
0x02D9, 0x08EA,
0x82D9, 0x08EA,
0x82DD, 0x08EE,
0x02D9, 0x08EA,
0x02E1, 0x08E0,
0x82E1, 0x08E0,
0x82E5, 0x08E4,
0x02E1, 0x08E0,
0x02E2, 0x08DF,
0x82E2, 0x08DF,
0x82E6, 0x08E3,
0x02E2, 0x08DF,
0x02EA, 0x08DB,
0x82EA, 0x08DB,
0x82EF, 0x08DF,
0x02EA, 0x08DB,
0x02D1, 0x08E9,
0x82D1, 0x08E9,
0x82D5, 0x08ED,
0x02D1, 0x08E9,
0x02E4, 0x08D4,
0x82E4, 0x08D4,
0x82E8, 0x08D8,
0x02E4, 0x08D4,
0x02E1, 0x097E,
0x82E1, 0x097E,
0x82E6, 0x0982,
0x02E1, 0x097E,
0x02DF, 0x097F,
0x82DF, 0x097F,
0x82E3, 0x0983,
0x02DF, 0x097F,
0x02E7, 0x0984,
0x82E7, 0x0984,
0x82EB, 0x0988,
0x02E7, 0x0984,
0x02DE, 0x0986,
0x82DE, 0x0986,
0x82E2, 0x098A,
0x02DE, 0x0986,
0x02DF, 0x0984,
0x82DF, 0x0984,
0x82E3, 0x0988,
0x02DF, 0x0984,
0x02E2, 0x0989,
0x82E2, 0x0989,
0x82E6, 0x098D,
0x02E2, 0x0989,
0x02D3, 0x0988,
0x82D3, 0x0988,
0x82D7, 0x098C,
0x02D3, 0x0988,
0x02DA, 0x098A,
0x82DA, 0x098A,
0x82DE, 0x098E,
0x02DA, 0x098A,
0x02C7, 0x098F,
0x82C7, 0x098F,
0x82CC, 0x0993,
0x02C7, 0x098F,
0x02CB, 0x0993,
0x82CB, 0x0993,
0x82CF, 0x0997,
0x02CB, 0x0993,
0x02CE, 0x0993,
0x82CE, 0x0993,
0x82D2, 0x0997,
0x02CE, 0x0993,
0x02C6, 0x0990,
0x82C6, 0x0990,
0x82CA, 0x0994,
0x02C6, 0x0990,
0x02CF, 0x08E1,
0x82CF, 0x08E1,
0x82D3, 0x08E5,
0x02CF, 0x08E1,
0x02CD, 0x08E5,
0x82CD, 0x08E5,
0x82D1, 0x08E9,
0x02CD, 0x08E5,
0x02D3, 0x08DC,
0x82D3, 0x08DC,
0x82D7, 0x08E0,
0x02D3, 0x08DC,
0x02C8, 0x08E7,
0x82C8, 0x08E7,
0x82CC, 0x08EC,
0x02C8, 0x08E7,
0x02CF, 0x08DD,
0x82CF, 0x08DD,
0x82D4, 0x08E1,
0x02CF, 0x08DD,
0x02C9, 0x08E5,
0x82C9, 0x08E5,
0x82CE, 0x08E9,
0x02C9, 0x08E5,
0x02D4, 0x08D7,
0x82D4, 0x08D7,
0x82D8, 0x08DB,
0x02D4, 0x08D7,
0x02C0, 0x08E0,
0x82C0, 0x08E0,
0x82C4, 0x08E4,
0x02C0, 0x08E0,
0x02C8, 0x08E4,
0x82C8, 0x08E4,
0x82CC, 0x08E8,
0x02C8, 0x08E4,
0x02BE, 0x08D9,
0x82BE, 0x08D9,
0x82C2, 0x08DD,
0x02BE, 0x08D9,
0x02C5, 0x08DB,
0x82C5, 0x08DB,
0x82C9, 0x08DF,
0x02C5, 0x08DB,
0x02D0, 0x08D5,
0x82D0, 0x08D5,
0x82D4, 0x08D9,
0x02D0, 0x08D5,
0x02BE, 0x08DC,
0x82BE, 0x08DC,
0x82C2, 0x08E0,
0x02BE, 0x08DC,
0x02C7, 0x08E0,
0x82C7, 0x08E0,
0x82CB, 0x08E4,
0x02C7, 0x08E0,
0x02CD, 0x08CE,
0x82CD, 0x08CE,
0x82D1, 0x08D2,
0x02CD, 0x08CE,
0x02C8, 0x08C7,
0x82C8, 0x08C7,
0x82CC, 0x08CB,
0x02C8, 0x08C7,
0x02C6, 0x08C5,
0x82C6, 0x08C5,
0x82CA, 0x08CA,
0x02C6, 0x08C5,
0x02C6, 0x08C3,
0x82C6, 0x08C3,
0x82CB, 0x08C7,
0x02C6, 0x08C3,
0x02BC, 0x08CA,
0x82BC, 0x08CA,
0x82C0, 0x08CE,
0x02BC, 0x08CA,
0x02B4, 0x08CF,
0x82B4, 0x08CF,
0x82B8, 0x08D3,
0x02B4, 0x08CF,
0x02C6, 0x08C4,
0x82C6, 0x08C4,
0x82CA, 0x08C9,
0x02C6, 0x08C4,
0x02C9, 0x08C5,
0x82C9, 0x08C5,
0x82CD, 0x08C9,
0x02C9, 0x08C5,
0x02BB, 0x08C5,
0x82BB, 0x08C5,
0x82BF, 0x08CA,
0x02BB, 0x08C5,
0x02BD, 0x08C8,
0x82BD, 0x08C8,
0x82C1, 0x08CC,
0x02BD, 0x08C8,
0x02BD, 0x08C4,
0x82BD, 0x08C4,
0x82C1, 0x08C8,
0x02BD, 0x08C4,
0x02BF, 0x08C3,
0x82BF, 0x08C3,
0x82C3, 0x08C7,
0x02BF, 0x08C3,
0x02C5, 0x08C3,
0x82C5, 0x08C3,
0x82CA, 0x08C8,
0x02C5, 0x08C3,
0x02C8, 0x08C5,
0x82C8, 0x08C5,
0x82CC, 0x08C9,
0x02C8, 0x08C5
};

const unsigned short draw_10[] PROGMEM = {
0x0AF4, 0x0876,
0x8AF4, 0x0876,
0x8AFB, 0x087A,
0x8AFF, 0x0881,
0x8B03, 0x0889,
0x8B08, 0x088F,
0x8B0F, 0x0895,
0x8B16, 0x089A,
0x8B1D, 0x089E,
0x8B25, 0x08A0,
0x8B2B, 0x08A6,
0x8B33, 0x08AA,
0x8B3B, 0x08AC,
0x8B42, 0x08B0,
0x8B4B, 0x08B2,
0x8B53, 0x08B4,
0x8B5B, 0x08B4,
0x8B64, 0x08B4,
0x8B6C, 0x08B7,
0x8B6B, 0x08C7,
0x8B66, 0x08CA,
0x8B5C, 0x08C7,
0x8B53, 0x08C5,
0x8B4F, 0x08C5,
0x8B49, 0x08CD,
0x8B48, 0x08D6,
0x8B48, 0x08DF,
0x8B48, 0x08E8,
0x8B48, 0x08F1,
0x8B47, 0x08FA,
0x8B45, 0x0902,
0x8B44, 0x090B,
0x8B44, 0x0914,
0x8B44, 0x091D,
0x8B44, 0x0927,
0x8B44, 0x0930,
0x8B43, 0x0938,
0x8B42, 0x0941,
0x8B44, 0x094A,
0x8B44, 0x0953,
0x8B44, 0x095C,
0x8B44, 0x0965,
0x8B44, 0x096E,
0x8B44, 0x0977,
0x8B47, 0x097F,
0x8B4E, 0x0985,
0x8B54, 0x0981,
0x8B54, 0x0978,
0x8B51, 0x0970,
0x8B51, 0x0967,
0x8B53, 0x095F,
0x8B54, 0x0955,
0x8B54, 0x094C,
0x8B54, 0x0943,
0x8B54, 0x093A,
0x8B54, 0x0931,
0x8B55, 0x0928,
0x8B57, 0x091F,
0x8B57, 0x0916,
0x8B57, 0x090D,
0x8B55, 0x0905,
0x8B55, 0x08FC,
0x8B57, 0x08F3,
0x8B57, 0x08EA,
0x8B57, 0x08E1,
0x8B57, 0x08D8,
0x8B58, 0x08CF,
0x8B5C, 0x08C7,
0x8B66, 0x08CA,
0x8B6B, 0x08D1,
0x8B70, 0x08D7,
0x8B77, 0x08DB,
0x8B7D, 0x08DE,
0x8B85, 0x08E1,
0x8B8B, 0x08E6,
0x8B93, 0x08E8,
0x8B97, 0x08E2,
0x8B96, 0x08DA,
0x8B97, 0x08D2,
0x8B94, 0x08CA,
0x8B8F, 0x08C4,
0x8B8C, 0x08C4,
0x8B83, 0x08C5,
0x8B7C, 0x08C5,
0x8B73, 0x08C7,
0x8B6B, 0x08C7,
0x8B6C, 0x08B7,
0x8B74, 0x08B7,
0x8B7C, 0x08B4,
0x8B84, 0x08B4,
0x8B8D, 0x08B4,
0x8B96, 0x08B4,
0x8B9E, 0x08B4,
0x8BA7, 0x08B4,
0x8BAF, 0x08B4,
0x8BB6, 0x08B6,
0x8BB9, 0x08BE,
0x8BB4, 0x08C5,
0x8BAB, 0x08C7,
0x8BA8, 0x08CE,
0x8BAC, 0x08D5,
0x8BB4, 0x08D7,
0x8BBB, 0x08DB,
0x8BC4, 0x08DB,
0x8BCC, 0x08DE,
0x8BCB, 0x08EF,
0x8BC2, 0x08EF,
0x8BBB, 0x08EF,
0x8BB2, 0x08EF,
0x8BAA, 0x08F0,
0x8BA8, 0x08F8,
0x8BA8, 0x0900,
0x8B97, 0x0901,
0x8B93, 0x08FC,
0x8B8F, 0x08FC,
0x8B87, 0x08FD,
0x8B7F, 0x0901,
0x8B82, 0x0907,
0x8B88, 0x090B,
0x8B8F, 0x090D,
0x8B95, 0x0909,
0x8B97, 0x0901,
0x8BA8, 0x0900,
0x8BA8, 0x0908,
0x8BA8, 0x0911,
0x8BA8, 0x0919,
0x8BA8, 0x0921,
0x8BA8, 0x0929,
0x8BA8, 0x0931,
0x8B99, 0x0930,
0x8B98, 0x0928,
0x8B91, 0x0925,
0x8B89, 0x0925,
0x8B89, 0x0925,
0x8B82, 0x092A,
0x8B84, 0x092F,
0x8B8A, 0x0934,
0x8B93, 0x0934,
0x8B99, 0x0930,
0x8BA8, 0x0931,
0x8BA8, 0x093A,
0x8BAB, 0x0940,
0x8BAD, 0x0949,
0x8BAD, 0x0951,
0x8BAD, 0x0959,
0x8BAC, 0x0961,
0x8BAD, 0x0969,
0x8BAD, 0x0971,
0x8BAD, 0x0979,
0x8BB0, 0x0981,
0x8BB3, 0x0988,
0x8BBB, 0x098B,
0x8BC3, 0x098B,
0x8BCA, 0x0989,
0x8BD2, 0x0989,
0x8BDA, 0x098A,
0x8BDE, 0x0985,
0x8BD7, 0x0982,
0x8BD0, 0x097D,
0x8BC9, 0x0979,
0x8BC4, 0x0973,
0x8BC4, 0x096B,
0x8BC9, 0x0965,
0x8BCF, 0x095F,
0x8BD5, 0x0959,
0x8BDA, 0x0953,
0x8BE0, 0x094E,
0x8BE6, 0x0949,
0x8BE7, 0x0941,
0x8C02, 0x0933,
0x8C07, 0x0939,
0x8C0E, 0x093B,
0x8C20, 0x0943,
0x8C1F, 0x094B,
0x8C26, 0x094C,
0x8C27, 0x0945,
0x8C20, 0x0943,
0x8C20, 0x0943,
0x8C0E, 0x093B,
0x8C0F, 0x0935,
0x8C08, 0x0932,
0x8C04, 0x092D,
0x8C01, 0x092C,
0x8C02, 0x0933,
0x8BE7, 0x0941,
0x8BE5, 0x093A,
0x8BDE, 0x0936,
0x8BD7, 0x0931,
0x8BD0, 0x092E,
0x8BCA, 0x0929,
0x8BC1, 0x0929,
0x8BBA, 0x0927,
0x8BB6, 0x0920,
0x8BB7, 0x0918,
0x8BBC, 0x0912,
0x8BC4, 0x0910,
0x8BCC, 0x090D,
0x8BD3, 0x0909,
0x8BD9, 0x0904,
0x8BE1, 0x0900,
0x8BE6, 0x08FA,
0x8BED, 0x08F6,
0x8BF0, 0x08F0,
0x8BE8, 0x08EF,
0x8BE0, 0x08EE,
0x8BDC, 0x08ED,
0x8BD3, 0x08F0,
0x8BCB, 0x08EF,
0x8BCC, 0x08DE,
0x8BD3, 0x08DC,
0x8BDC, 0x08DB,
0x8BE4, 0x08DB,
0x8BED, 0x08DB,
0x8BF5, 0x08DB,
0x8BFC, 0x08DF,
0x8C05, 0x08DF,
0x8C0D, 0x08DF,
0x8C16, 0x08DF,
0x8C1E, 0x08E0,
0x8C27, 0x08DF,
0x8C25, 0x08F2,
0x8C25, 0x08F2,
0x8C1C, 0x08F5,
0x8C18, 0x08FB,
0x8C1B, 0x0901,
0x8C23, 0x08FF,
0x8C29, 0x08FB,
0x8C2C, 0x08F3,
0x8C25, 0x08F2,
0x8C27, 0x08DF,
0x8C2F, 0x08E0,
0x8C37, 0x08E2,
0x8C3F, 0x08E2,
0x8C47, 0x08DF,
0x8C50, 0x08E0,
0x8C57, 0x08E3,
0x8C56, 0x08F6,
0x8C4F, 0x08F6,
0x8C49, 0x08F5,
0x8C42, 0x08FA,
0x8C41, 0x0903,
0x8C3D, 0x0909,
0x8C43, 0x090B,
0x8C49, 0x0909,
0x8C51, 0x0905,
0x8C55, 0x08FF,
0x8C5B, 0x08F9,
0x8C56, 0x08F6,
0x8C57, 0x08E3,
0x8C5F, 0x08E0,
0x8C67, 0x08E2,
0x8C70, 0x08E2,
0x8C78, 0x08E2,
0x8C81, 0x08E3,
0x8C89, 0x08E2,
0x8C91, 0x08E5,
0x8C99, 0x08E7,
0x8CA1, 0x08E4,
0x8CA4, 0x08DC,
0x8C9D, 0x08D7,
0x8C97, 0x08D1,
0x8C91, 0x08CB,
0x8C8C, 0x08C4,
0x8C88, 0x08BD,
0x8C8C, 0x08B7,
0x8C94, 0x08B4,
0x8C9B, 0x08B6,
0x8CA4, 0x08B8,
0x8CAB, 0x08BC,
0x8CB4, 0x08BC,
0x8CBC, 0x08BD,
0x8CC4, 0x08BB,
0x8CCC, 0x08B8,
0x8CD0, 0x08C8,
0x8CC8, 0x08CC,
0x8CC1, 0x08CF,
0x8CB9, 0x08CF,
0x8CB6, 0x08D4,
0x8CBB, 0x08DA,
0x8CBF, 0x08E1,
0x8CC5, 0x08E6,
0x8CCB, 0x08EC,
0x8CCD, 0x08E6,
0x8CCF, 0x08DE,
0x8CCF, 0x08D6,
0x8CD2, 0x08D0,
0x8CD2, 0x08C8,
0x8CD0, 0x08C8,
0x8CCC, 0x08B8,
0x8CD4, 0x08B5,
0x8CDC, 0x08B4,
0x8CE4, 0x08B1,
0x8CE9, 0x08AA,
0x8CEF, 0x08A4,
0x8CF5, 0x089E,
0x8CFC, 0x0899,
0x8D04, 0x0895,
0x8D0C, 0x0895,
0x8D11, 0x0890,
0x8D13, 0x0888,
0x8D16, 0x0880,
0x8D1D, 0x087E,
0x8D22, 0x0886,
0x8D24, 0x088E,
0x8D24, 0x0897,
0x8D24, 0x089F,
0x8D23, 0x08A8,
0x8D16, 0x08A8,
0x8D11, 0x08A2,
0x8D11, 0x08A2,
0x8D09, 0x08A7,
0x8D01, 0x08A9,
0x8CFC, 0x08AF,
0x8CF6, 0x08B5,
0x8CF1, 0x08BB,
0x8CED, 0x08C2,
0x8CE9, 0x08CA,
0x8CE8, 0x08D2,
0x8CE4, 0x08D9,
0x8CE2, 0x08E1,
0x8CDF, 0x08E8,
0x8CDF, 0x08F0,
0x8CDE, 0x08F8,
0x8CDC, 0x0900,
0x8CDC, 0x0908,
0x8CD7, 0x090D,
0x8CCF, 0x090E,
0x8CC8, 0x090A,
0x8CC4, 0x0903,
0x8CBF, 0x08FD,
0x8CB8, 0x08F8,
0x8CB0, 0x08F6,
0x8CA8, 0x08F6,
0x8CA0, 0x08F6,
0x8C99, 0x08FA,
0x8C92, 0x08F8,
0x8C8A, 0x08F6,
0x8C82, 0x08F6,
0x8C7A, 0x08F6,
0x8C73, 0x08FB,
0x8C71, 0x0903,
0x8C6F, 0x090B,
0x8C70, 0x0913,
0x8C6F, 0x091B,
0x8C70, 0x0923,
0x8C75, 0x0929,
0x8C7A, 0x092F,
0x8C80, 0x0935,
0x8C85, 0x093B,
0x8C89, 0x0943,
0x8C89, 0x094B,
0x8C82, 0x094E,
0x8C7C, 0x0949,
0x8C75, 0x0944,
0x8C6E, 0x0947,
0x8C5E, 0x093C,
0x8C5C, 0x0936,
0x8C57, 0x0930,
0x8C51, 0x092C,
0x8C4A, 0x0929,
0x8C49, 0x0929,
0x8C49, 0x0931,
0x8C4D, 0x0938,
0x8C52, 0x093D,
0x8C59, 0x0940,
0x8C5E, 0x093C,
0x8C6E, 0x0947,
0x8C6C, 0x094F,
0x8C6C, 0x0957,
0x8C6C, 0x095F,
0x8C6C, 0x0967,
0x8C6C, 0x096F,
0x8C71, 0x0974,
0x8C78, 0x097A,
0x8C7F, 0x097E,
0x8C86, 0x0981,
0x8C8E, 0x0982,
0x8C96, 0x0986,
0x8C9E, 0x0986,
0x8CA5, 0x0983,
0x8CAC, 0x0984,
0x8CB3, 0x0982,
0x8CBC, 0x0981,
0x8CC4, 0x0982,
0x8CCB, 0x0985,
0x8CD4, 0x0986,
0x8CDC, 0x0986,
0x8CE4, 0x0986,
0x8CEC, 0x0986,
0x8CF4, 0x0989,
0x8CF9, 0x0983,
0x8CFA, 0x097B,
0x8CFD, 0x0973,
0x8CFF, 0x096C,
0x8D03, 0x0965,
0x8D12, 0x0963,
0x8D12, 0x0963,
0x8D12, 0x096D,
0x8D10, 0x0974,
0x8D0C, 0x097C,
0x8D0D, 0x0984,
0x8D0D, 0x098C,
0x8D0C, 0x0995,
0x8D08, 0x099B,
0x8D09, 0x09A3,
0x8D11, 0x09A5,
0x8D1A, 0x09A4,
0x8D20, 0x09A0,
0x8D1D, 0x0999,
0x8D1C, 0x0991,
0x8D1C, 0x0988,
0x8D1C, 0x0980,
0x8D1A, 0x0978,
0x8D16, 0x0971,
0x8D16, 0x0969,
0x8D12, 0x0963,
0x8D03, 0x0965,
0x8D04, 0x095D,
0x8D05, 0x0955,
0x8D05, 0x094C,
0x8D08, 0x0945,
0x8D09, 0x093D,
0x8D09, 0x0935,
0x8D0D, 0x092E,
0x8D10, 0x0926,
0x8D0D, 0x091E,
0x8D0D, 0x0917,
0x8D0B, 0x0910,
0x8D09, 0x0907,
0x8D0A, 0x08FF,
0x8D0A, 0x08F7,
0x8D0C, 0x08EF,
0x8D0F, 0x08E8,
0x8D0F, 0x08E0,
0x8D0F, 0x08D8,
0x8D0F, 0x08CF,
0x8D0F, 0x08C7,
0x8D10, 0x08BF,
0x8D11, 0x08B7,
0x8D12, 0x08AF,
0x8D16, 0x08A8,
0x8D23, 0x08A8,
0x8D24, 0x08B0,
0x8D24, 0x08B9,
0x8D24, 0x08C1,
0x8D21, 0x08C9,
0x8D21, 0x08D2,
0x8D21, 0x08DA,
0x8D20, 0x08E2,
0x8D1E, 0x08EB,
0x8D1E, 0x08F3,
0x8D1E, 0x08FC,
0x8D1E, 0x0905,
0x8D20, 0x090D,
0x8D21, 0x0915,
0x8D22, 0x091E,
0x8D21, 0x0926,
0x8D21, 0x092F,
0x8D22, 0x0937,
0x8D23, 0x093F,
0x8D24, 0x0948,
0x8D24, 0x0950,
0x8D24, 0x0959,
0x8D28, 0x0960,
0x8D2A, 0x0968,
0x8D2A, 0x0971,
0x8D2B, 0x0979,
0x8D2D, 0x0982,
0x8D2E, 0x098A,
0x8D30, 0x0992,
0x8D34, 0x0999,
0x8D38, 0x09A0,
0x8D3C, 0x09A8,
0x8D38, 0x09AF,
0x8D31, 0x09B4,
0x8D29, 0x09B4,
0x8D20, 0x09B4,
0x8D17, 0x09B5,
0x8D10, 0x09B8,
0x8D07, 0x09B9,
0x8CFF, 0x09B9,
0x8CF7, 0x09B8,
0x8CF1, 0x09B2,
0x8CEF, 0x09AA,
0x8CEF, 0x09A2,
0x8CED, 0x099A,
0x8CE5, 0x0998,
0x8CDC, 0x0996,
0x8CD4, 0x0996,
0x8CCB, 0x0996,
0x8CC3, 0x0996,
0x8CBA, 0x0996,
0x8CB1, 0x0996,
0x8CA9, 0x0996,
0x8CA0, 0x0997,
0x8C98, 0x0999,
0x8C90, 0x099B,
0x8C88, 0x099D,
0x8C80, 0x0999,
0x8C77, 0x0999,
0x8C6F, 0x0999,
0x8C66, 0x0999,
0x8C5E, 0x0999,
0x8C55, 0x0999,
0x8C4D, 0x099B,
0x8C45, 0x099B,
0x8C47, 0x0989,
0x8C46, 0x0983,
0x8C3F, 0x0980,
0x8C38, 0x097D,
0x8C32, 0x0979,
0x8C2A, 0x0977,
0x8C2A, 0x0977,
0x8C2B, 0x0980,
0x8C32, 0x0982,
0x8C38, 0x0986,
0x8C40, 0x0988,
0x8C47, 0x0989,
0x8C45, 0x099B,
0x8C3D, 0x099C,
0x8C34, 0x099D,
0x8C2C, 0x099D,
0x8C23, 0x099D,
0x8C1C, 0x09A0,
0x8C15, 0x099E,
0x8C0D, 0x099D,
0x8C04, 0x099D,
0x8BFC, 0x099D,
0x8BF3, 0x099D,
0x8BEA, 0x099D,
0x8BE2, 0x099D,
0x8BD9, 0x099D,
0x8BD1, 0x099D,
0x8BC8, 0x099D,
0x8BC0, 0x099D,
0x8BB9, 0x09A0,
0x8BB2, 0x099E,
0x8BAA, 0x09A2,
0x8BA3, 0x099E,
0x8B9A, 0x099D,
0x8B92, 0x099D,
0x8B92, 0x0989,
0x8B98, 0x0986,
0x8B99, 0x097D,
0x8B99, 0x0975,
0x8B95, 0x096E,
0x8B97, 0x095B,
0x8B99, 0x0953,
0x8B98, 0x094B,
0x8B90, 0x0949,
0x8B88, 0x0949,
0x8B85, 0x0949,
0x8B7D, 0x094C,
0x8B80, 0x0953,
0x8B88, 0x0955,
0x8B8F, 0x0959,
0x8B97, 0x095B,
0x8B95, 0x096E,
0x8B8C, 0x096D,
0x8B86, 0x096D,
0x8B7F, 0x0973,
0x8B77, 0x0975,
0x8B6F, 0x0976,
0x8B6A, 0x097D,
0x8B6A, 0x0983,
0x8B71, 0x0988,
0x8B79, 0x0989,
0x8B81, 0x0989,
0x8B8A, 0x0989,
0x8B92, 0x0989,
0x8B92, 0x099D,
0x8B89, 0x099D,
0x8B81, 0x099D,
0x8B78, 0x099D,
0x8B6F, 0x099D,
0x8B67, 0x099D,
0x8B5E, 0x099D,
0x8B56, 0x099A,
0x8B4E, 0x099A,
0x8B47, 0x099E,
0x8B41, 0x09A4,
0x8B3A, 0x09AA,
0x8B35, 0x09B1,
0x8B2F, 0x09B7,
0x8B29, 0x09BD,
0x8B22, 0x09C2,
0x8B1B, 0x09C4,
0x8B14, 0x09C0,
0x8B10, 0x09B9,
0x8B0F, 0x09B0,
0x8B0F, 0x09A8,
0x8B0C, 0x09A0,
0x8B0E, 0x0999,
0x8B12, 0x0992,
0x8B15, 0x098A,
0x8B24, 0x0991,
0x8B24, 0x0999,
0x8B23, 0x09A0,
0x8B27, 0x09A3,
0x8B2D, 0x099E,
0x8B33, 0x099A,
0x8B39, 0x0994,
0x8B3E, 0x098E,
0x8B39, 0x098A,
0x8B33, 0x0986,
0x8B2C, 0x0982,
0x8B2B, 0x0982,
0x8B27, 0x098A,
0x8B24, 0x0991,
0x8B15, 0x098A,
0x8B15, 0x0981,
0x8B15, 0x0978,
0x8B15, 0x0970,
0x8B15, 0x0967,
0x8B15, 0x095F,
0x8B16, 0x0956,
0x8B1D, 0x0953,
0x8B23, 0x0957,
0x8B24, 0x0960,
0x8B29, 0x0966,
0x8B30, 0x096A,
0x8B33, 0x0962,
0x8B32, 0x0959,
0x8B33, 0x0951,
0x8B33, 0x0948,
0x8B32, 0x093F,
0x8B33, 0x0937,
0x8B34, 0x092F,
0x8B34, 0x0926,
0x8B34, 0x091D,
0x8B33, 0x0915,
0x8B32, 0x090C,
0x8B32, 0x0904,
0x8B33, 0x08FB,
0x8B34, 0x08F3,
0x8B34, 0x08EA,
0x8B33, 0x08E2,
0x8B33, 0x08D9,
0x8B32, 0x08D2,
0x8B2B, 0x08CC,
0x8B24, 0x08D0,
0x8B1C, 0x08D2,
0x8B15, 0x08D5,
0x8B0C, 0x08D9,
0x8B06, 0x08DF,
0x8B05, 0x08E8,
0x8AFF, 0x08EE,
0x8AF9, 0x08F4,
0x8AF1, 0x08F6,
0x8AEA, 0x08F2,
0x8AE7, 0x08EA,
0x8AE6, 0x08E1,
0x8AE6, 0x08D9,
0x8AE8, 0x08D1,
0x8AEB, 0x08C9,
0x8AEB, 0x08C1,
0x8AEE, 0x08B9,
0x8AF3, 0x08B2,
0x8AF8, 0x08AF,
0x8AFE, 0x08B4,
0x8B00, 0x08BC,
0x8AFF, 0x08C3,
0x8AFF, 0x08CB,
0x8B07, 0x08C9,
0x8B0D, 0x08C4,
0x8B14, 0x08C1,
0x8B1C, 0x08BF,
0x8B23, 0x08BD,
0x8B2A, 0x08B9,
0x8B27, 0x08B2,
0x8B20, 0x08AF,
0x8B19, 0x08AC,
0x8B12, 0x08A8,
0x8B0C, 0x08A4,
0x8B04, 0x08A2,
0x8B01, 0x08A2,
0x8AFB, 0x08A8,
0x8AF8, 0x08AF,
0x8AF3, 0x08B2,
0x8AF0, 0x08AB,
0x8AF0, 0x08A2,
0x8AF0, 0x0899,
0x8AF0, 0x0890,
0x8AF0, 0x0888,
0x8AF0, 0x087F,
0x8AF2, 0x0877,
0x8AF4, 0x0876,
0x0AF4, 0x0876,
0x0B59, 0x08BD,
0x8B59, 0x08BD,
0x8B5D, 0x08C1,
0x0B59, 0x08BD,
0x0B37, 0x08E5,
0x8B37, 0x08E5,
0x8B3B, 0x08E9,
0x0B37, 0x08E5,
0x0B48, 0x08BD,
0x8B48, 0x08BD,
0x8B4C, 0x08C1,
0x0B48, 0x08BD,
0x0B38, 0x08AF,
0x8B38, 0x08AF,
0x8B3C, 0x08B3,
0x0B38, 0x08AF,
0x0B2F, 0x08AD,
0x8B2F, 0x08AD,
0x8B33, 0x08B1,
0x0B2F, 0x08AD,
0x0B3D, 0x08B1,
0x8B3D, 0x08B1,
0x8B41, 0x08B5,
0x0B3D, 0x08B1,
0x0B27, 0x08A9,
0x8B27, 0x08A9,
0x8B2B, 0x08AD,
0x0B27, 0x08A9,
0x0B1B, 0x08A6,
0x8B1B, 0x08A6,
0x8B1F, 0x08AA,
0x0B1B, 0x08A6,
0x0B1D, 0x08A6,
0x8B1D, 0x08A6,
0x8B21, 0x08AA,
0x0B1D, 0x08A6,
0x0B0C, 0x0899,
0x8B0C, 0x0899,
0x8B10, 0x089D,
0x0B0C, 0x0899,
0x0B38, 0x08FE,
0x8B38, 0x08FE,
0x8B3D, 0x0903,
0x0B38, 0x08FE,
0x0B3C, 0x0905,
0x8B3C, 0x0905,
0x8B40, 0x0909,
0x0B3C, 0x0905,
0x0B39, 0x0960,
0x8B39, 0x0960,
0x8B3D, 0x0965,
0x0B39, 0x0960,
0x0B3D, 0x0982,
0x8B3D, 0x0982,
0x8B41, 0x0986,
0x0B3D, 0x0982,
0x0B38, 0x092C,
0x8B38, 0x092C,
0x8B3C, 0x0930,
0x0B38, 0x092C,
0x0B40, 0x0985,
0x8B40, 0x0985,
0x8B44, 0x0989,
0x0B40, 0x0985,
0x0B4C, 0x098D,
0x8B4C, 0x098D,
0x8B50, 0x0991,
0x0B4C, 0x098D,
0x0B51, 0x098B,
0x8B51, 0x098B,
0x8B55, 0x098F,
0x0B51, 0x098B,
0x0B51, 0x098C,
0x8B51, 0x098C,
0x8B55, 0x0990,
0x0B51, 0x098C,
0x0B59, 0x0991,
0x8B59, 0x0991,
0x8B5D, 0x0995,
0x0B59, 0x0991,
0x0B5A, 0x098D,
0x8B5A, 0x098D,
0x8B5E, 0x0991,
0x0B5A, 0x098D,
0x0D0E, 0x0899,
0x8D0E, 0x0899,
0x8D12, 0x089D,
0x0D0E, 0x0899,
0x0D02, 0x089E,
0x8D02, 0x089E,
0x8D06, 0x08A2,
0x0D02, 0x089E,
0x0CFA, 0x08A2,
0x8CFA, 0x08A2,
0x8CFE, 0x08A6,
0x0CFA, 0x08A2,
0x0CF0, 0x08AB,
0x8CF0, 0x08AB,
0x8CF4, 0x08AF,
0x0CF0, 0x08AB,
0x0CDE, 0x08BB,
0x8CDE, 0x08BB,
0x8CE2, 0x08BF,
0x0CDE, 0x08BB,
0x0CD5, 0x08CB,
0x8CD5, 0x08CB,
0x8CDA, 0x08CF,
0x0CD5, 0x08CB,
0x0CD3, 0x08BF,
0x8CD3, 0x08BF,
0x8CD7, 0x08C3,
0x0CD3, 0x08BF,
0x0CB5, 0x08C3,
0x8CB5, 0x08C3,
0x8CBA, 0x08C7,
0x0CB5, 0x08C3,
0x0CB7, 0x08C7,
0x8CB7, 0x08C7,
0x8CBB, 0x08CB,
0x0CB7, 0x08C7,
0x0CA8, 0x08CC,
0x8CA8, 0x08CC,
0x8CAC, 0x08D0,
0x0CA8, 0x08CC,
0x0CAB, 0x08C7,
0x8CAB, 0x08C7,
0x8CB0, 0x08CB,
0x0CAB, 0x08C7,
0x0C9F, 0x08BA,
0x8C9F, 0x08BA,
0x8CA3, 0x08BF,
0x0C9F, 0x08BA,
0x0C9F, 0x08C0,
0x8C9F, 0x08C0,
0x8CA3, 0x08C4,
0x0C9F, 0x08C0,
0x0C9B, 0x08CA,
0x8C9B, 0x08CA,
0x8C9F, 0x08CE,
0x0C9B, 0x08CA,
0x0C93, 0x08C8,
0x8C93, 0x08C8,
0x8C98, 0x08CC,
0x0C93, 0x08C8,
0x0C8F, 0x08BC,
0x8C8F, 0x08BC,
0x8C93, 0x08C0,
0x0C8F, 0x08BC,
0x0C97, 0x08BB,
0x8C97, 0x08BB,
0x8C9B, 0x08BF,
0x0C97, 0x08BB,
0x0C8E, 0x08BD,
0x8C8E, 0x08BD,
0x8C92, 0x08C1,
0x0C8E, 0x08BD,
0x0C98, 0x08EF,
0x8C98, 0x08EF,
0x8C9C, 0x08F4,
0x0C98, 0x08EF,
0x0C94, 0x08EE,
0x8C94, 0x08EE,
0x8C98, 0x08F2,
0x0C94, 0x08EE,
0x0C95, 0x08E9,
0x8C95, 0x08E9,
0x8C99, 0x08ED,
0x0C95, 0x08E9,
0x0C89, 0x08EC,
0x8C89, 0x08EC,
0x8C8D, 0x08F0,
0x0C89, 0x08EC,
0x0C91, 0x08EA,
0x8C91, 0x08EA,
0x8C95, 0x08EE,
0x0C91, 0x08EA,
0x0C7E, 0x08E6,
0x8C7E, 0x08E6,
0x8C82, 0x08EA,
0x0C7E, 0x08E6,
0x0C66, 0x0925,
0x8C66, 0x0925,
0x8C6A, 0x0929,
0x0C66, 0x0925,
0x0C76, 0x0903,
0x8C76, 0x0903,
0x8C7A, 0x0907,
0x0C76, 0x0903,
0x0C7C, 0x08EE,
0x8C7C, 0x08EE,
0x8C80, 0x08F2,
0x0C7C, 0x08EE,
0x0C65, 0x0913,
0x8C65, 0x0913,
0x8C69, 0x0917,
0x0C65, 0x0913,
0x0C67, 0x0906,
0x8C67, 0x0906,
0x8C6B, 0x090A,
0x0C67, 0x0906,
0x0C62, 0x0910,
0x8C62, 0x0910,
0x8C66, 0x0914,
0x0C62, 0x0910,
0x0C60, 0x0923,
0x8C60, 0x0923,
0x8C65, 0x0927,
0x0C60, 0x0923,
0x0C5D, 0x0913,
0x8C5D, 0x0913,
0x8C61, 0x0917,
0x0C5D, 0x0913,
0x0C5E, 0x0930,
0x8C5E, 0x0930,
0x8C62, 0x0934,
0x0C5E, 0x0930,
0x0C4F, 0x08EC,
0x8C4F, 0x08EC,
0x8C53, 0x08F0,
0x0C4F, 0x08EC,
0x0C4C, 0x08ED,
0x8C4C, 0x08ED,
0x8C50, 0x08F1,
0x0C4C, 0x08ED,
0x0C49, 0x08E5,
0x8C49, 0x08E5,
0x8C4D, 0x08EA,
0x0C49, 0x08E5,
0x0C4B, 0x08EC,
0x8C4B, 0x08EC,
0x8C4F, 0x08F1,
0x0C4B, 0x08EC,
0x0C3D, 0x0910,
0x8C3D, 0x0910,
0x8C41, 0x0914,
0x0C3D, 0x0910,
0x0C40, 0x08EA,
0x8C40, 0x08EA,
0x8C44, 0x08EE,
0x0C40, 0x08EA,
0x0C3E, 0x091B,
0x8C3E, 0x091B,
0x8C42, 0x091F,
0x0C3E, 0x091B,
0x0C38, 0x096A,
0x8C38, 0x096A,
0x8C3C, 0x096E,
0x0C38, 0x096A,
0x0C39, 0x0969,
0x8C39, 0x0969,
0x8C3D, 0x096D,
0x0C39, 0x0969,
0x0C39, 0x0958,
0x8C39, 0x0958,
0x8C3D, 0x095D,
0x0C39, 0x0958,
0x0C3B, 0x0952,
0x8C3B, 0x0952,
0x8C3F, 0x0956,
0x0C3B, 0x0952,
0x0C46, 0x097B,
0x8C46, 0x097B,
0x8C4A, 0x097F,
0x0C46, 0x097B,
0x0C3B, 0x0965,
0x8C3B, 0x0965,
0x8C3F, 0x0969,
0x0C3B, 0x0965,
0x0C37, 0x096F,
0x8C37, 0x096F,
0x8C3B, 0x0973,
0x0C37, 0x096F,
0x0C51, 0x098A,
0x8C51, 0x098A,
0x8C55, 0x098E,
0x0C51, 0x098A,
0x0C4E, 0x097F,
0x8C4E, 0x097F,
0x8C52, 0x0983,
0x0C4E, 0x097F,
0x0C4C, 0x094D,
0x8C4C, 0x094D,
0x8C50, 0x0951,
0x0C4C, 0x094D,
0x0C53, 0x0961,
0x8C53, 0x0961,
0x8C57, 0x0965,
0x0C53, 0x0961,
0x0C54, 0x0982,
0x8C54, 0x0982,
0x8C58, 0x0986,
0x0C54, 0x0982,
0x0C4E, 0x0954,
0x8C4E, 0x0954,
0x8C52, 0x0958,
0x0C4E, 0x0954,
0x0C4E, 0x0979,
0x8C4E, 0x0979,
0x8C52, 0x097D,
0x0C4E, 0x0979,
0x0C55, 0x0965,
0x8C55, 0x0965,
0x8C59, 0x0969,
0x0C55, 0x0965,
0x0C5D, 0x096F,
0x8C5D, 0x096F,
0x8C61, 0x0973,
0x0C5D, 0x096F,
0x0C3E, 0x098B,
0x8C3E, 0x098B,
0x8C42, 0x098F,
0x0C3E, 0x098B,
0x0C37, 0x0990,
0x8C37, 0x0990,
0x8C3B, 0x0994,
0x0C37, 0x0990,
0x0C2D, 0x0984,
0x8C2D, 0x0984,
0x8C31, 0x0988,
0x0C2D, 0x0984,
0x0C2D, 0x0996,
0x8C2D, 0x0996,
0x8C31, 0x099A,
0x0C2D, 0x0996,
0x0C59, 0x0903,
0x8C59, 0x0903,
0x8C5D, 0x0907,
0x0C59, 0x0903,
0x0C56, 0x090E,
0x8C56, 0x090E,
0x8C5A, 0x0912,
0x0C56, 0x090E,
0x0C54, 0x0919,
0x8C54, 0x0919,
0x8C58, 0x091D,
0x0C54, 0x0919,
0x0C52, 0x0918,
0x8C52, 0x0918,
0x8C56, 0x091C,
0x0C52, 0x0918,
0x0C54, 0x090F,
0x8C54, 0x090F,
0x8C58, 0x0913,
0x0C54, 0x090F,
0x0C56, 0x0906,
0x8C56, 0x0906,
0x8C5A, 0x090A,
0x0C56, 0x0906,
0x0C4B, 0x0916,
0x8C4B, 0x0916,
0x8C4F, 0x091A,
0x0C4B, 0x0916,
0x0C4C, 0x0919,
0x8C4C, 0x0919,
0x8C50, 0x091D,
0x0C4C, 0x0919,
0x0CB4, 0x08E0,
0x8CB4, 0x08E0,
0x8CB9, 0x08E4,
0x0CB4, 0x08E0,
0x0CB5, 0x08DC,
0x8CB5, 0x08DC,
0x8CB9, 0x08E0,
0x0CB5, 0x08DC,
0x0CBA, 0x08E2,
0x8CBA, 0x08E2,
0x8CBE, 0x08E6,
0x0CBA, 0x08E2,
0x0CB9, 0x08F0,
0x8CB9, 0x08F0,
0x8CBD, 0x08F4,
0x0CB9, 0x08F0,
0x0CBF, 0x08E7,
0x8CBF, 0x08E7,
0x8CC3, 0x08EB,
0x0CBF, 0x08E7,
0x0CC1, 0x08EE,
0x8CC1, 0x08EE,
0x8CC5, 0x08F2,
0x0CC1, 0x08EE,
0x0CBF, 0x08EA,
0x8CBF, 0x08EA,
0x8CC3, 0x08EF,
0x0CBF, 0x08EA,
0x0CC3, 0x08F8,
0x8CC3, 0x08F8,
0x8CC7, 0x08FC,
0x0CC3, 0x08F8,
0x0CD8, 0x08E7,
0x8CD8, 0x08E7,
0x8CDC, 0x08EB,
0x0CD8, 0x08E7,
0x0CCC, 0x0902,
0x8CCC, 0x0902,
0x8CD0, 0x0906,
0x0CCC, 0x0902,
0x0CD7, 0x08DF,
0x8CD7, 0x08DF,
0x8CDB, 0x08E3,
0x0CD7, 0x08DF,
0x0C6E, 0x0939,
0x8C6E, 0x0939,
0x8C72, 0x093D,
0x0C6E, 0x0939,
0x0C65, 0x0932,
0x8C65, 0x0932,
0x8C69, 0x0936,
0x0C65, 0x0932,
0x0C6E, 0x0929,
0x8C6E, 0x0929,
0x8C72, 0x092D,
0x0C6E, 0x0929,
0x0C64, 0x0938,
0x8C64, 0x0938,
0x8C68, 0x093C,
0x0C64, 0x0938,
0x0C70, 0x093C,
0x8C70, 0x093C,
0x8C74, 0x0940,
0x0C70, 0x093C,
0x0C79, 0x093C,
0x8C79, 0x093C,
0x8C7D, 0x0940,
0x0C79, 0x093C,
0x0C79, 0x093C,
0x8C79, 0x093C,
0x8C7D, 0x0940,
0x0C79, 0x093C,
0x0C69, 0x0981,
0x8C69, 0x0981,
0x8C6D, 0x0985,
0x0C69, 0x0981,
0x0C70, 0x0989,
0x8C70, 0x0989,
0x8C74, 0x098D,
0x0C70, 0x0989,
0x0C6A, 0x0984,
0x8C6A, 0x0984,
0x8C6E, 0x0988,
0x0C6A, 0x0984,
0x0C6B, 0x0986,
0x8C6B, 0x0986,
0x8C6F, 0x098A,
0x0C6B, 0x0986,
0x0C61, 0x094D,
0x8C61, 0x094D,
0x8C65, 0x0951,
0x0C61, 0x094D,
0x0C75, 0x0985,
0x8C75, 0x0985,
0x8C79, 0x0989,
0x0C75, 0x0985,
0x0C7B, 0x0991,
0x8C7B, 0x0991,
0x8C7F, 0x0995,
0x0C7B, 0x0991,
0x0C74, 0x097F,
0x8C74, 0x097F,
0x8C78, 0x0983,
0x0C74, 0x097F,
0x0C81, 0x0994,
0x8C81, 0x0994,
0x8C85, 0x0998,
0x0C81, 0x0994,
0x0CCE, 0x098C,
0x8CCE, 0x098C,
0x8CD2, 0x0990,
0x0CCE, 0x098C,
0x0CC0, 0x0986,
0x8CC0, 0x0986,
0x8CC4, 0x098A,
0x0CC0, 0x0986,
0x0CBE, 0x0986,
0x8CBE, 0x0986,
0x8CC2, 0x098A,
0x0CBE, 0x0986,
0x0CC0, 0x098E,
0x8CC0, 0x098E,
0x8CC5, 0x0992,
0x0CC0, 0x098E,
0x0CB3, 0x098D,
0x8CB3, 0x098D,
0x8CB7, 0x0991,
0x0CB3, 0x098D,
0x0CAB, 0x098E,
0x8CAB, 0x098E,
0x8CAF, 0x0992,
0x0CAB, 0x098E,
0x0C9F, 0x098E,
0x8C9F, 0x098E,
0x8CA3, 0x0992,
0x0C9F, 0x098E,
0x0C92, 0x098C,
0x8C92, 0x098C,
0x8C96, 0x0990,
0x0C92, 0x098C,
0x0CE5, 0x098B,
0x8CE5, 0x098B,
0x8CE9, 0x098F,
0x0CE5, 0x098B,
0x0CE4, 0x0991,
0x8CE4, 0x0991,
0x8CE8, 0x0995,
0x0CE4, 0x0991,
0x0CE0, 0x0990,
0x8CE0, 0x0990,
0x8CE4, 0x0994,
0x0CE0, 0x0990,
0x0CF3, 0x099C,
0x8CF3, 0x099C,
0x8CF7, 0x09A0,
0x0CF3, 0x099C,
0x0CFA, 0x09A6,
0x8CFA, 0x09A6,
0x8CFE, 0x09AA,
0x0CFA, 0x09A6,
0x0CF3, 0x098E,
0x8CF3, 0x098E,
0x8CF7, 0x0992,
0x0CF3, 0x098E,
0x0CF6, 0x0994,
0x8CF6, 0x0994,
0x8CFA, 0x0998,
0x0CF6, 0x0994,
0x0D1D, 0x09A8,
0x8D1D, 0x09A8,
0x8D21, 0x09AC,
0x0D1D, 0x09A8,
0x0D28, 0x099F,
0x8D28, 0x099F,
0x8D2C, 0x09A3,
0x0D28, 0x099F,
0x0D2C, 0x099D,
0x8D2C, 0x099D,
0x8D30, 0x09A1,
0x0D2C, 0x099D,
0x0D2A, 0x0992,
0x8D2A, 0x0992,
0x8D2E, 0x0996,
0x0D2A, 0x0992,
0x0D27, 0x0997,
0x8D27, 0x0997,
0x8D2B, 0x099B,
0x0D27, 0x0997,
0x0D25, 0x099A,
0x8D25, 0x099A,
0x8D29, 0x099E,
0x0D25, 0x099A,
0x0D23, 0x0981,
0x8D23, 0x0981,
0x8D27, 0x0985,
0x0D23, 0x0981,
0x0D1A, 0x093A,
0x8D1A, 0x093A,
0x8D1E, 0x093E,
0x0D1A, 0x093A,
0x0D19, 0x094F,
0x8D19, 0x094F,
0x8D1D, 0x0953,
0x0D19, 0x094F,
0x0D18, 0x0963,
0x8D18, 0x0963,
0x8D1C, 0x0967,
0x0D18, 0x0963,
0x0D1C, 0x0959,
0x8D1C, 0x0959,
0x8D20, 0x095D,
0x0D1C, 0x0959,
0x0D17, 0x08BC,
0x8D17, 0x08BC,
0x8D1B, 0x08C0,
0x0D17, 0x08BC,
0x0D17, 0x095A,
0x8D17, 0x095A,
0x8D1B, 0x095E,
0x0D17, 0x095A,
0x0D0F, 0x090D,
0x8D0F, 0x090D,
0x8D13, 0x0911,
0x0D0F, 0x090D,
0x0D0F, 0x08FF,
0x8D0F, 0x08FF,
0x8D13, 0x0903,
0x0D0F, 0x08FF,
0x0D0D, 0x090A,
0x8D0D, 0x090A,
0x8D11, 0x090F,
0x0D0D, 0x090A,
0x0D14, 0x095E,
0x8D14, 0x095E,
0x8D18, 0x0962,
0x0D14, 0x095E,
0x0D0C, 0x094F,
0x8D0C, 0x094F,
0x8D10, 0x0953,
0x0D0C, 0x094F,
0x0D09, 0x0951,
0x8D09, 0x0951,
0x8D0D, 0x0955,
0x0D09, 0x0951,
0x0D0C, 0x0959,
0x8D0C, 0x0959,
0x8D10, 0x095D,
0x0D0C, 0x0959,
0x0D10, 0x0956,
0x8D10, 0x0956,
0x8D14, 0x095A,
0x0D10, 0x0956,
0x0D07, 0x096F,
0x8D07, 0x096F,
0x8D0B, 0x0973,
0x0D07, 0x096F,
0x0D01, 0x0980,
0x8D01, 0x0980,
0x8D05, 0x0984,
0x0D01, 0x0980,
0x0CFF, 0x0984,
0x8CFF, 0x0984,
0x8D03, 0x0988,
0x0CFF, 0x0984,
0x0C22, 0x0915,
0x8C22, 0x0915,
0x8C26, 0x0919,
0x0C22, 0x0915,
0x0C18, 0x0932,
0x8C18, 0x0932,
0x8C1C, 0x0936,
0x0C18, 0x0932,
0x0C1E, 0x091F,
0x8C1E, 0x091F,
0x8C22, 0x0923,
0x0C1E, 0x091F,
0x0C1D, 0x0939,
0x8C1D, 0x0939,
0x8C21, 0x093D,
0x0C1D, 0x0939,
0x0C12, 0x0939,
0x8C12, 0x0939,
0x8C16, 0x093D,
0x0C12, 0x0939,
0x0C21, 0x091B,
0x8C21, 0x091B,
0x8C25, 0x091F,
0x0C21, 0x091B,
0x0C1A, 0x096D,
0x8C1A, 0x096D,
0x8C1E, 0x0972,
0x0C1A, 0x096D,
0x0C1C, 0x0979,
0x8C1C, 0x0979,
0x8C20, 0x097D,
0x0C1C, 0x0979,
0x0BF1, 0x0972,
0x8BF1, 0x0972,
0x8BF5, 0x0976,
0x0BF1, 0x0972,
0x0BF9, 0x0977,
0x8BF9, 0x0977,
0x8BFD, 0x097B,
0x0BF9, 0x0977,
0x0BEC, 0x094B,
0x8BEC, 0x094B,
0x8BF0, 0x094F,
0x0BEC, 0x094B,
0x0BF0, 0x0944,
0x8BF0, 0x0944,
0x8BF4, 0x0948,
0x0BF0, 0x0944,
0x0BF2, 0x0954,
0x8BF2, 0x0954,
0x8BF6, 0x0958,
0x0BF2, 0x0954,
0x0BFC, 0x096E,
0x8BFC, 0x096E,
0x8C00, 0x0973,
0x0BFC, 0x096E,
0x0C08, 0x0959,
0x8C08, 0x0959,
0x8C0C, 0x095D,
0x0C08, 0x0959,
0x0C04, 0x0957,
0x8C04, 0x0957,
0x8C08, 0x095B,
0x0C04, 0x0957,
0x0C02, 0x0951,
0x8C02, 0x0951,
0x8C06, 0x0955,
0x0C02, 0x0951,
0x0C25, 0x0980,
0x8C25, 0x0980,
0x8C29, 0x0984,
0x0C25, 0x0980,
0x0C26, 0x0960,
0x8C26, 0x0960,
0x8C2A, 0x0964,
0x0C26, 0x0960,
0x0C29, 0x0961,
0x8C29, 0x0961,
0x8C2D, 0x0965,
0x0C29, 0x0961,
0x0C2C, 0x0949,
0x8C2C, 0x0949,
0x8C30, 0x094D,
0x0C2C, 0x0949,
0x0C2D, 0x0929,
0x8C2D, 0x0929,
0x8C31, 0x092D,
0x0C2D, 0x0929,
0x0C2C, 0x092D,
0x8C2C, 0x092D,
0x8C30, 0x0932,
0x0C2C, 0x092D,
0x0C35, 0x08EA,
0x8C35, 0x08EA,
0x8C39, 0x08EF,
0x0C35, 0x08EA,
0x0C30, 0x08E5,
0x8C30, 0x08E5,
0x8C34, 0x08E9,
0x0C30, 0x08E5,
0x0C14, 0x0919,
0x8C14, 0x0919,
0x8C18, 0x091D,
0x0C14, 0x0919,
0x0C0E, 0x0923,
0x8C0E, 0x0923,
0x8C12, 0x0927,
0x0C0E, 0x0923,
0x0C10, 0x091D,
0x8C10, 0x091D,
0x8C14, 0x0921,
0x0C10, 0x091D,
0x0C10, 0x091E,
0x8C10, 0x091E,
0x8C14, 0x0922,
0x0C10, 0x091E,
0x0C1D, 0x08E8,
0x8C1D, 0x08E8,
0x8C21, 0x08EC,
0x0C1D, 0x08E8,
0x0BCC, 0x091E,
0x8BCC, 0x091E,
0x8BD0, 0x0922,
0x0BCC, 0x091E,
0x0BD0, 0x091D,
0x8BD0, 0x091D,
0x8BD4, 0x0922,
0x0BD0, 0x091D,
0x0BD1, 0x091C,
0x8BD1, 0x091C,
0x8BD5, 0x0920,
0x0BD1, 0x091C,
0x0BD9, 0x091B,
0x8BD9, 0x091B,
0x8BDE, 0x091F,
0x0BD9, 0x091B,
0x0BE5, 0x0936,
0x8BE5, 0x0936,
0x8BE9, 0x093A,
0x0BE5, 0x0936,
0x0BE8, 0x092F,
0x8BE8, 0x092F,
0x8BEC, 0x0933,
0x0BE8, 0x092F,
0x0BC3, 0x0914,
0x8BC3, 0x0914,
0x8BC7, 0x0918,
0x0BC3, 0x0914,
0x0BC0, 0x091F,
0x8BC0, 0x091F,
0x8BC4, 0x0923,
0x0BC0, 0x091F,
0x0BC0, 0x091F,
0x8BC0, 0x091F,
0x8BC4, 0x0923,
0x0BC0, 0x091F,
0x0BBE, 0x091C,
0x8BBE, 0x091C,
0x8BC2, 0x0921,
0x0BBE, 0x091C,
0x0BBB, 0x091F,
0x8BBB, 0x091F,
0x8BBF, 0x0923,
0x0BBB, 0x091F,
0x0BBA, 0x091F,
0x8BBA, 0x091F,
0x8BBE, 0x0923,
0x0BBA, 0x091F,
0x0BF9, 0x091B,
0x8BF9, 0x091B,
0x8BFD, 0x091F,
0x0BF9, 0x091B,
0x0BF0, 0x08FF,
0x8BF0, 0x08FF,
0x8BF4, 0x0903,
0x0BF0, 0x08FF,
0x0BF8, 0x0919,
0x8BF8, 0x0919,
0x8BFC, 0x091D,
0x0BF8, 0x0919,
0x0BF0, 0x0906,
0x8BF0, 0x0906,
0x8BF4, 0x090A,
0x0BF0, 0x0906,
0x0BF0, 0x08FA,
0x8BF0, 0x08FA,
0x8BF4, 0x08FE,
0x0BF0, 0x08FA,
0x0C04, 0x08EA,
0x8C04, 0x08EA,
0x8C09, 0x08EE,
0x0C04, 0x08EA,
0x0BE8, 0x08DE,
0x8BE8, 0x08DE,
0x8BEC, 0x08E2,
0x0BE8, 0x08DE,
0x0BE7, 0x08DF,
0x8BE7, 0x08DF,
0x8BEB, 0x08E3,
0x0BE7, 0x08DF,
0x0BE8, 0x08E0,
0x8BE8, 0x08E0,
0x8BEC, 0x08E4,
0x0BE8, 0x08E0,
0x0BF4, 0x08E6,
0x8BF4, 0x08E6,
0x8BF8, 0x08EA,
0x0BF4, 0x08E6,
0x0BF7, 0x08E0,
0x8BF7, 0x08E0,
0x8BFB, 0x08E5,
0x0BF7, 0x08E0,
0x0BEF, 0x08E0,
0x8BEF, 0x08E0,
0x8BF3, 0x08E4,
0x0BEF, 0x08E0,
0x0BED, 0x08E0,
0x8BED, 0x08E0,
0x8BF1, 0x08E4,
0x0BED, 0x08E0,
0x0BF2, 0x08EB,
0x8BF2, 0x08EB,
0x8BF6, 0x08EF,
0x0BF2, 0x08EB,
0x0C02, 0x08E6,
0x8C02, 0x08E6,
0x8C06, 0x08EA,
0x0C02, 0x08E6,
0x0C09, 0x08E5,
0x8C09, 0x08E5,
0x8C0D, 0x08E9,
0x0C09, 0x08E5,
0x0C0B, 0x08E6,
0x8C0B, 0x08E6,
0x8C10, 0x08EA,
0x0C0B, 0x08E6,
0x0BE0, 0x08E0,
0x8BE0, 0x08E0,
0x8BE4, 0x08E4,
0x0BE0, 0x08E0,
0x0BD9, 0x08E0,
0x8BD9, 0x08E0,
0x8BDD, 0x08E4,
0x0BD9, 0x08E0,
0x0BC3, 0x08E3,
0x8BC3, 0x08E3,
0x8BC7, 0x08E7,
0x0BC3, 0x08E3,
0x0BD8, 0x0962,
0x8BD8, 0x0962,
0x8BDC, 0x0966,
0x0BD8, 0x0962,
0x0BD4, 0x0972,
0x8BD4, 0x0972,
0x8BD8, 0x0976,
0x0BD4, 0x0972,
0x0BD3, 0x0967,
0x8BD3, 0x0967,
0x8BD7, 0x096B,
0x0BD3, 0x0967,
0x0BD1, 0x096E,
0x8BD1, 0x096E,
0x8BD5, 0x0972,
0x0BD1, 0x096E,
0x0BD8, 0x0968,
0x8BD8, 0x0968,
0x8BDC, 0x096D,
0x0BD8, 0x0968,
0x0BD2, 0x0970,
0x8BD2, 0x0970,
0x8BD6, 0x0974,
0x0BD2, 0x0970,
0x0BEB, 0x0966,
0x8BEB, 0x0966,
0x8BEF, 0x096A,
0x0BEB, 0x0966,
0x0BE3, 0x098B,
0x8BE3, 0x098B,
0x8BE7, 0x098F,
0x0BE3, 0x098B,
0x0BED, 0x0993,
0x8BED, 0x0993,
0x8BF2, 0x0997,
0x0BED, 0x0993,
0x0BDF, 0x098E,
0x8BDF, 0x098E,
0x8BE3, 0x0993,
0x0BDF, 0x098E,
0x0BE2, 0x0995,
0x8BE2, 0x0995,
0x8BE6, 0x0999,
0x0BE2, 0x0995,
0x0BD2, 0x098F,
0x8BD2, 0x098F,
0x8BD6, 0x0993,
0x0BD2, 0x098F,
0x0BCE, 0x0992,
0x8BCE, 0x0992,
0x8BD2, 0x0996,
0x0BCE, 0x0992,
0x0BCB, 0x098F,
0x8BCB, 0x098F,
0x8BCF, 0x0993,
0x0BCB, 0x098F,
0x0BBF, 0x098F,
0x8BBF, 0x098F,
0x8BC3, 0x0993,
0x0BBF, 0x098F,
0x0BB3, 0x098C,
0x8BB3, 0x098C,
0x8BB7, 0x0990,
0x0BB3, 0x098C,
0x0BB0, 0x098D,
0x8BB0, 0x098D,
0x8BB5, 0x0991,
0x0BB0, 0x098D,
0x0BAF, 0x0989,
0x8BAF, 0x0989,
0x8BB3, 0x098D,
0x0BAF, 0x0989,
0x0BAA, 0x0990,
0x8BAA, 0x0990,
0x8BAE, 0x0994,
0x0BAA, 0x0990,
0x0BAA, 0x098E,
0x8BAA, 0x098E,
0x8BAE, 0x0992,
0x0BAA, 0x098E,
0x0B9D, 0x097E,
0x8B9D, 0x097E,
0x8BA1, 0x0982,
0x0B9D, 0x097E,
0x0BA1, 0x097E,
0x8BA1, 0x097E,
0x8BA5, 0x0982,
0x0BA1, 0x097E,
0x0B9D, 0x098D,
0x8B9D, 0x098D,
0x8BA1, 0x0991,
0x0B9D, 0x098D,
0x0B98, 0x0994,
0x8B98, 0x0994,
0x8B9C, 0x0998,
0x0B98, 0x0994,
0x0B97, 0x098D,
0x8B97, 0x098D,
0x8B9C, 0x0991,
0x0B97, 0x098D,
0x0B7D, 0x0991,
0x8B7D, 0x0991,
0x8B81, 0x0995,
0x0B7D, 0x0991,
0x0B5B, 0x08FE,
0x8B5B, 0x08FE,
0x8B5F, 0x0902,
0x0B5B, 0x08FE,
0x0B5E, 0x0905,
0x8B5E, 0x0905,
0x8B62, 0x0909,
0x0B5E, 0x0905,
0x0B81, 0x095D,
0x8B81, 0x095D,
0x8B85, 0x0962,
0x0B81, 0x095D,
0x0B72, 0x093A,
0x8B72, 0x093A,
0x8B76, 0x093E,
0x0B72, 0x093A,
0x0B7A, 0x095B,
0x8B7A, 0x095B,
0x8B7E, 0x095F,
0x0B7A, 0x095B,
0x0B65, 0x092C,
0x8B65, 0x092C,
0x8B69, 0x0930,
0x0B65, 0x092C,
0x0B6F, 0x094B,
0x8B6F, 0x094B,
0x8B73, 0x094F,
0x0B6F, 0x094B,
0x0B6A, 0x093F,
0x8B6A, 0x093F,
0x8B6E, 0x0944,
0x0B6A, 0x093F,
0x0B64, 0x093A,
0x8B64, 0x093A,
0x8B68, 0x093E,
0x0B64, 0x093A,
0x0B5B, 0x0937,
0x8B5B, 0x0937,
0x8B5F, 0x093B,
0x0B5B, 0x0937,
0x0B5A, 0x0954,
0x8B5A, 0x0954,
0x8B5E, 0x0958,
0x0B5A, 0x0954,
0x0B64, 0x0962,
0x8B64, 0x0962,
0x8B68, 0x0966,
0x0B64, 0x0962,
0x0B6C, 0x098A,
0x8B6C, 0x098A,
0x8B70, 0x098E,
0x0B6C, 0x098A,
0x0B71, 0x098E,
0x8B71, 0x098E,
0x8B75, 0x0992,
0x0B71, 0x098E,
0x0B61, 0x0948,
0x8B61, 0x0948,
0x8B65, 0x094C,
0x0B61, 0x0948,
0x0B61, 0x0947,
0x8B61, 0x0947,
0x8B65, 0x094B,
0x0B61, 0x0947,
0x0B66, 0x0956,
0x8B66, 0x0956,
0x8B6A, 0x095A,
0x0B66, 0x0956,
0x0B75, 0x097B,
0x8B75, 0x097B,
0x8B79, 0x097F,
0x0B75, 0x097B,
0x0B59, 0x096F,
0x8B59, 0x096F,
0x8B5D, 0x0974,
0x0B59, 0x096F,
0x0B66, 0x0990,
0x8B66, 0x0990,
0x8B6A, 0x0995,
0x0B66, 0x0990,
0x0B9F, 0x0971,
0x8B9F, 0x0971,
0x8BA3, 0x0975,
0x0B9F, 0x0971,
0x0B9F, 0x0965,
0x8B9F, 0x0965,
0x8BA3, 0x0969,
0x0B9F, 0x0965,
0x0B9D, 0x0964,
0x8B9D, 0x0964,
0x8BA1, 0x0968,
0x0B9D, 0x0964,
0x0BA0, 0x0960,
0x8BA0, 0x0960,
0x8BA4, 0x0964,
0x0BA0, 0x0960,
0x0B9E, 0x0960,
0x8B9E, 0x0960,
0x8BA2, 0x0964,
0x0B9E, 0x0960,
0x0B9E, 0x095A,
0x8B9E, 0x095A,
0x8BA2, 0x095E,
0x0B9E, 0x095A,
0x0B8A, 0x095A,
0x8B8A, 0x095A,
0x8B8E, 0x095E,
0x0B8A, 0x095A,
0x0B89, 0x0963,
0x8B89, 0x0963,
0x8B8E, 0x0967,
0x0B89, 0x0963,
0x0B85, 0x0961,
0x8B85, 0x0961,
0x8B89, 0x0965,
0x0B85, 0x0961,
0x0B91, 0x0943,
0x8B91, 0x0943,
0x8B95, 0x0947,
0x0B91, 0x0943,
0x0B9C, 0x0941,
0x8B9C, 0x0941,
0x8BA0, 0x0946,
0x0B9C, 0x0941,
0x0B99, 0x0946,
0x8B99, 0x0946,
0x8B9D, 0x094A,
0x0B99, 0x0946,
0x0BA3, 0x0943,
0x8BA3, 0x0943,
0x8BA7, 0x0947,
0x0BA3, 0x0943,
0x0B96, 0x0937,
0x8B96, 0x0937,
0x8B9B, 0x093B,
0x0B96, 0x0937,
0x0BA3, 0x0942,
0x8BA3, 0x0942,
0x8BA7, 0x0947,
0x0BA3, 0x0942,
0x0B9D, 0x0909,
0x8B9D, 0x0909,
0x8BA1, 0x090D,
0x0B9D, 0x0909,
0x0B91, 0x0911,
0x8B91, 0x0911,
0x8B95, 0x0915,
0x0B91, 0x0911,
0x0B9C, 0x090A,
0x8B9C, 0x090A,
0x8BA0, 0x090E,
0x0B9C, 0x090A,
0x0B9B, 0x0915,
0x8B9B, 0x0915,
0x8B9F, 0x0919,
0x0B9B, 0x0915,
0x0B88, 0x091B,
0x8B88, 0x091B,
0x8B8C, 0x091F,
0x0B88, 0x091B,
0x0B85, 0x0934,
0x8B85, 0x0934,
0x8B89, 0x0938,
0x0B85, 0x0934,
0x0B84, 0x093C,
0x8B84, 0x093C,
0x8B89, 0x0940,
0x0B84, 0x093C,
0x0B89, 0x092B,
0x8B89, 0x092B,
0x8B8D, 0x092F,
0x0B89, 0x092B,
0x0B80, 0x090F,
0x8B80, 0x090F,
0x8B84, 0x0913,
0x0B80, 0x090F,
0x0B73, 0x08FF,
0x8B73, 0x08FF,
0x8B77, 0x0904,
0x0B73, 0x08FF,
0x0B73, 0x08FD,
0x8B73, 0x08FD,
0x8B77, 0x0901,
0x0B73, 0x08FD,
0x0B88, 0x08F5,
0x8B88, 0x08F5,
0x8B8C, 0x08F9,
0x0B88, 0x08F5,
0x0B96, 0x08F7,
0x8B96, 0x08F7,
0x8B9A, 0x08FB,
0x0B96, 0x08F7,
0x0B9C, 0x08E5,
0x8B9C, 0x08E5,
0x8BA0, 0x08E9,
0x0B9C, 0x08E5,
0x0B9E, 0x08DE,
0x8B9E, 0x08DE,
0x8BA2, 0x08E2,
0x0B9E, 0x08DE,
0x0BAA, 0x08E7,
0x8BAA, 0x08E7,
0x8BAF, 0x08EB,
0x0BAA, 0x08E7,
0x0BAA, 0x08E4,
0x8BAA, 0x08E4,
0x8BAE, 0x08E8,
0x0BAA, 0x08E4,
0x0BAE, 0x08E0,
0x8BAE, 0x08E0,
0x8BB2, 0x08E5,
0x0BAE, 0x08E0,
0x0BBA, 0x08E6,
0x8BBA, 0x08E6,
0x8BBE, 0x08EA,
0x0BBA, 0x08E6,
0x0BBC, 0x08E8,
0x8BBC, 0x08E8,
0x8BC0, 0x08EC,
0x0BBC, 0x08E8,
0x0BB7, 0x08E0,
0x8BB7, 0x08E0,
0x8BBB, 0x08E4,
0x0BB7, 0x08E0,
0x0BBA, 0x08E5,
0x8BBA, 0x08E5,
0x8BBE, 0x08E9,
0x0BBA, 0x08E5,
0x0B99, 0x08BD,
0x8B99, 0x08BD,
0x8B9D, 0x08C1,
0x0B99, 0x08BD,
0x0BA1, 0x08BC,
0x8BA1, 0x08BC,
0x8BA5, 0x08C0,
0x0BA1, 0x08BC,
0x0B9F, 0x08B8,
0x8B9F, 0x08B8,
0x8BA3, 0x08BC,
0x0B9F, 0x08B8,
0x0BAE, 0x08BA,
0x8BAE, 0x08BA,
0x8BB2, 0x08BE,
0x0BAE, 0x08BA,
0x0BA9, 0x08B8,
0x8BA9, 0x08B8,
0x8BAD, 0x08BC,
0x0BA9, 0x08B8,
0x0B8D, 0x08BA,
0x8B8D, 0x08BA,
0x8B91, 0x08BE,
0x0B8D, 0x08BA,
0x0B5E, 0x08C1,
0x8B5E, 0x08C1,
0x8B62, 0x08C5,
0x0B5E, 0x08C1,
0x0B62, 0x08CD,
0x8B62, 0x08CD,
0x8B67, 0x08D1,
0x0B62, 0x08CD,
0x0B62, 0x08D1,
0x8B62, 0x08D1,
0x8B67, 0x08D6,
0x0B62, 0x08D1,
0x0B5B, 0x08DD,
0x8B5B, 0x08DD,
0x8B5F, 0x08E1,
0x0B5B, 0x08DD,
0x0B63, 0x08E1,
0x8B63, 0x08E1,
0x8B67, 0x08E6,
0x0B63, 0x08E1,
0x0B63, 0x08EB,
0x8B63, 0x08EB,
0x8B67, 0x08EF,
0x0B63, 0x08EB,
0x0B5C, 0x08EA,
0x8B5C, 0x08EA,
0x8B60, 0x08EE,
0x0B5C, 0x08EA,
0x0B5D, 0x08EB,
0x8B5D, 0x08EB,
0x8B61, 0x08EF,
0x0B5D, 0x08EB,
0x0B3C, 0x0998,
0x8B3C, 0x0998,
0x8B40, 0x099C,
0x0B3C, 0x0998,
0x0B3B, 0x099B,
0x8B3B, 0x099B,
0x8B3F, 0x099F,
0x0B3B, 0x099B,
0x0B35, 0x09A1,
0x8B35, 0x09A1,
0x8B39, 0x09A5,
0x0B35, 0x09A1,
0x0B25, 0x09AC,
0x8B25, 0x09AC,
0x8B29, 0x09B1,
0x0B25, 0x09AC,
0x0B36, 0x0974,
0x8B36, 0x0974,
0x8B3A, 0x0978,
0x0B36, 0x0974,
0x0B37, 0x0975,
0x8B37, 0x0975,
0x8B3B, 0x0979,
0x0B37, 0x0975,
0x0B35, 0x0970,
0x8B35, 0x0970,
0x8B39, 0x0974,
0x0B35, 0x0970,
0x0B38, 0x0968,
0x8B38, 0x0968,
0x8B3C, 0x096C,
0x0B38, 0x0968,
0x0B19, 0x0982,
0x8B19, 0x0982,
0x8B1D, 0x0986,
0x0B19, 0x0982,
0x0B23, 0x0972,
0x8B23, 0x0972,
0x8B27, 0x0977,
0x0B23, 0x0972,
0x0B20, 0x097D,
0x8B20, 0x097D,
0x8B25, 0x0981,
0x0B20, 0x097D,
0x0B1D, 0x097B,
0x8B1D, 0x097B,
0x8B22, 0x097F,
0x0B1D, 0x097B,
0x0B2D, 0x0971,
0x8B2D, 0x0971,
0x8B31, 0x0975,
0x0B2D, 0x0971,
0x0B2D, 0x0973,
0x8B2D, 0x0973,
0x8B31, 0x0977,
0x0B2D, 0x0973,
0x0B2A, 0x08C1,
0x8B2A, 0x08C1,
0x8B2F, 0x08C5,
0x0B2A, 0x08C1,
0x0B1F, 0x08C8,
0x8B1F, 0x08C8,
0x8B23, 0x08CC,
0x0B1F, 0x08C8,
0x0B1C, 0x08C3,
0x8B1C, 0x08C3,
0x8B20, 0x08C7,
0x0B1C, 0x08C3,
0x0B1A, 0x095A,
0x8B1A, 0x095A,
0x8B1E, 0x095F,
0x0B1A, 0x095A,
0x0B1A, 0x095B,
0x8B1A, 0x095B,
0x8B1E, 0x095F,
0x0B1A, 0x095B,
0x0B1D, 0x0961,
0x8B1D, 0x0961,
0x8B21, 0x0965,
0x0B1D, 0x0961,
0x0B19, 0x095D,
0x8B19, 0x095D,
0x8B1D, 0x0961,
0x0B19, 0x095D,
0x0B1A, 0x09B2,
0x8B1A, 0x09B2,
0x8B1E, 0x09B6,
0x0B1A, 0x09B2,
0x0B1F, 0x09A7,
0x8B1F, 0x09A7,
0x8B23, 0x09AB,
0x0B1F, 0x09A7,
0x0B15, 0x09A9,
0x8B15, 0x09A9,
0x8B19, 0x09AE,
0x0B15, 0x09A9,
0x0B1B, 0x09A6,
0x8B1B, 0x09A6,
0x8B1F, 0x09AA,
0x0B1B, 0x09A6,
0x0B1C, 0x0997,
0x8B1C, 0x0997,
0x8B20, 0x099B,
0x0B1C, 0x0997,
0x0B18, 0x09AF,
0x8B18, 0x09AF,
0x8B1C, 0x09B3,
0x0B18, 0x09AF,
0x0B16, 0x09B6,
0x8B16, 0x09B6,
0x8B1A, 0x09BA,
0x0B16, 0x09B6,
0x0B08, 0x08CE,
0x8B08, 0x08CE,
0x8B0C, 0x08D2,
0x0B08, 0x08CE,
0x0B07, 0x08CE,
0x8B07, 0x08CE,
0x8B0B, 0x08D2,
0x0B07, 0x08CE,
0x0AFC, 0x08D1,
0x8AFC, 0x08D1,
0x8B00, 0x08D5,
0x0AFC, 0x08D1,
0x0AFA, 0x08D4,
0x8AFA, 0x08D4,
0x8AFE, 0x08D8,
0x0AFA, 0x08D4,
0x0B01, 0x08D4,
0x8B01, 0x08D4,
0x8B05, 0x08D8,
0x0B01, 0x08D4,
0x0AF4, 0x08D4,
0x8AF4, 0x08D4,
0x8AF8, 0x08D8,
0x0AF4, 0x08D4,
0x0AEB, 0x08D9,
0x8AEB, 0x08D9,
0x8AEF, 0x08DD,
0x0AEB, 0x08D9,
0x0AEC, 0x08DF,
0x8AEC, 0x08DF,
0x8AF0, 0x08E3,
0x0AEC, 0x08DF,
0x0AF3, 0x08E3,
0x8AF3, 0x08E3,
0x8AF7, 0x08E7,
0x0AF3, 0x08E3,
0x0AED, 0x08E9,
0x8AED, 0x08E9,
0x8AF1, 0x08ED,
0x0AED, 0x08E9,
0x0AF4, 0x088E,
0x8AF4, 0x088E,
0x8AF8, 0x0892,
0x0AF4, 0x088E,
0x0AF7, 0x0891,
0x8AF7, 0x0891,
0x8AFB, 0x0895,
0x0AF7, 0x0891,
0x0AF5, 0x08BC,
0x8AF5, 0x08BC,
0x8AF9, 0x08C0,
0x0AF5, 0x08BC,
0x0AF2, 0x08BF,
0x8AF2, 0x08BF,
0x8AF6, 0x08C3,
0x0AF2, 0x08BF,
0x0AF5, 0x0880,
0x8AF5, 0x0880,
0x8AF9, 0x0885,
0x0AF5, 0x0880
};

const unsigned short draw_11[] PROGMEM = {
0x057B, 0x0883,
0x857B, 0x0883,
0x8582, 0x0887,
0x8587, 0x088E,
0x8588, 0x0896,
0x8588, 0x089E,
0x8588, 0x08A6,
0x8589, 0x08AD,
0x858C, 0x08B5,
0x858A, 0x08BC,
0x8589, 0x08C4,
0x8589, 0x08CC,
0x8588, 0x08D4,
0x8588, 0x08DC,
0x8588, 0x08E4,
0x8588, 0x08EC,
0x8588, 0x08F4,
0x8588, 0x08FD,
0x8588, 0x0905,
0x8588, 0x090D,
0x8588, 0x0915,
0x8588, 0x091D,
0x858A, 0x0925,
0x8589, 0x092C,
0x858A, 0x0934,
0x858C, 0x093B,
0x858B, 0x0944,
0x858E, 0x094B,
0x858F, 0x0953,
0x8594, 0x095A,
0x8596, 0x0961,
0x859A, 0x0968,
0x859C, 0x0970,
0x858F, 0x096F,
0x858C, 0x096F,
0x858C, 0x0978,
0x858B, 0x0980,
0x858B, 0x0988,
0x858C, 0x0990,
0x858C, 0x0999,
0x858C, 0x09A1,
0x8591, 0x09A5,
0x8599, 0x09A6,
0x85A1, 0x09A8,
0x85A5, 0x09A2,
0x85A2, 0x099A,
0x859E, 0x0993,
0x859B, 0x098C,
0x8596, 0x0985,
0x8591, 0x097E,
0x8590, 0x0977,
0x858F, 0x096F,
0x859C, 0x0970,
0x85A0, 0x0977,
0x85A3, 0x097E,
0x85A8, 0x0983,
0x85AC, 0x098B,
0x85AF, 0x0991,
0x85B5, 0x0997,
0x85B8, 0x099F,
0x85BE, 0x09A4,
0x85C1, 0x09AB,
0x85BD, 0x09B1,
0x85B6, 0x09B5,
0x85AF, 0x09B9,
0x85A7, 0x09B9,
0x859F, 0x09B9,
0x8596, 0x09B9,
0x858E, 0x09B9,
0x8588, 0x09BC,
0x8581, 0x09C1,
0x857A, 0x09C1,
0x8572, 0x09C0,
0x856A, 0x09BF,
0x8567, 0x09B8,
0x8568, 0x09B0,
0x856D, 0x09AA,
0x856E, 0x09A2,
0x856F, 0x099A,
0x856F, 0x0992,
0x8572, 0x098B,
0x8573, 0x0982,
0x8573, 0x097A,
0x8576, 0x0973,
0x8579, 0x096C,
0x857A, 0x0964,
0x8579, 0x095C,
0x8579, 0x0954,
0x8579, 0x094C,
0x8579, 0x0944,
0x8579, 0x093C,
0x857A, 0x0934,
0x8579, 0x092C,
0x8577, 0x0925,
0x8573, 0x091E,
0x8576, 0x0917,
0x8579, 0x090F,
0x8579, 0x0907,
0x8579, 0x08FF,
0x8579, 0x08F7,
0x8579, 0x08EF,
0x8579, 0x08E7,
0x8579, 0x08DF,
0x8579, 0x08D7,
0x8579, 0x08CF,
0x8578, 0x08C7,
0x8573, 0x08C0,
0x856D, 0x08C3,
0x8566, 0x08C7,
0x8562, 0x08CE,
0x855D, 0x08D4,
0x8557, 0x08DA,
0x8553, 0x08E1,
0x8550, 0x08E8,
0x854A, 0x08EE,
0x8545, 0x08F3,
0x8540, 0x08FB,
0x8541, 0x0903,
0x8540, 0x090B,
0x8540, 0x0913,
0x853E, 0x091A,
0x853E, 0x0922,
0x852E, 0x0925,
0x852A, 0x091E,
0x8526, 0x091E,
0x8527, 0x0926,
0x852C, 0x092C,
0x852E, 0x0925,
0x853E, 0x0922,
0x8540, 0x092A,
0x8541, 0x0932,
0x8541, 0x093A,
0x8541, 0x0942,
0x8541, 0x094A,
0x8541, 0x0952,
0x8544, 0x0959,
0x8548, 0x095F,
0x854C, 0x0966,
0x8550, 0x096D,
0x8554, 0x0974,
0x8558, 0x097B,
0x855D, 0x0981,
0x8562, 0x0987,
0x8564, 0x098F,
0x8561, 0x0995,
0x8559, 0x0995,
0x8555, 0x098F,
0x8550, 0x0989,
0x854A, 0x0982,
0x8549, 0x097A,
0x8544, 0x0974,
0x8542, 0x096D,
0x853D, 0x0967,
0x8538, 0x095F,
0x8534, 0x095A,
0x8530, 0x0952,
0x852C, 0x094B,
0x8527, 0x0945,
0x8524, 0x093E,
0x851F, 0x0937,
0x851B, 0x0931,
0x8516, 0x092A,
0x8511, 0x0924,
0x850B, 0x0920,
0x8503, 0x0920,
0x84FA, 0x0920,
0x84F3, 0x0922,
0x84EC, 0x0925,
0x84E4, 0x0925,
0x84DC, 0x0925,
0x84D5, 0x0926,
0x84CC, 0x0925,
0x84C4, 0x0925,
0x84BD, 0x0926,
0x84B7, 0x092C,
0x84B1, 0x0931,
0x84AA, 0x0935,
0x84A3, 0x0938,
0x849C, 0x093C,
0x8496, 0x0941,
0x8490, 0x0947,
0x848B, 0x094E,
0x8487, 0x0954,
0x8481, 0x0958,
0x847C, 0x095F,
0x8476, 0x0964,
0x8470, 0x096A,
0x8468, 0x096C,
0x8463, 0x0970,
0x845D, 0x0976,
0x8457, 0x097C,
0x8452, 0x0982,
0x8445, 0x0978,
0x8447, 0x0971,
0x844C, 0x096B,
0x8452, 0x0965,
0x8458, 0x095F,
0x845E, 0x0959,
0x8463, 0x0953,
0x8468, 0x094D,
0x846F, 0x094A,
0x8477, 0x0947,
0x847D, 0x0942,
0x8482, 0x093A,
0x847E, 0x0937,
0x8478, 0x093C,
0x8470, 0x093F,
0x8468, 0x0941,
0x8460, 0x0940,
0x845B, 0x093B,
0x8459, 0x0933,
0x8459, 0x092B,
0x8459, 0x0923,
0x845B, 0x091B,
0x845B, 0x0913,
0x8459, 0x090B,
0x8459, 0x0903,
0x8459, 0x08FB,
0x8459, 0x08F2,
0x845B, 0x08EB,
0x845F, 0x08E4,
0x8467, 0x08E3,
0x846D, 0x08E7,
0x8473, 0x08EE,
0x8476, 0x08F5,
0x847A, 0x08FB,
0x8480, 0x0900,
0x8477, 0x0915,
0x8476, 0x0915,
0x8475, 0x091D,
0x847B, 0x091F,
0x847D, 0x0919,
0x8477, 0x0915,
0x8480, 0x0900,
0x8488, 0x0903,
0x848F, 0x0905,
0x8495, 0x090B,
0x849C, 0x090C,
0x849C, 0x0904,
0x8496, 0x08FE,
0x848F, 0x08FB,
0x848B, 0x08F4,
0x8486, 0x08ED,
0x8480, 0x08E8,
0x847B, 0x08E2,
0x8474, 0x08DE,
0x846C, 0x08DC,
0x8464, 0x08DB,
0x845C, 0x08DA,
0x8454, 0x08D8,
0x844C, 0x08D8,
0x8445, 0x08D6,
0x843E, 0x08D2,
0x843C, 0x08D2,
0x8438, 0x08DA,
0x8435, 0x08E1,
0x8435, 0x08E9,
0x8435, 0x08F1,
0x8435, 0x08FA,
0x8435, 0x0902,
0x8435, 0x090A,
0x8435, 0x0912,
0x8435, 0x091A,
0x8434, 0x0922,
0x8438, 0x0929,
0x843B, 0x0931,
0x8437, 0x0937,
0x8435, 0x093F,
0x8435, 0x0947,
0x8435, 0x094F,
0x8433, 0x0957,
0x8433, 0x095F,
0x8433, 0x0967,
0x8436, 0x096E,
0x843B, 0x0975,
0x843F, 0x097B,
0x8445, 0x0978,
0x8452, 0x0982,
0x844F, 0x0989,
0x844A, 0x0990,
0x8445, 0x0996,
0x8440, 0x099D,
0x843C, 0x09A3,
0x8436, 0x09A8,
0x8430, 0x09AE,
0x8421, 0x09A0,
0x8425, 0x0999,
0x8428, 0x0992,
0x8423, 0x098F,
0x841C, 0x098D,
0x8419, 0x098D,
0x8412, 0x0991,
0x8410, 0x0998,
0x8416, 0x099D,
0x841C, 0x09A2,
0x8421, 0x09A0,
0x8430, 0x09AE,
0x842B, 0x09B4,
0x8429, 0x09BC,
0x8427, 0x09C3,
0x8420, 0x09C7,
0x8418, 0x09C6,
0x8411, 0x09C3,
0x840C, 0x09BD,
0x840B, 0x09B5,
0x8406, 0x09AF,
0x8402, 0x09A8,
0x83FD, 0x09A2,
0x83F7, 0x099C,
0x83F2, 0x0996,
0x83EE, 0x098F,
0x83E8, 0x098A,
0x83E4, 0x0983,
0x83E7, 0x097B,
0x83ED, 0x0976,
0x83F4, 0x0973,
0x83FB, 0x0976,
0x8403, 0x0973,
0x840A, 0x0972,
0x8411, 0x0975,
0x841A, 0x0976,
0x8420, 0x0972,
0x841C, 0x096C,
0x841A, 0x0965,
0x841E, 0x095E,
0x841B, 0x0957,
0x841F, 0x0950,
0x841F, 0x0948,
0x841F, 0x0940,
0x841F, 0x0938,
0x841F, 0x0930,
0x8420, 0x0927,
0x8422, 0x0920,
0x8422, 0x0918,
0x8422, 0x0910,
0x8422, 0x0908,
0x8422, 0x08FF,
0x8422, 0x08F7,
0x8422, 0x08EF,
0x8422, 0x08E7,
0x8422, 0x08DF,
0x8421, 0x08D7,
0x841C, 0x08D5,
0x8415, 0x08D5,
0x840E, 0x08D2,
0x8408, 0x08D7,
0x8401, 0x08DB,
0x83FA, 0x08D9,
0x83F7, 0x08D2,
0x83F7, 0x08CA,
0x83F7, 0x08C2,
0x83FC, 0x08BB,
0x8402, 0x08B7,
0x840A, 0x08B8,
0x8412, 0x08B8,
0x8419, 0x08B5,
0x841A, 0x08AD,
0x841B, 0x08A5,
0x8420, 0x089F,
0x8425, 0x089A,
0x842B, 0x0894,
0x8432, 0x0890,
0x8439, 0x088B,
0x843F, 0x0887,
0x8446, 0x088B,
0x844A, 0x0892,
0x844F, 0x0897,
0x8453, 0x089E,
0x844A, 0x08AD,
0x8444, 0x08A8,
0x843E, 0x08A4,
0x843D, 0x08A4,
0x843A, 0x08AC,
0x843A, 0x08B4,
0x843B, 0x08BC,
0x8442, 0x08BF,
0x8449, 0x08C0,
0x8451, 0x08BF,
0x8458, 0x08C3,
0x845A, 0x08BD,
0x8455, 0x08B9,
0x844F, 0x08B2,
0x844A, 0x08AD,
0x8453, 0x089E,
0x8458, 0x08A4,
0x845F, 0x08A7,
0x8466, 0x08AD,
0x846B, 0x08B3,
0x8470, 0x08B9,
0x8474, 0x08C0,
0x847A, 0x08C5,
0x847F, 0x08CB,
0x8485, 0x08D0,
0x848A, 0x08D7,
0x8490, 0x08DC,
0x8495, 0x08E2,
0x849A, 0x08E9,
0x849F, 0x08EF,
0x84A5, 0x08F4,
0x84AB, 0x08FA,
0x84AD, 0x0901,
0x84B2, 0x0908,
0x84B6, 0x090E,
0x84BE, 0x0911,
0x84C6, 0x0911,
0x84CE, 0x0911,
0x84D5, 0x0913,
0x84DD, 0x0916,
0x84E5, 0x0916,
0x84ED, 0x0916,
0x84F4, 0x0914,
0x84FC, 0x0911,
0x8504, 0x0910,
0x850A, 0x090B,
0x8512, 0x090A,
0x8519, 0x0907,
0x851F, 0x0901,
0x8524, 0x08FB,
0x852A, 0x08F5,
0x8530, 0x08EF,
0x8533, 0x08E8,
0x8538, 0x08E2,
0x8540, 0x08DF,
0x8545, 0x08D9,
0x8549, 0x08D3,
0x854F, 0x08CD,
0x8555, 0x08C7,
0x8558, 0x08C0,
0x855D, 0x08BA,
0x8563, 0x08B5,
0x8569, 0x08AF,
0x856E, 0x08A9,
0x8573, 0x08A3,
0x8573, 0x089A,
0x8573, 0x0892,
0x8574, 0x088A,
0x857A, 0x0884,
0x857B, 0x0883,
0x057B, 0x0883,
0x059E, 0x097F,
0x859E, 0x097F,
0x85A2, 0x0983,
0x059E, 0x097F,
0x059B, 0x097F,
0x859B, 0x097F,
0x859F, 0x0983,
0x059B, 0x097F,
0x0599, 0x0981,
0x8599, 0x0981,
0x859D, 0x0985,
0x0599, 0x0981,
0x0598, 0x097D,
0x8598, 0x097D,
0x859C, 0x0981,
0x0598, 0x097D,
0x0599, 0x0979,
0x8599, 0x0979,
0x859D, 0x097D,
0x0599, 0x0979,
0x0599, 0x097B,
0x8599, 0x097B,
0x859D, 0x097F,
0x0599, 0x097B,
0x0597, 0x0981,
0x8597, 0x0981,
0x859B, 0x0985,
0x0597, 0x0981,
0x058E, 0x0964,
0x858E, 0x0964,
0x8592, 0x0968,
0x058E, 0x0964,
0x057F, 0x0932,
0x857F, 0x0932,
0x8584, 0x0936,
0x057F, 0x0932,
0x057E, 0x094E,
0x857E, 0x094E,
0x8582, 0x0952,
0x057E, 0x094E,
0x0582, 0x0932,
0x8582, 0x0932,
0x8587, 0x0936,
0x0582, 0x0932,
0x0581, 0x096E,
0x8581, 0x096E,
0x8585, 0x0972,
0x0581, 0x096E,
0x057B, 0x097E,
0x857B, 0x097E,
0x857F, 0x0982,
0x057B, 0x097E,
0x057B, 0x097D,
0x857B, 0x097D,
0x857F, 0x0981,
0x057B, 0x097D,
0x0580, 0x08D4,
0x8580, 0x08D4,
0x8584, 0x08D8,
0x0580, 0x08D4,
0x057D, 0x08DE,
0x857D, 0x08DE,
0x8581, 0x08E2,
0x057D, 0x08DE,
0x057F, 0x08D6,
0x857F, 0x08D6,
0x8583, 0x08DB,
0x057F, 0x08D6,
0x0578, 0x088F,
0x8578, 0x088F,
0x857C, 0x0893,
0x0578, 0x088F,
0x057D, 0x088B,
0x857D, 0x088B,
0x8581, 0x088F,
0x057D, 0x088B,
0x057D, 0x0891,
0x857D, 0x0891,
0x8582, 0x0895,
0x057D, 0x0891,
0x0578, 0x08A9,
0x8578, 0x08A9,
0x857C, 0x08AD,
0x0578, 0x08A9,
0x0579, 0x08AC,
0x8579, 0x08AC,
0x857D, 0x08B0,
0x0579, 0x08AC,
0x0577, 0x08AC,
0x8577, 0x08AC,
0x857B, 0x08B1,
0x0577, 0x08AC,
0x057E, 0x08A7,
0x857E, 0x08A7,
0x8582, 0x08AB,
0x057E, 0x08A7,
0x057A, 0x08A7,
0x857A, 0x08A7,
0x857E, 0x08AB,
0x057A, 0x08A7,
0x057A, 0x0897,
0x857A, 0x0897,
0x857E, 0x089B,
0x057A, 0x0897,
0x0581, 0x08BB,
0x8581, 0x08BB,
0x8585, 0x08BF,
0x0581, 0x08BB,
0x057D, 0x08C5,
0x857D, 0x08C5,
0x8581, 0x08C9,
0x057D, 0x08C5,
0x057A, 0x091B,
0x857A, 0x091B,
0x857E, 0x091F,
0x057A, 0x091B,
0x05A7, 0x0993,
0x85A7, 0x0993,
0x85AB, 0x0997,
0x05A7, 0x0993,
0x05A9, 0x0994,
0x85A9, 0x0994,
0x85AD, 0x0998,
0x05A9, 0x0994,
0x05A6, 0x0991,
0x85A6, 0x0991,
0x85AA, 0x0995,
0x05A6, 0x0991,
0x05A5, 0x0995,
0x85A5, 0x0995,
0x85A9, 0x0999,
0x05A5, 0x0995,
0x05A3, 0x098E,
0x85A3, 0x098E,
0x85A7, 0x0992,
0x05A3, 0x098E,
0x05B6, 0x09A8,
0x85B6, 0x09A8,
0x85BA, 0x09AC,
0x05B6, 0x09A8,
0x05AD, 0x09A8,
0x85AD, 0x09A8,
0x85B2, 0x09AC,
0x05AD, 0x09A8,
0x05B1, 0x09A6,
0x85B1, 0x09A6,
0x85B5, 0x09AA,
0x05B1, 0x09A6,
0x05A9, 0x09A1,
0x85A9, 0x09A1,
0x85AD, 0x09A5,
0x05A9, 0x09A1,
0x05B7, 0x09A4,
0x85B7, 0x09A4,
0x85BB, 0x09A8,
0x05B7, 0x09A4,
0x05A9, 0x09AB,
0x85A9, 0x09AB,
0x85AD, 0x09AF,
0x05A9, 0x09AB,
0x059D, 0x09AC,
0x859D, 0x09AC,
0x85A1, 0x09B1,
0x059D, 0x09AC,
0x05A5, 0x09AF,
0x85A5, 0x09AF,
0x85A9, 0x09B4,
0x05A5, 0x09AF,
0x059C, 0x09AD,
0x859C, 0x09AD,
0x85A0, 0x09B1,
0x059C, 0x09AD,
0x057F, 0x0991,
0x857F, 0x0991,
0x8583, 0x0996,
0x057F, 0x0991,
0x057F, 0x0999,
0x857F, 0x0999,
0x8583, 0x099D,
0x057F, 0x0999,
0x0578, 0x0996,
0x8578, 0x0996,
0x857C, 0x099A,
0x0578, 0x0996,
0x058C, 0x09AA,
0x858C, 0x09AA,
0x8590, 0x09AE,
0x058C, 0x09AA,
0x057A, 0x099A,
0x857A, 0x099A,
0x857E, 0x099E,
0x057A, 0x099A,
0x0577, 0x0993,
0x8577, 0x0993,
0x857B, 0x0997,
0x0577, 0x0993,
0x057B, 0x099E,
0x857B, 0x099E,
0x857F, 0x09A2,
0x057B, 0x099E,
0x0587, 0x09AD,
0x8587, 0x09AD,
0x858B, 0x09B1,
0x0587, 0x09AD,
0x0570, 0x08B4,
0x8570, 0x08B4,
0x8574, 0x08B8,
0x0570, 0x08B4,
0x0577, 0x08BE,
0x8577, 0x08BE,
0x857B, 0x08C2,
0x0577, 0x08BE,
0x0571, 0x09B1,
0x8571, 0x09B1,
0x8575, 0x09B5,
0x0571, 0x09B1,
0x057F, 0x09AF,
0x857F, 0x09AF,
0x8584, 0x09B3,
0x057F, 0x09AF,
0x0576, 0x09A2,
0x8576, 0x09A2,
0x857A, 0x09A6,
0x0576, 0x09A2,
0x0582, 0x09AF,
0x8582, 0x09AF,
0x8586, 0x09B3,
0x0582, 0x09AF,
0x056C, 0x08B6,
0x856C, 0x08B6,
0x8570, 0x08BA,
0x056C, 0x08B6,
0x056A, 0x08BA,
0x856A, 0x08BA,
0x856E, 0x08BE,
0x056A, 0x08BA,
0x0568, 0x08BA,
0x8568, 0x08BA,
0x856C, 0x08BE,
0x0568, 0x08BA,
0x055A, 0x08C6,
0x855A, 0x08C6,
0x855E, 0x08CA,
0x055A, 0x08C6,
0x052D, 0x08FC,
0x852D, 0x08FC,
0x8532, 0x0900,
0x052D, 0x08FC,
0x0530, 0x08F6,
0x8530, 0x08F6,
0x8534, 0x08FA,
0x0530, 0x08F6,
0x052C, 0x0909,
0x852C, 0x0909,
0x8530, 0x090D,
0x052C, 0x0909,
0x052C, 0x090E,
0x852C, 0x090E,
0x8531, 0x0912,
0x052C, 0x090E,
0x0532, 0x08F4,
0x8532, 0x08F4,
0x8536, 0x08F9,
0x0532, 0x08F4,
0x0531, 0x08F7,
0x8531, 0x08F7,
0x8535, 0x08FB,
0x0531, 0x08F7,
0x0535, 0x08FC,
0x8535, 0x08FC,
0x8539, 0x0900,
0x0535, 0x08FC,
0x0538, 0x08FE,
0x8538, 0x08FE,
0x853C, 0x0902,
0x0538, 0x08FE,
0x0538, 0x08F0,
0x8538, 0x08F0,
0x853C, 0x08F4,
0x0538, 0x08F0,
0x0532, 0x08F9,
0x8532, 0x08F9,
0x8536, 0x08FD,
0x0532, 0x08F9,
0x0535, 0x0904,
0x8535, 0x0904,
0x8539, 0x0908,
0x0535, 0x0904,
0x054A, 0x08DC,
0x854A, 0x08DC,
0x854F, 0x08E0,
0x054A, 0x08DC,
0x0536, 0x0931,
0x8536, 0x0931,
0x853A, 0x0935,
0x0536, 0x0931,
0x0533, 0x093E,
0x8533, 0x093E,
0x8537, 0x0942,
0x0533, 0x093E,
0x053A, 0x0949,
0x853A, 0x0949,
0x853E, 0x094D,
0x053A, 0x0949,
0x0534, 0x0952,
0x8534, 0x0952,
0x8539, 0x0956,
0x0534, 0x0952,
0x0538, 0x0958,
0x8538, 0x0958,
0x853D, 0x095C,
0x0538, 0x0958,
0x053A, 0x095A,
0x853A, 0x095A,
0x853E, 0x095E,
0x053A, 0x095A,
0x053A, 0x0957,
0x853A, 0x0957,
0x853E, 0x095B,
0x053A, 0x0957,
0x0543, 0x0964,
0x8543, 0x0964,
0x8547, 0x0968,
0x0543, 0x0964,
0x0548, 0x096B,
0x8548, 0x096B,
0x854C, 0x096F,
0x0548, 0x096B,
0x0546, 0x0969,
0x8546, 0x0969,
0x854B, 0x096E,
0x0546, 0x0969,
0x054A, 0x096F,
0x854A, 0x096F,
0x854E, 0x0973,
0x054A, 0x096F,
0x054A, 0x0971,
0x854A, 0x0971,
0x854E, 0x0975,
0x054A, 0x0971,
0x0528, 0x0906,
0x8528, 0x0906,
0x852C, 0x090A,
0x0528, 0x0906,
0x0528, 0x090E,
0x8528, 0x090E,
0x852C, 0x0912,
0x0528, 0x090E,
0x0525, 0x0933,
0x8525, 0x0933,
0x8529, 0x0937,
0x0525, 0x0933,
0x052A, 0x0911,
0x852A, 0x0911,
0x852E, 0x0915,
0x052A, 0x0911,
0x052A, 0x0906,
0x852A, 0x0906,
0x852E, 0x090A,
0x052A, 0x0906,
0x052B, 0x0918,
0x852B, 0x0918,
0x852F, 0x091C,
0x052B, 0x0918,
0x052C, 0x0932,
0x852C, 0x0932,
0x8530, 0x0936,
0x052C, 0x0932,
0x0555, 0x0985,
0x8555, 0x0985,
0x8559, 0x0989,
0x0555, 0x0985,
0x0555, 0x0988,
0x8555, 0x0988,
0x8559, 0x098D,
0x0555, 0x0988,
0x055A, 0x098B,
0x855A, 0x098B,
0x855E, 0x098F,
0x055A, 0x098B,
0x055A, 0x098D,
0x855A, 0x098D,
0x855E, 0x0991,
0x055A, 0x098D,
0x055C, 0x0989,
0x855C, 0x0989,
0x8560, 0x098D,
0x055C, 0x0989,
0x055A, 0x098A,
0x855A, 0x098A,
0x855E, 0x098E,
0x055A, 0x098A,
0x04E0, 0x091D,
0x84E0, 0x091D,
0x84E4, 0x0921,
0x04E0, 0x091D,
0x04DD, 0x091B,
0x84DD, 0x091B,
0x84E1, 0x091F,
0x04DD, 0x091B,
0x04DB, 0x091D,
0x84DB, 0x091D,
0x84E0, 0x0921,
0x04DB, 0x091D,
0x04E7, 0x091C,
0x84E7, 0x091C,
0x84EB, 0x0920,
0x04E7, 0x091C,
0x04E6, 0x091A,
0x84E6, 0x091A,
0x84EA, 0x091E,
0x04E6, 0x091A,
0x04FE, 0x0918,
0x84FE, 0x0918,
0x8502, 0x091C,
0x04FE, 0x0918,
0x050D, 0x0914,
0x850D, 0x0914,
0x8511, 0x0918,
0x050D, 0x0914,
0x0514, 0x0918,
0x8514, 0x0918,
0x8518, 0x091C,
0x0514, 0x0918,
0x0516, 0x0920,
0x8516, 0x0920,
0x851A, 0x0924,
0x0516, 0x0920,
0x0514, 0x091F,
0x8514, 0x091F,
0x8519, 0x0923,
0x0514, 0x091F,
0x051D, 0x091B,
0x851D, 0x091B,
0x8521, 0x091F,
0x051D, 0x091B,
0x0517, 0x091B,
0x8517, 0x091B,
0x851B, 0x091F,
0x0517, 0x091B,
0x051D, 0x090B,
0x851D, 0x090B,
0x8522, 0x090F,
0x051D, 0x090B,
0x0514, 0x091E,
0x8514, 0x091E,
0x8519, 0x0922,
0x0514, 0x091E,
0x04D1, 0x091C,
0x84D1, 0x091C,
0x84D5, 0x0920,
0x04D1, 0x091C,
0x04D1, 0x0916,
0x84D1, 0x0916,
0x84D6, 0x091A,
0x04D1, 0x0916,
0x04CF, 0x0917,
0x84CF, 0x0917,
0x84D3, 0x091B,
0x04CF, 0x0917,
0x04BB, 0x091B,
0x84BB, 0x091B,
0x84BF, 0x091F,
0x04BB, 0x091B,
0x04C1, 0x091B,
0x84C1, 0x091B,
0x84C5, 0x091F,
0x04C1, 0x091B,
0x04C4, 0x091E,
0x84C4, 0x091E,
0x84C8, 0x0922,
0x04C4, 0x091E,
0x04B5, 0x0913,
0x84B5, 0x0913,
0x84B9, 0x0917,
0x04B5, 0x0913,
0x04B1, 0x0920,
0x84B1, 0x0920,
0x84B5, 0x0924,
0x04B1, 0x0920,
0x048C, 0x0909,
0x848C, 0x0909,
0x8490, 0x090D,
0x048C, 0x0909,
0x0483, 0x090B,
0x8483, 0x090B,
0x8487, 0x090F,
0x0483, 0x090B,
0x046D, 0x0901,
0x846D, 0x0901,
0x8471, 0x0905,
0x046D, 0x0901,
0x046F, 0x08FB,
0x846F, 0x08FB,
0x8473, 0x08FF,
0x046F, 0x08FB,
0x046E, 0x08F8,
0x846E, 0x08F8,
0x8472, 0x08FC,
0x046E, 0x08F8,
0x0464, 0x0905,
0x8464, 0x0905,
0x8468, 0x0909,
0x0464, 0x0905,
0x046F, 0x08FA,
0x846F, 0x08FA,
0x8473, 0x08FE,
0x046F, 0x08FA,
0x0462, 0x0904,
0x8462, 0x0904,
0x8466, 0x0908,
0x0462, 0x0904,
0x046C, 0x08F0,
0x846C, 0x08F0,
0x8470, 0x08F4,
0x046C, 0x08F0,
0x0467, 0x08F0,
0x8467, 0x08F0,
0x846B, 0x08F4,
0x0467, 0x08F0,
0x0461, 0x08FE,
0x8461, 0x08FE,
0x8465, 0x0902,
0x0461, 0x08FE,
0x045F, 0x08FA,
0x845F, 0x08FA,
0x8463, 0x08FE,
0x045F, 0x08FA,
0x046A, 0x08F4,
0x846A, 0x08F4,
0x846E, 0x08F8,
0x046A, 0x08F4,
0x0468, 0x08F1,
0x8468, 0x08F1,
0x846C, 0x08F5,
0x0468, 0x08F1,
0x0461, 0x08EC,
0x8461, 0x08EC,
0x8465, 0x08F0,
0x0461, 0x08EC,
0x0469, 0x08F1,
0x8469, 0x08F1,
0x846D, 0x08F5,
0x0469, 0x08F1,
0x0461, 0x08E9,
0x8461, 0x08E9,
0x8465, 0x08ED,
0x0461, 0x08E9,
0x045D, 0x08F0,
0x845D, 0x08F0,
0x8461, 0x08F4,
0x045D, 0x08F0,
0x046D, 0x091A,
0x846D, 0x091A,
0x8471, 0x091E,
0x046D, 0x091A,
0x047A, 0x0927,
0x847A, 0x0927,
0x847E, 0x092C,
0x047A, 0x0927,
0x0477, 0x0921,
0x8477, 0x0921,
0x847B, 0x0925,
0x0477, 0x0921,
0x047C, 0x0928,
0x847C, 0x0928,
0x8480, 0x092C,
0x047C, 0x0928,
0x0464, 0x0928,
0x8464, 0x0928,
0x8468, 0x092C,
0x0464, 0x0928,
0x0463, 0x0926,
0x8463, 0x0926,
0x8467, 0x092A,
0x0463, 0x0926,
0x045F, 0x0924,
0x845F, 0x0924,
0x8463, 0x0928,
0x045F, 0x0924,
0x0465, 0x092B,
0x8465, 0x092B,
0x8469, 0x092F,
0x0465, 0x092B,
0x045E, 0x0926,
0x845E, 0x0926,
0x8462, 0x092A,
0x045E, 0x0926,
0x0462, 0x092B,
0x8462, 0x092B,
0x8466, 0x092F,
0x0462, 0x092B,
0x0462, 0x092E,
0x8462, 0x092E,
0x8466, 0x0932,
0x0462, 0x092E,
0x0468, 0x0934,
0x8468, 0x0934,
0x846C, 0x0938,
0x0468, 0x0934,
0x0461, 0x092B,
0x8461, 0x092B,
0x8465, 0x092F,
0x0461, 0x092B,
0x0468, 0x0938,
0x8468, 0x0938,
0x846C, 0x093C,
0x0468, 0x0938,
0x045E, 0x092A,
0x845E, 0x092A,
0x8462, 0x092E,
0x045E, 0x092A,
0x045E, 0x092F,
0x845E, 0x092F,
0x8462, 0x0933,
0x045E, 0x092F,
0x045D, 0x0931,
0x845D, 0x0931,
0x8461, 0x0935,
0x045D, 0x0931,
0x0461, 0x092F,
0x8461, 0x092F,
0x8465, 0x0933,
0x0461, 0x092F,
0x045D, 0x092B,
0x845D, 0x092B,
0x8461, 0x092F,
0x045D, 0x092B,
0x0495, 0x092D,
0x8495, 0x092D,
0x8499, 0x0931,
0x0495, 0x092D,
0x0492, 0x0933,
0x8492, 0x0933,
0x8497, 0x0937,
0x0492, 0x0933,
0x0487, 0x0937,
0x8487, 0x0937,
0x848B, 0x093B,
0x0487, 0x0937,
0x0488, 0x093D,
0x8488, 0x093D,
0x848C, 0x0941,
0x0488, 0x093D,
0x0488, 0x093C,
0x8488, 0x093C,
0x848C, 0x0940,
0x0488, 0x093C,
0x0493, 0x091B,
0x8493, 0x091B,
0x8497, 0x091F,
0x0493, 0x091B,
0x048F, 0x0936,
0x848F, 0x0936,
0x8493, 0x093A,
0x048F, 0x0936,
0x0480, 0x091F,
0x8480, 0x091F,
0x8484, 0x0923,
0x0480, 0x091F,
0x0485, 0x092E,
0x8485, 0x092E,
0x8489, 0x0932,
0x0485, 0x092E,
0x0489, 0x0939,
0x8489, 0x0939,
0x848D, 0x093E,
0x0489, 0x0939,
0x0498, 0x0927,
0x8498, 0x0927,
0x849C, 0x092B,
0x0498, 0x0927,
0x0499, 0x0921,
0x8499, 0x0921,
0x849D, 0x0926,
0x0499, 0x0921,
0x049C, 0x08FB,
0x849C, 0x08FB,
0x84A0, 0x08FF,
0x049C, 0x08FB,
0x049D, 0x08F5,
0x849D, 0x08F5,
0x84A1, 0x08F9,
0x049D, 0x08F5,
0x049E, 0x08F4,
0x849E, 0x08F4,
0x84A2, 0x08F8,
0x049E, 0x08F4,
0x049F, 0x08F6,
0x849F, 0x08F6,
0x84A3, 0x08FA,
0x049F, 0x08F6,
0x049E, 0x08FB,
0x849E, 0x08FB,
0x84A2, 0x08FF,
0x049E, 0x08FB,
0x04A2, 0x0905,
0x84A2, 0x0905,
0x84A6, 0x0909,
0x04A2, 0x0905,
0x04A1, 0x0903,
0x84A1, 0x0903,
0x84A5, 0x0907,
0x04A1, 0x0903,
0x04A4, 0x0903,
0x84A4, 0x0903,
0x84A8, 0x0908,
0x04A4, 0x0903,
0x04A4, 0x091A,
0x84A4, 0x091A,
0x84A8, 0x091E,
0x04A4, 0x091A,
0x049D, 0x091F,
0x849D, 0x091F,
0x84A2, 0x0924,
0x049D, 0x091F,
0x04AD, 0x091E,
0x84AD, 0x091E,
0x84B1, 0x0922,
0x04AD, 0x091E,
0x04B1, 0x0914,
0x84B1, 0x0914,
0x84B5, 0x0918,
0x04B1, 0x0914,
0x04AB, 0x0924,
0x84AB, 0x0924,
0x84AF, 0x0928,
0x04AB, 0x0924,
0x0488, 0x08E8,
0x8488, 0x08E8,
0x848C, 0x08EC,
0x0488, 0x08E8,
0x048B, 0x08E3,
0x848B, 0x08E3,
0x848F, 0x08E8,
0x048B, 0x08E3,
0x0489, 0x08E8,
0x8489, 0x08E8,
0x848D, 0x08EC,
0x0489, 0x08E8,
0x0488, 0x08E6,
0x8488, 0x08E6,
0x848C, 0x08EA,
0x0488, 0x08E6,
0x048C, 0x08E3,
0x848C, 0x08E3,
0x8490, 0x08E7,
0x048C, 0x08E3,
0x048D, 0x08E0,
0x848D, 0x08E0,
0x8491, 0x08E5,
0x048D, 0x08E0,
0x048D, 0x08E2,
0x848D, 0x08E2,
0x8491, 0x08E6,
0x048D, 0x08E2,
0x0491, 0x08EF,
0x8491, 0x08EF,
0x8495, 0x08F3,
0x0491, 0x08EF,
0x048F, 0x08EE,
0x848F, 0x08EE,
0x8493, 0x08F2,
0x048F, 0x08EE,
0x048F, 0x08E5,
0x848F, 0x08E5,
0x8493, 0x08EA,
0x048F, 0x08E5,
0x048F, 0x08E3,
0x848F, 0x08E3,
0x8493, 0x08E7,
0x048F, 0x08E3,
0x0490, 0x08F4,
0x8490, 0x08F4,
0x8494, 0x08F8,
0x0490, 0x08F4,
0x0495, 0x08EC,
0x8495, 0x08EC,
0x8499, 0x08F0,
0x0495, 0x08EC,
0x0470, 0x0957,
0x8470, 0x0957,
0x8474, 0x095B,
0x0470, 0x0957,
0x0479, 0x0952,
0x8479, 0x0952,
0x847D, 0x0956,
0x0479, 0x0952,
0x0477, 0x094D,
0x8477, 0x094D,
0x847B, 0x0951,
0x0477, 0x094D,
0x047D, 0x0947,
0x847D, 0x0947,
0x8481, 0x094B,
0x047D, 0x0947,
0x0479, 0x0950,
0x8479, 0x0950,
0x847D, 0x0954,
0x0479, 0x0950,
0x0488, 0x08E1,
0x8488, 0x08E1,
0x848C, 0x08E5,
0x0488, 0x08E1,
0x0484, 0x08D9,
0x8484, 0x08D9,
0x8488, 0x08DD,
0x0484, 0x08D9,
0x0480, 0x08DE,
0x8480, 0x08DE,
0x8484, 0x08E2,
0x0480, 0x08DE,
0x047C, 0x08DD,
0x847C, 0x08DD,
0x8480, 0x08E1,
0x047C, 0x08DD,
0x047D, 0x08DF,
0x847D, 0x08DF,
0x8481, 0x08E3,
0x047D, 0x08DF,
0x047B, 0x08CC,
0x847B, 0x08CC,
0x847F, 0x08D1,
0x047B, 0x08CC,
0x0481, 0x08D6,
0x8481, 0x08D6,
0x8485, 0x08DA,
0x0481, 0x08D6,
0x047B, 0x08D2,
0x847B, 0x08D2,
0x847F, 0x08D7,
0x047B, 0x08D2,
0x047D, 0x08D2,
0x847D, 0x08D2,
0x8481, 0x08D6,
0x047D, 0x08D2,
0x0449, 0x097A,
0x8449, 0x097A,
0x844E, 0x097E,
0x0449, 0x097A,
0x044B, 0x0979,
0x844B, 0x0979,
0x8450, 0x097D,
0x044B, 0x0979,
0x044A, 0x0975,
0x844A, 0x0975,
0x844E, 0x0979,
0x044A, 0x0975,
0x044E, 0x0970,
0x844E, 0x0970,
0x8452, 0x0974,
0x044E, 0x0970,
0x044C, 0x0975,
0x844C, 0x0975,
0x8450, 0x0979,
0x044C, 0x0975,
0x044C, 0x0972,
0x844C, 0x0972,
0x8450, 0x0976,
0x044C, 0x0972,
0x044E, 0x0973,
0x844E, 0x0973,
0x8452, 0x0978,
0x044E, 0x0973,
0x0453, 0x096C,
0x8453, 0x096C,
0x8457, 0x0970,
0x0453, 0x096C,
0x0456, 0x096C,
0x8456, 0x096C,
0x845A, 0x0970,
0x0456, 0x096C,
0x0457, 0x0966,
0x8457, 0x0966,
0x845B, 0x096B,
0x0457, 0x0966,
0x0461, 0x0964,
0x8461, 0x0964,
0x8465, 0x0968,
0x0461, 0x0964,
0x0463, 0x095C,
0x8463, 0x095C,
0x8467, 0x0960,
0x0463, 0x095C,
0x0467, 0x095A,
0x8467, 0x095A,
0x846B, 0x095E,
0x0467, 0x095A,
0x0469, 0x0958,
0x8469, 0x0958,
0x846D, 0x095C,
0x0469, 0x0958,
0x0443, 0x0981,
0x8443, 0x0981,
0x8447, 0x0985,
0x0443, 0x0981,
0x0472, 0x08C7,
0x8472, 0x08C7,
0x8476, 0x08CB,
0x0472, 0x08C7,
0x046F, 0x08CB,
0x846F, 0x08CB,
0x8473, 0x08CF,
0x046F, 0x08CB,
0x0470, 0x08C1,
0x8470, 0x08C1,
0x8474, 0x08C5,
0x0470, 0x08C1,
0x0471, 0x08C4,
0x8471, 0x08C4,
0x8475, 0x08C8,
0x0471, 0x08C4,
0x0468, 0x08BA,
0x8468, 0x08BA,
0x846C, 0x08BE,
0x0468, 0x08BA,
0x0468, 0x08BD,
0x8468, 0x08BD,
0x846C, 0x08C1,
0x0468, 0x08BD,
0x045F, 0x08B8,
0x845F, 0x08B8,
0x8463, 0x08BC,
0x045F, 0x08B8,
0x0468, 0x08BB,
0x8468, 0x08BB,
0x846C, 0x08BF,
0x0468, 0x08BB,
0x0462, 0x08B0,
0x8462, 0x08B0,
0x8466, 0x08B4,
0x0462, 0x08B0,
0x0463, 0x08B3,
0x8463, 0x08B3,
0x8467, 0x08B7,
0x0463, 0x08B3,
0x045D, 0x08B4,
0x845D, 0x08B4,
0x8461, 0x08B8,
0x045D, 0x08B4,
0x045A, 0x08AA,
0x845A, 0x08AA,
0x845E, 0x08AE,
0x045A, 0x08AA,
0x0457, 0x08B2,
0x8457, 0x08B2,
0x845B, 0x08B6,
0x0457, 0x08B2,
0x0453, 0x08AF,
0x8453, 0x08AF,
0x8457, 0x08B4,
0x0453, 0x08AF,
0x0458, 0x08A9,
0x8458, 0x08A9,
0x845C, 0x08AD,
0x0458, 0x08A9,
0x0453, 0x08AA,
0x8453, 0x08AA,
0x8458, 0x08AE,
0x0453, 0x08AA,
0x0450, 0x08AB,
0x8450, 0x08AB,
0x8455, 0x08AF,
0x0450, 0x08AB,
0x0444, 0x089A,
0x8444, 0x089A,
0x8448, 0x089E,
0x0444, 0x089A,
0x0442, 0x089C,
0x8442, 0x089C,
0x8446, 0x08A0,
0x0442, 0x089C,
0x0442, 0x089B,
0x8442, 0x089B,
0x8447, 0x089F,
0x0442, 0x089B,
0x042E, 0x08CE,
0x842E, 0x08CE,
0x8432, 0x08D2,
0x042E, 0x08CE,
0x043A, 0x08C5,
0x843A, 0x08C5,
0x843E, 0x08C9,
0x043A, 0x08C5,
0x043E, 0x08B0,
0x843E, 0x08B0,
0x8442, 0x08B4,
0x043E, 0x08B0,
0x043B, 0x08C7,
0x843B, 0x08C7,
0x843F, 0x08CB,
0x043B, 0x08C7,
0x043E, 0x08AF,
0x843E, 0x08AF,
0x8442, 0x08B3,
0x043E, 0x08AF,
0x0448, 0x0897,
0x8448, 0x0897,
0x844C, 0x089B,
0x0448, 0x0897,
0x0440, 0x08B1,
0x8440, 0x08B1,
0x8444, 0x08B5,
0x0440, 0x08B1,
0x043B, 0x08C8,
0x843B, 0x08C8,
0x843F, 0x08CC,
0x043B, 0x08C8,
0x0446, 0x08CD,
0x8446, 0x08CD,
0x844A, 0x08D2,
0x0446, 0x08CD,
0x0444, 0x08CC,
0x8444, 0x08CC,
0x8448, 0x08D0,
0x0444, 0x08CC,
0x0445, 0x08CB,
0x8445, 0x08CB,
0x8449, 0x08CF,
0x0445, 0x08CB,
0x0449, 0x08C4,
0x8449, 0x08C4,
0x844D, 0x08C8,
0x0449, 0x08C4,
0x044D, 0x08C6,
0x844D, 0x08C6,
0x8451, 0x08CA,
0x044D, 0x08C6,
0x045E, 0x08D2,
0x845E, 0x08D2,
0x8462, 0x08D6,
0x045E, 0x08D2,
0x045D, 0x08CA,
0x845D, 0x08CA,
0x8461, 0x08CE,
0x045D, 0x08CA,
0x043D, 0x08C7,
0x843D, 0x08C7,
0x8441, 0x08CB,
0x043D, 0x08C7,
0x043E, 0x08CE,
0x843E, 0x08CE,
0x8442, 0x08D2,
0x043E, 0x08CE,
0x043D, 0x08C1,
0x843D, 0x08C1,
0x8441, 0x08C5,
0x043D, 0x08C1,
0x043E, 0x08CA,
0x843E, 0x08CA,
0x8442, 0x08CE,
0x043E, 0x08CA,
0x042D, 0x08EA,
0x842D, 0x08EA,
0x8431, 0x08EE,
0x042D, 0x08EA,
0x042B, 0x08EF,
0x842B, 0x08EF,
0x842F, 0x08F3,
0x042B, 0x08EF,
0x042F, 0x0970,
0x842F, 0x0970,
0x8433, 0x0974,
0x042F, 0x0970,
0x042A, 0x0986,
0x842A, 0x0986,
0x842E, 0x098A,
0x042A, 0x0986,
0x042F, 0x096F,
0x842F, 0x096F,
0x8433, 0x0973,
0x042F, 0x096F,
0x0425, 0x0943,
0x8425, 0x0943,
0x8429, 0x0948,
0x0425, 0x0943,
0x0425, 0x0948,
0x8425, 0x0948,
0x8429, 0x094C,
0x0425, 0x0948,
0x0425, 0x093F,
0x8425, 0x093F,
0x8429, 0x0943,
0x0425, 0x093F,
0x0429, 0x0912,
0x8429, 0x0912,
0x842D, 0x0916,
0x0429, 0x0912,
0x042A, 0x09A4,
0x842A, 0x09A4,
0x842E, 0x09A8,
0x042A, 0x09A4,
0x0428, 0x09A5,
0x8428, 0x09A5,
0x842C, 0x09A9,
0x0428, 0x09A5,
0x042B, 0x09A3,
0x842B, 0x09A3,
0x8430, 0x09A7,
0x042B, 0x09A3,
0x042B, 0x09A2,
0x842B, 0x09A2,
0x8430, 0x09A7,
0x042B, 0x09A2,
0x042F, 0x099E,
0x842F, 0x099E,
0x8433, 0x09A2,
0x042F, 0x099E,
0x0436, 0x0996,
0x8436, 0x0996,
0x843A, 0x099A,
0x0436, 0x0996,
0x0438, 0x098F,
0x8438, 0x098F,
0x843C, 0x0993,
0x0438, 0x098F,
0x043F, 0x0986,
0x843F, 0x0986,
0x8443, 0x098A,
0x043F, 0x0986,
0x043C, 0x0891,
0x843C, 0x0891,
0x8440, 0x0895,
0x043C, 0x0891,
0x0424, 0x08D0,
0x8424, 0x08D0,
0x8429, 0x08D4,
0x0424, 0x08D0,
0x042E, 0x08B3,
0x842E, 0x08B3,
0x8433, 0x08B7,
0x042E, 0x08B3,
0x0427, 0x08C5,
0x8427, 0x08C5,
0x842B, 0x08C9,
0x0427, 0x08C5,
0x0424, 0x08AB,
0x8424, 0x08AB,
0x8429, 0x08AF,
0x0424, 0x08AB,
0x042D, 0x08AE,
0x842D, 0x08AE,
0x8431, 0x08B2,
0x042D, 0x08AE,
0x042C, 0x08A4,
0x842C, 0x08A4,
0x8430, 0x08A9,
0x042C, 0x08A4,
0x041E, 0x08BF,
0x841E, 0x08BF,
0x8422, 0x08C3,
0x041E, 0x08BF,
0x0425, 0x08C1,
0x8425, 0x08C1,
0x8429, 0x08C5,
0x0425, 0x08C1,
0x0422, 0x0962,
0x8422, 0x0962,
0x8426, 0x0966,
0x0422, 0x0962,
0x0426, 0x0980,
0x8426, 0x0980,
0x842A, 0x0984,
0x0426, 0x0980,
0x0425, 0x0977,
0x8425, 0x0977,
0x8429, 0x097B,
0x0425, 0x0977,
0x0422, 0x095D,
0x8422, 0x095D,
0x8426, 0x0961,
0x0422, 0x095D,
0x0421, 0x0979,
0x8421, 0x0979,
0x8425, 0x097E,
0x0421, 0x0979,
0x0421, 0x0979,
0x8421, 0x0979,
0x8425, 0x097D,
0x0421, 0x0979,
0x041F, 0x0964,
0x841F, 0x0964,
0x8423, 0x0968,
0x041F, 0x0964,
0x0421, 0x097F,
0x8421, 0x097F,
0x8425, 0x0983,
0x0421, 0x097F,
0x041D, 0x0967,
0x841D, 0x0967,
0x8421, 0x096B,
0x041D, 0x0967,
0x040B, 0x099C,
0x840B, 0x099C,
0x8410, 0x09A0,
0x040B, 0x099C,
0x0418, 0x097D,
0x8418, 0x097D,
0x841C, 0x0981,
0x0418, 0x097D,
0x0410, 0x099D,
0x8410, 0x099D,
0x8414, 0x09A1,
0x0410, 0x099D,
0x040E, 0x099D,
0x840E, 0x099D,
0x8412, 0x09A1,
0x040E, 0x099D,
0x041F, 0x08CC,
0x841F, 0x08CC,
0x8423, 0x08D0,
0x041F, 0x08CC,
0x0419, 0x08C4,
0x8419, 0x08C4,
0x841D, 0x08C8,
0x0419, 0x08C4,
0x0419, 0x08C1,
0x8419, 0x08C1,
0x841D, 0x08C5,
0x0419, 0x08C1,
0x0417, 0x08BB,
0x8417, 0x08BB,
0x841B, 0x08BF,
0x0417, 0x08BB,
0x041B, 0x08CE,
0x841B, 0x08CE,
0x841F, 0x08D2,
0x041B, 0x08CE,
0x0414, 0x08CC,
0x8414, 0x08CC,
0x8418, 0x08D0,
0x0414, 0x08CC,
0x0417, 0x08C2,
0x8417, 0x08C2,
0x841B, 0x08C6,
0x0417, 0x08C2,
0x040E, 0x08C5,
0x840E, 0x08C5,
0x8413, 0x08CA,
0x040E, 0x08C5,
0x0412, 0x08C3,
0x8412, 0x08C3,
0x8416, 0x08C7,
0x0412, 0x08C3,
0x0403, 0x08C0,
0x8403, 0x08C0,
0x8407, 0x08C4,
0x0403, 0x08C0,
0x0403, 0x08C5,
0x8403, 0x08C5,
0x8408, 0x08C9,
0x0403, 0x08C5,
0x0403, 0x08C2,
0x8403, 0x08C2,
0x8407, 0x08C7,
0x0403, 0x08C2,
0x0401, 0x08C5,
0x8401, 0x08C5,
0x8405, 0x08C9,
0x0401, 0x08C5,
0x0401, 0x08CA,
0x8401, 0x08CA,
0x8405, 0x08CE,
0x0401, 0x08CA,
0x03FE, 0x08C4,
0x83FE, 0x08C4,
0x8402, 0x08C8,
0x03FE, 0x08C4,
0x03FE, 0x08CE,
0x83FE, 0x08CE,
0x8402, 0x08D2,
0x03FE, 0x08CE,
0x03FF, 0x08C1,
0x83FF, 0x08C1,
0x8403, 0x08C5,
0x03FF, 0x08C1,
0x03FC, 0x08CB,
0x83FC, 0x08CB,
0x8400, 0x08CF,
0x03FC, 0x08CB,
0x03FC, 0x08CD,
0x83FC, 0x08CD,
0x8400, 0x08D1,
0x03FC, 0x08CD,
0x0408, 0x09A8,
0x8408, 0x09A8,
0x840D, 0x09AD,
0x0408, 0x09A8,
0x040F, 0x099D,
0x840F, 0x099D,
0x8413, 0x09A1,
0x040F, 0x099D,
0x0410, 0x09AA,
0x8410, 0x09AA,
0x8414, 0x09AE,
0x0410, 0x09AA,
0x0411, 0x09A4,
0x8411, 0x09A4,
0x8415, 0x09A8,
0x0411, 0x09A4,
0x0411, 0x09A2,
0x8411, 0x09A2,
0x8415, 0x09A6,
0x0411, 0x09A2,
0x0412, 0x09B9,
0x8412, 0x09B9,
0x8416, 0x09BD,
0x0412, 0x09B9,
0x041C, 0x09B6,
0x841C, 0x09B6,
0x8420, 0x09BA,
0x041C, 0x09B6,
0x0424, 0x09A5,
0x8424, 0x09A5,
0x8428, 0x09A9,
0x0424, 0x09A5,
0x040E, 0x0986,
0x840E, 0x0986,
0x8412, 0x098A,
0x040E, 0x0986,
0x040F, 0x097D,
0x840F, 0x097D,
0x8414, 0x0981,
0x040F, 0x097D,
0x03FF, 0x099E,
0x83FF, 0x099E,
0x8403, 0x09A3,
0x03FF, 0x099E,
0x0410, 0x097E,
0x8410, 0x097E,
0x8414, 0x0982,
0x0410, 0x097E,
0x0403, 0x0998,
0x8403, 0x0998,
0x8407, 0x099C,
0x0403, 0x0998,
0x03FB, 0x0997,
0x83FB, 0x0997,
0x83FF, 0x099B,
0x03FB, 0x0997,
0x040A, 0x0983,
0x840A, 0x0983,
0x840E, 0x0987,
0x040A, 0x0983,
0x0403, 0x097C,
0x8403, 0x097C,
0x8407, 0x0980,
0x0403, 0x097C,
0x0402, 0x0978,
0x8402, 0x0978,
0x8406, 0x097C,
0x0402, 0x0978,
0x03FE, 0x0984,
0x83FE, 0x0984,
0x8402, 0x0988,
0x03FE, 0x0984,
0x0401, 0x0978,
0x8401, 0x0978,
0x8406, 0x097C,
0x0401, 0x0978,
0x0408, 0x0979,
0x8408, 0x0979,
0x840C, 0x097D,
0x0408, 0x0979,
0x03FF, 0x0985,
0x83FF, 0x0985,
0x8403, 0x0989,
0x03FF, 0x0985,
0x0408, 0x097F,
0x8408, 0x097F,
0x840D, 0x0983,
0x0408, 0x097F,
0x03F3, 0x097F,
0x83F3, 0x097F,
0x83F7, 0x0983,
0x03F3, 0x097F,
0x03F1, 0x097F,
0x83F1, 0x097F,
0x83F5, 0x0983,
0x03F1, 0x097F,
0x03EB, 0x0984,
0x83EB, 0x0984,
0x83EF, 0x0988,
0x03EB, 0x0984,
0x03EF, 0x0980,
0x83EF, 0x0980,
0x83F3, 0x0984,
0x03EF, 0x0980,
0x03F6, 0x0978,
0x83F6, 0x0978,
0x83FA, 0x097C,
0x03F6, 0x0978
};

const unsigned short draw_12[] PROGMEM = {
0x09C4, 0x088D,
0x89C4, 0x088D,
0x89CB, 0x0891,
0x89CF, 0x0898,
0x89D3, 0x089F,
0x89D8, 0x08A5,
0x89DE, 0x08AA,
0x89E3, 0x08B0,
0x89E8, 0x08B6,
0x89ED, 0x08BD,
0x89F2, 0x08C2,
0x89F8, 0x08C8,
0x89FD, 0x08CE,
0x8A03, 0x08D3,
0x8A09, 0x08D8,
0x8A10, 0x08DD,
0x8A14, 0x08E3,
0x8A19, 0x08E9,
0x8A1F, 0x08EF,
0x8A24, 0x08F5,
0x8A2A, 0x08FA,
0x8A30, 0x0900,
0x8A35, 0x0905,
0x8A3C, 0x090A,
0x8A42, 0x090F,
0x8A4A, 0x0912,
0x8A50, 0x0916,
0x8A56, 0x091A,
0x8A5E, 0x091E,
0x8A62, 0x0924,
0x8A69, 0x0929,
0x8A70, 0x092C,
0x8A72, 0x0933,
0x8A71, 0x093B,
0x8A6C, 0x0940,
0x8A64, 0x0943,
0x8A5D, 0x0946,
0x8A56, 0x094A,
0x8A51, 0x094E,
0x8A49, 0x0953,
0x8A43, 0x0957,
0x8A3C, 0x095B,
0x8A36, 0x0961,
0x8A30, 0x0964,
0x8A29, 0x0968,
0x8A22, 0x096C,
0x8A1C, 0x0971,
0x8A15, 0x0974,
0x8A0F, 0x0979,
0x8A08, 0x097E,
0x8A02, 0x0982,
0x89FB, 0x0986,
0x89F0, 0x097C,
0x89F4, 0x0975,
0x89FB, 0x0972,
0x8A02, 0x096E,
0x8A08, 0x0969,
0x8A0E, 0x0963,
0x8A15, 0x0960,
0x8A1C, 0x095C,
0x8A23, 0x0959,
0x8A29, 0x0953,
0x8A2E, 0x094D,
0x8A34, 0x0948,
0x8A3B, 0x0944,
0x8A42, 0x0941,
0x8A48, 0x093C,
0x8A4F, 0x0938,
0x8A50, 0x0931,
0x8A4A, 0x092C,
0x8A44, 0x0928,
0x8A3E, 0x0922,
0x8A37, 0x091F,
0x8A31, 0x0919,
0x8A2C, 0x0914,
0x8A26, 0x090E,
0x8A21, 0x0908,
0x8A1C, 0x0902,
0x8A17, 0x08FC,
0x8A12, 0x08F6,
0x8A0B, 0x08F1,
0x8A06, 0x08EA,
0x89FF, 0x08E6,
0x89F9, 0x08E2,
0x89F6, 0x08DB,
0x89F1, 0x08D4,
0x89EA, 0x08D0,
0x89E3, 0x08CC,
0x89E0, 0x08CC,
0x89DC, 0x08D4,
0x89DC, 0x08DC,
0x89DC, 0x08E4,
0x89DC, 0x08EC,
0x89DC, 0x08F4,
0x89DE, 0x08FC,
0x89E1, 0x0903,
0x89E1, 0x090B,
0x89E0, 0x0913,
0x89E2, 0x091B,
0x89E5, 0x0922,
0x89E8, 0x0929,
0x89E8, 0x0932,
0x89E9, 0x093A,
0x89EC, 0x0941,
0x89EB, 0x0947,
0x89E6, 0x094E,
0x89DF, 0x094D,
0x89D7, 0x094B,
0x89CF, 0x094B,
0x89D3, 0x0940,
0x89D9, 0x093C,
0x89D9, 0x0934,
0x89D9, 0x092B,
0x89D7, 0x0924,
0x89D1, 0x0920,
0x89CF, 0x0929,
0x89D0, 0x0931,
0x89D0, 0x0939,
0x89D3, 0x0940,
0x89CF, 0x094B,
0x89C8, 0x094D,
0x89C0, 0x0950,
0x89B9, 0x0954,
0x89B3, 0x0952,
0x89B1, 0x094B,
0x89B4, 0x0943,
0x89B7, 0x093C,
0x89BA, 0x0935,
0x89BC, 0x092D,
0x89BF, 0x0926,
0x89C2, 0x091E,
0x89C3, 0x0917,
0x89C5, 0x090F,
0x89C4, 0x0907,
0x89C5, 0x08FF,
0x89C5, 0x08F7,
0x89C7, 0x08EF,
0x89C8, 0x08E7,
0x89C8, 0x08E0,
0x89C2, 0x08DB,
0x89BB, 0x08DB,
0x89B3, 0x08DC,
0x89AB, 0x08DE,
0x89A4, 0x08E1,
0x89A0, 0x08E9,
0x89A0, 0x08F0,
0x899E, 0x08F9,
0x899E, 0x0901,
0x899E, 0x0909,
0x899E, 0x0910,
0x899B, 0x0918,
0x899C, 0x0920,
0x899D, 0x0928,
0x899E, 0x0930,
0x899C, 0x0937,
0x8997, 0x093D,
0x8993, 0x0940,
0x898F, 0x0939,
0x898F, 0x0931,
0x8991, 0x0929,
0x8991, 0x0920,
0x8990, 0x0918,
0x898E, 0x0910,
0x898F, 0x0908,
0x898E, 0x08FF,
0x898E, 0x08F7,
0x898D, 0x08EE,
0x8988, 0x08EB,
0x8980, 0x08F0,
0x8978, 0x08EF,
0x8970, 0x08EE,
0x8968, 0x08EE,
0x8960, 0x08EF,
0x8959, 0x08F2,
0x8954, 0x08F9,
0x8958, 0x0900,
0x8958, 0x0908,
0x895A, 0x0910,
0x895E, 0x0918,
0x8962, 0x091F,
0x8965, 0x0927,
0x8956, 0x0930,
0x8951, 0x092B,
0x894E, 0x092A,
0x894D, 0x0933,
0x8951, 0x093A,
0x8957, 0x0938,
0x8956, 0x0930,
0x8965, 0x0927,
0x8969, 0x092D,
0x896C, 0x0936,
0x8970, 0x093D,
0x8970, 0x0946,
0x896E, 0x094D,
0x8968, 0x0953,
0x8960, 0x0954,
0x8959, 0x0951,
0x8950, 0x094F,
0x8948, 0x094F,
0x8940, 0x0951,
0x8938, 0x0955,
0x8930, 0x0954,
0x892F, 0x093F,
0x8934, 0x093B,
0x8932, 0x0935,
0x892B, 0x0931,
0x892A, 0x0931,
0x892A, 0x0939,
0x892F, 0x093F,
0x8930, 0x0954,
0x8927, 0x0954,
0x891F, 0x0954,
0x8917, 0x0957,
0x8910, 0x0959,
0x8908, 0x0957,
0x8900, 0x0954,
0x88FA, 0x0950,
0x88F2, 0x0955,
0x88EB, 0x0952,
0x88E7, 0x094B,
0x88E5, 0x0943,
0x88E5, 0x093A,
0x88E7, 0x0932,
0x88EB, 0x092B,
0x88EB, 0x0922,
0x88EB, 0x091A,
0x88EC, 0x0912,
0x88F0, 0x090A,
0x88F1, 0x0902,
0x88F1, 0x08F9,
0x8903, 0x08F9,
0x8905, 0x0901,
0x890A, 0x0906,
0x8911, 0x090C,
0x8912, 0x0914,
0x8912, 0x091C,
0x8915, 0x0924,
0x891B, 0x0923,
0x891C, 0x091B,
0x891E, 0x0913,
0x891E, 0x090B,
0x891E, 0x0902,
0x8930, 0x0900,
0x8933, 0x0907,
0x8937, 0x090E,
0x8939, 0x0916,
0x893E, 0x091C,
0x8941, 0x0914,
0x8942, 0x090C,
0x8942, 0x0905,
0x8940, 0x08FD,
0x893F, 0x08F5,
0x8939, 0x08F0,
0x8932, 0x08EF,
0x8930, 0x08F8,
0x8930, 0x0900,
0x891E, 0x0902,
0x891D, 0x08FB,
0x891A, 0x08F3,
0x8911, 0x08F2,
0x8909, 0x08F2,
0x8907, 0x08F2,
0x8903, 0x08F9,
0x88F1, 0x08F9,
0x88EA, 0x08F6,
0x88E3, 0x08F2,
0x88DA, 0x08F2,
0x88D3, 0x08F5,
0x88CB, 0x08F7,
0x88C5, 0x08FD,
0x88BF, 0x0902,
0x88B7, 0x0906,
0x88AF, 0x0908,
0x88AC, 0x090F,
0x88AA, 0x0918,
0x88AA, 0x0920,
0x88AA, 0x0929,
0x88AA, 0x0931,
0x88AA, 0x093A,
0x88AB, 0x0942,
0x88AC, 0x094A,
0x88B0, 0x0951,
0x88B6, 0x0957,
0x88BC, 0x095D,
0x88C2, 0x0963,
0x88C8, 0x0969,
0x88D1, 0x096B,
0x88D8, 0x096F,
0x88E0, 0x0970,
0x88E8, 0x0972,
0x88F1, 0x0972,
0x88F8, 0x0976,
0x8900, 0x0974,
0x8908, 0x0972,
0x8911, 0x0972,
0x8919, 0x0972,
0x8922, 0x0972,
0x892A, 0x0971,
0x8932, 0x096F,
0x893B, 0x096F,
0x8943, 0x096F,
0x894B, 0x0972,
0x8953, 0x0972,
0x895B, 0x0975,
0x8963, 0x0976,
0x896C, 0x0976,
0x8974, 0x0976,
0x897D, 0x0976,
0x8984, 0x0972,
0x898B, 0x096F,
0x898C, 0x0967,
0x898C, 0x095F,
0x898C, 0x0956,
0x898D, 0x094E,
0x898E, 0x0945,
0x8993, 0x0940,
0x8997, 0x093D,
0x899A, 0x0943,
0x899E, 0x094A,
0x89A0, 0x0952,
0x899C, 0x0958,
0x899B, 0x0960,
0x899E, 0x0968,
0x899F, 0x0970,
0x89A0, 0x0978,
0x89A3, 0x097F,
0x89A8, 0x0985,
0x89AF, 0x0989,
0x89B6, 0x098C,
0x89B9, 0x0997,
0x89B3, 0x0997,
0x89AB, 0x099A,
0x89AB, 0x09A2,
0x89AD, 0x09A9,
0x89B1, 0x09AF,
0x89B7, 0x09B2,
0x89BD, 0x09AD,
0x89C4, 0x09A9,
0x89C9, 0x09A3,
0x89CE, 0x099D,
0x89C8, 0x0999,
0x89C1, 0x0999,
0x89B9, 0x0997,
0x89B6, 0x098C,
0x89BE, 0x098A,
0x89C6, 0x0989,
0x89CE, 0x0989,
0x89D6, 0x0989,
0x89DE, 0x0989,
0x89E5, 0x0987,
0x89EB, 0x0982,
0x89F0, 0x097C,
0x89FB, 0x0986,
0x89F7, 0x098D,
0x89F5, 0x0994,
0x89EF, 0x0999,
0x89E8, 0x099D,
0x89E1, 0x09A0,
0x89DC, 0x09A5,
0x89D6, 0x09AB,
0x89D3, 0x09B3,
0x89CD, 0x09B8,
0x89C8, 0x09BE,
0x89C2, 0x09C4,
0x89BF, 0x09CA,
0x89BA, 0x09CF,
0x89B2, 0x09CF,
0x89AA, 0x09CE,
0x89A6, 0x09C8,
0x89A5, 0x09C0,
0x89A4, 0x09B8,
0x899F, 0x09B2,
0x899C, 0x09AB,
0x8998, 0x09A4,
0x8996, 0x099D,
0x8990, 0x0997,
0x898B, 0x0991,
0x8986, 0x098B,
0x8982, 0x0985,
0x897A, 0x0987,
0x8973, 0x098A,
0x896B, 0x098A,
0x8963, 0x098A,
0x895D, 0x0987,
0x8955, 0x0985,
0x894D, 0x0985,
0x8945, 0x0984,
0x893E, 0x0982,
0x8936, 0x0982,
0x892E, 0x0982,
0x8927, 0x0985,
0x891E, 0x0985,
0x8916, 0x0985,
0x890E, 0x0985,
0x8907, 0x0985,
0x8900, 0x098A,
0x88F8, 0x098A,
0x88F0, 0x098A,
0x88E9, 0x0988,
0x88E2, 0x0985,
0x88DC, 0x098A,
0x88D5, 0x098E,
0x88CF, 0x098F,
0x88C9, 0x0995,
0x88C2, 0x0999,
0x88BB, 0x099C,
0x88B0, 0x098F,
0x88B6, 0x098B,
0x88BE, 0x0988,
0x88C3, 0x0982,
0x88C6, 0x097C,
0x88C0, 0x0978,
0x88B9, 0x0973,
0x88B2, 0x0970,
0x88AC, 0x096B,
0x88A8, 0x096A,
0x88A6, 0x0973,
0x88A6, 0x097B,
0x88A6, 0x0983,
0x88A6, 0x098B,
0x88A8, 0x0992,
0x88B0, 0x098F,
0x88BB, 0x099C,
0x88B5, 0x09A1,
0x88AE, 0x09A4,
0x88A7, 0x09A9,
0x88A1, 0x09AD,
0x889A, 0x09AB,
0x8893, 0x09A7,
0x888E, 0x09A2,
0x888F, 0x099A,
0x8892, 0x0993,
0x8892, 0x098B,
0x8892, 0x0983,
0x8892, 0x097B,
0x8892, 0x0973,
0x8892, 0x096B,
0x8892, 0x0963,
0x8892, 0x095B,
0x8895, 0x0954,
0x8894, 0x094E,
0x8892, 0x0946,
0x8895, 0x0940,
0x8898, 0x0938,
0x8898, 0x0930,
0x8899, 0x0929,
0x8899, 0x0921,
0x8898, 0x0919,
0x8898, 0x0911,
0x8897, 0x0909,
0x8898, 0x0901,
0x8897, 0x08F9,
0x8898, 0x08F1,
0x8898, 0x08E9,
0x8897, 0x08E2,
0x8898, 0x08DA,
0x88A7, 0x08D8,
0x88AA, 0x08DF,
0x88AA, 0x08E7,
0x88AC, 0x08EE,
0x88B1, 0x08F1,
0x88B9, 0x08EE,
0x88BE, 0x08E9,
0x88C4, 0x08E3,
0x88CB, 0x08E2,
0x88D2, 0x08E0,
0x88CF, 0x08DB,
0x88C7, 0x08D8,
0x88C1, 0x08D3,
0x88BA, 0x08D1,
0x88B3, 0x08CC,
0x88AD, 0x08C8,
0x88AA, 0x08C8,
0x88A7, 0x08D1,
0x88A7, 0x08D8,
0x8898, 0x08DA,
0x8897, 0x08D2,
0x8897, 0x08CA,
0x8897, 0x08C2,
0x8898, 0x08BA,
0x8898, 0x08B2,
0x8897, 0x08AA,
0x8898, 0x08A2,
0x889E, 0x089E,
0x88A5, 0x08A1,
0x88AA, 0x08A6,
0x88AC, 0x08AE,
0x88B1, 0x08B3,
0x88B8, 0x08B8,
0x88BF, 0x08BB,
0x88C5, 0x08BF,
0x88CD, 0x08C3,
0x88D2, 0x08C9,
0x88D9, 0x08CC,
0x88E0, 0x08D0,
0x88E6, 0x08D5,
0x88ED, 0x08D8,
0x88F3, 0x08D3,
0x88F9, 0x08CD,
0x88FF, 0x08CD,
0x8904, 0x08D3,
0x8909, 0x08D9,
0x890F, 0x08DE,
0x8917, 0x08E0,
0x891E, 0x08DC,
0x8925, 0x08DB,
0x892D, 0x08DB,
0x8935, 0x08DB,
0x893D, 0x08DB,
0x8944, 0x08D8,
0x894C, 0x08D7,
0x8954, 0x08D7,
0x895C, 0x08D7,
0x8963, 0x08DB,
0x896B, 0x08DB,
0x8973, 0x08DB,
0x897B, 0x08DB,
0x8982, 0x08D8,
0x8985, 0x08D2,
0x8987, 0x08CB,
0x898E, 0x08C7,
0x8994, 0x08C2,
0x899B, 0x08BE,
0x89A0, 0x08B8,
0x89A5, 0x08B2,
0x89AA, 0x08AC,
0x89AF, 0x08A6,
0x89B3, 0x089F,
0x89BE, 0x08A5,
0x89BE, 0x08A5,
0x89BD, 0x08AC,
0x89BF, 0x08B4,
0x89BC, 0x08B9,
0x89B7, 0x08BF,
0x89B3, 0x08C6,
0x89B7, 0x08CB,
0x89BE, 0x08C9,
0x89C6, 0x08C8,
0x89CC, 0x08C3,
0x89CF, 0x08BC,
0x89CD, 0x08B5,
0x89C7, 0x08B0,
0x89C2, 0x08AA,
0x89BE, 0x08A5,
0x89B3, 0x089F,
0x89B7, 0x0898,
0x89BC, 0x0892,
0x89C2, 0x088E,
0x89C4, 0x088D,
0x09C4, 0x088D,
0x0A63, 0x0936,
0x8A63, 0x0936,
0x8A68, 0x093A,
0x0A63, 0x0936,
0x0A60, 0x092D,
0x8A60, 0x092D,
0x8A64, 0x0931,
0x0A60, 0x092D,
0x0A5C, 0x0923,
0x8A5C, 0x0923,
0x8A60, 0x0927,
0x0A5C, 0x0923,
0x0A5E, 0x0929,
0x8A5E, 0x0929,
0x8A62, 0x092D,
0x0A5E, 0x0929,
0x0A5F, 0x0927,
0x8A5F, 0x0927,
0x8A63, 0x092B,
0x0A5F, 0x0927,
0x0A4C, 0x091B,
0x8A4C, 0x091B,
0x8A50, 0x091F,
0x0A4C, 0x091B,
0x0A4C, 0x091C,
0x8A4C, 0x091C,
0x8A50, 0x0920,
0x0A4C, 0x091C,
0x0A4C, 0x091B,
0x8A4C, 0x091B,
0x8A50, 0x0920,
0x0A4C, 0x091B,
0x0A34, 0x0914,
0x8A34, 0x0914,
0x8A38, 0x0918,
0x0A34, 0x0914,
0x0A33, 0x090C,
0x8A33, 0x090C,
0x8A37, 0x0910,
0x0A33, 0x090C,
0x0A2D, 0x0909,
0x8A2D, 0x0909,
0x8A32, 0x090D,
0x0A2D, 0x0909,
0x0A32, 0x090F,
0x8A32, 0x090F,
0x8A36, 0x0913,
0x0A32, 0x090F,
0x0A32, 0x090A,
0x8A32, 0x090A,
0x8A36, 0x090F,
0x0A32, 0x090A,
0x0A2D, 0x0909,
0x8A2D, 0x0909,
0x8A31, 0x090D,
0x0A2D, 0x0909,
0x0A25, 0x0900,
0x8A25, 0x0900,
0x8A29, 0x0904,
0x0A25, 0x0900,
0x0A1D, 0x08FD,
0x8A1D, 0x08FD,
0x8A21, 0x0901,
0x0A1D, 0x08FD,
0x0A1D, 0x08FC,
0x8A1D, 0x08FC,
0x8A21, 0x0900,
0x0A1D, 0x08FC,
0x0A1C, 0x08F8,
0x8A1C, 0x08F8,
0x8A20, 0x08FD,
0x0A1C, 0x08F8,
0x0A1E, 0x08F9,
0x8A1E, 0x08F9,
0x8A23, 0x08FD,
0x0A1E, 0x08F9,
0x0A15, 0x08ED,
0x8A15, 0x08ED,
0x8A1A, 0x08F1,
0x0A15, 0x08ED,
0x0A15, 0x08EC,
0x8A15, 0x08EC,
0x8A1A, 0x08F0,
0x0A15, 0x08EC,
0x0A11, 0x08EF,
0x8A11, 0x08EF,
0x8A15, 0x08F3,
0x0A11, 0x08EF,
0x0A0F, 0x08E6,
0x8A0F, 0x08E6,
0x8A13, 0x08EB,
0x0A0F, 0x08E6,
0x0A06, 0x08E6,
0x8A06, 0x08E6,
0x8A0A, 0x08EA,
0x0A06, 0x08E6,
0x0A0A, 0x08DE,
0x8A0A, 0x08DE,
0x8A0E, 0x08E2,
0x0A0A, 0x08DE,
0x09FE, 0x08DE,
0x89FE, 0x08DE,
0x8A02, 0x08E2,
0x09FE, 0x08DE,
0x09FE, 0x08DE,
0x89FE, 0x08DE,
0x8A02, 0x08E2,
0x09FE, 0x08DE,
0x09FD, 0x08D9,
0x89FD, 0x08D9,
0x8A02, 0x08DD,
0x09FD, 0x08D9,
0x0A00, 0x08D9,
0x8A00, 0x08D9,
0x8A04, 0x08DD,
0x0A00, 0x08D9,
0x09F7, 0x08D4,
0x89F7, 0x08D4,
0x89FB, 0x08D8,
0x09F7, 0x08D4,
0x09FA, 0x08D1,
0x89FA, 0x08D1,
0x89FE, 0x08D5,
0x09FA, 0x08D1,
0x09F9, 0x08CB,
0x89F9, 0x08CB,
0x89FE, 0x08CF,
0x09F9, 0x08CB,
0x09EC, 0x08C5,
0x89EC, 0x08C5,
0x89F0, 0x08C9,
0x09EC, 0x08C5,
0x09D2, 0x08B0,
0x89D2, 0x08B0,
0x89D6, 0x08B4,
0x09D2, 0x08B0,
0x09CE, 0x08AF,
0x89CE, 0x08AF,
0x89D2, 0x08B3,
0x09CE, 0x08AF,
0x09D2, 0x08B5,
0x89D2, 0x08B5,
0x89D6, 0x08B9,
0x09D2, 0x08B5,
0x09D7, 0x08C5,
0x89D7, 0x08C5,
0x89DB, 0x08C9,
0x09D7, 0x08C5,
0x09E0, 0x08C2,
0x89E0, 0x08C2,
0x89E4, 0x08C7,
0x09E0, 0x08C2,
0x09DE, 0x08C4,
0x89DE, 0x08C4,
0x89E2, 0x08C8,
0x09DE, 0x08C4,
0x09D7, 0x08BC,
0x89D7, 0x08BC,
0x89DB, 0x08C0,
0x09D7, 0x08BC,
0x09E3, 0x08C6,
0x89E3, 0x08C6,
0x89E7, 0x08CA,
0x09E3, 0x08C6,
0x09C8, 0x08A4,
0x89C8, 0x08A4,
0x89CC, 0x08A9,
0x09C8, 0x08A4,
0x09CA, 0x08A1,
0x89CA, 0x08A1,
0x89CE, 0x08A6,
0x09CA, 0x08A1,
0x09C0, 0x089C,
0x89C0, 0x089C,
0x89C4, 0x08A0,
0x09C0, 0x089C,
0x09C5, 0x0894,
0x89C5, 0x0894,
0x89C9, 0x0899,
0x09C5, 0x0894,
0x09C7, 0x089A,
0x89C7, 0x089A,
0x89CB, 0x089E,
0x09C7, 0x089A,
0x09C1, 0x0893,
0x89C1, 0x0893,
0x89C5, 0x0897,
0x09C1, 0x0893,
0x0A5B, 0x093C,
0x8A5B, 0x093C,
0x8A5F, 0x0940,
0x0A5B, 0x093C,
0x0A57, 0x093C,
0x8A57, 0x093C,
0x8A5B, 0x0940,
0x0A57, 0x093C,
0x0A52, 0x093E,
0x8A52, 0x093E,
0x8A57, 0x0943,
0x0A52, 0x093E,
0x0A53, 0x093B,
0x8A53, 0x093B,
0x8A58, 0x0940,
0x0A53, 0x093B,
0x0A33, 0x0953,
0x8A33, 0x0953,
0x8A37, 0x0958,
0x0A33, 0x0953,
0x0A45, 0x0949,
0x8A45, 0x0949,
0x8A49, 0x094D,
0x0A45, 0x0949,
0x0A40, 0x0949,
0x8A40, 0x0949,
0x8A45, 0x094D,
0x0A40, 0x0949,
0x0A0B, 0x096E,
0x8A0B, 0x096E,
0x8A0F, 0x0972,
0x0A0B, 0x096E,
0x0A0F, 0x0969,
0x8A0F, 0x0969,
0x8A13, 0x096E,
0x0A0F, 0x0969,
0x09FF, 0x0975,
0x89FF, 0x0975,
0x8A04, 0x0979,
0x09FF, 0x0975,
0x09D1, 0x08C4,
0x89D1, 0x08C4,
0x89D5, 0x08C8,
0x09D1, 0x08C4,
0x09E0, 0x092B,
0x89E0, 0x092B,
0x89E4, 0x092F,
0x09E0, 0x092B,
0x09C9, 0x0939,
0x89C9, 0x0939,
0x89CE, 0x093D,
0x09C9, 0x0939,
0x09C2, 0x0941,
0x89C2, 0x0941,
0x89C6, 0x0946,
0x09C2, 0x0941,
0x09B9, 0x0947,
0x89B9, 0x0947,
0x89BD, 0x094B,
0x09B9, 0x0947,
0x09C5, 0x0942,
0x89C5, 0x0942,
0x89C9, 0x0946,
0x09C5, 0x0942,
0x09D4, 0x08E2,
0x89D4, 0x08E2,
0x89D8, 0x08E6,
0x09D4, 0x08E2,
0x09D7, 0x0906,
0x89D7, 0x0906,
0x89DC, 0x090A,
0x09D7, 0x0906,
0x09D3, 0x08F2,
0x89D3, 0x08F2,
0x89D7, 0x08F6,
0x09D3, 0x08F2,
0x09D6, 0x0902,
0x89D6, 0x0902,
0x89DA, 0x0906,
0x09D6, 0x0902,
0x09C8, 0x091E,
0x89C8, 0x091E,
0x89CC, 0x0922,
0x09C8, 0x091E,
0x09C6, 0x091A,
0x89C6, 0x091A,
0x89CA, 0x091E,
0x09C6, 0x091A,
0x09C6, 0x0926,
0x89C6, 0x0926,
0x89CB, 0x092A,
0x09C6, 0x0926,
0x09C5, 0x0929,
0x89C5, 0x0929,
0x89C9, 0x092D,
0x09C5, 0x0929,
0x09C9, 0x0906,
0x89C9, 0x0906,
0x89CE, 0x090A,
0x09C9, 0x0906,
0x09C9, 0x0905,
0x89C9, 0x0905,
0x89CD, 0x0909,
0x09C9, 0x0905,
0x09C8, 0x090C,
0x89C8, 0x090C,
0x89CC, 0x0910,
0x09C8, 0x090C,
0x09D3, 0x0919,
0x89D3, 0x0919,
0x89D8, 0x091D,
0x09D3, 0x0919,
0x09D3, 0x0913,
0x89D3, 0x0913,
0x89D7, 0x0918,
0x09D3, 0x0913,
0x09D1, 0x08FC,
0x89D1, 0x08FC,
0x89D5, 0x0900,
0x09D1, 0x08FC,
0x09CE, 0x08D2,
0x89CE, 0x08D2,
0x89D2, 0x08D6,
0x09CE, 0x08D2,
0x09CD, 0x08F8,
0x89CD, 0x08F8,
0x89D1, 0x08FC,
0x09CD, 0x08F8,
0x09CF, 0x08FA,
0x89CF, 0x08FA,
0x89D3, 0x08FE,
0x09CF, 0x08FA,
0x09C7, 0x08D3,
0x89C7, 0x08D3,
0x89CB, 0x08D7,
0x09C7, 0x08D3,
0x09C3, 0x08D6,
0x89C3, 0x08D6,
0x89C7, 0x08DA,
0x09C3, 0x08D6,
0x09C7, 0x08D4,
0x89C7, 0x08D4,
0x89CB, 0x08D8,
0x09C7, 0x08D4,
0x09C1, 0x08D2,
0x89C1, 0x08D2,
0x89C5, 0x08D6,
0x09C1, 0x08D2,
0x09BC, 0x08CF,
0x89BC, 0x08CF,
0x89C0, 0x08D3,
0x09BC, 0x08CF,
0x09BB, 0x08CE,
0x89BB, 0x08CE,
0x89BF, 0x08D2,
0x09BB, 0x08CE,
0x09AD, 0x08CB,
0x89AD, 0x08CB,
0x89B1, 0x08CF,
0x09AD, 0x08CB,
0x09AD, 0x08CA,
0x89AD, 0x08CA,
0x89B1, 0x08CE,
0x09AD, 0x08CA,
0x09A6, 0x08CF,
0x89A6, 0x08CF,
0x89AB, 0x08D3,
0x09A6, 0x08CF,
0x09AC, 0x08BA,
0x89AC, 0x08BA,
0x89B0, 0x08BE,
0x09AC, 0x08BA,
0x09A6, 0x08B7,
0x89A6, 0x08B7,
0x89AA, 0x08BB,
0x09A6, 0x08B7,
0x09A2, 0x08D2,
0x89A2, 0x08D2,
0x89A6, 0x08D6,
0x09A2, 0x08D2,
0x099C, 0x08C7,
0x899C, 0x08C7,
0x89A0, 0x08CB,
0x099C, 0x08C7,
0x0998, 0x08E9,
0x8998, 0x08E9,
0x899C, 0x08ED,
0x0998, 0x08E9,
0x0992, 0x0902,
0x8992, 0x0902,
0x8996, 0x0906,
0x0992, 0x0902,
0x0993, 0x090D,
0x8993, 0x090D,
0x8997, 0x0911,
0x0993, 0x090D,
0x098B, 0x08DE,
0x898B, 0x08DE,
0x898F, 0x08E2,
0x098B, 0x08DE,
0x098A, 0x08DB,
0x898A, 0x08DB,
0x898E, 0x08E0,
0x098A, 0x08DB,
0x098A, 0x08E4,
0x898A, 0x08E4,
0x898F, 0x08E8,
0x098A, 0x08E4,
0x098A, 0x08D9,
0x898A, 0x08D9,
0x898E, 0x08DE,
0x098A, 0x08D9,
0x0989, 0x08D8,
0x8989, 0x08D8,
0x898D, 0x08DD,
0x0989, 0x08D8,
0x098C, 0x08D1,
0x898C, 0x08D1,
0x8990, 0x08D5,
0x098C, 0x08D1,
0x0987, 0x08E1,
0x8987, 0x08E1,
0x898B, 0x08E5,
0x0987, 0x08E1,
0x0979, 0x08E3,
0x8979, 0x08E3,
0x897D, 0x08E7,
0x0979, 0x08E3,
0x0957, 0x0919,
0x8957, 0x0919,
0x895B, 0x091D,
0x0957, 0x0919,
0x0953, 0x091B,
0x8953, 0x091B,
0x8957, 0x091F,
0x0953, 0x091B,
0x0953, 0x0912,
0x8953, 0x0912,
0x8957, 0x0916,
0x0953, 0x0912,
0x0948, 0x0907,
0x8948, 0x0907,
0x894C, 0x090B,
0x0948, 0x0907,
0x094B, 0x08FA,
0x894B, 0x08FA,
0x894F, 0x08FE,
0x094B, 0x08FA,
0x095E, 0x0934,
0x895E, 0x0934,
0x8962, 0x0938,
0x095E, 0x0934,
0x0962, 0x0936,
0x8962, 0x0936,
0x8966, 0x093A,
0x0962, 0x0936,
0x0961, 0x0931,
0x8961, 0x0931,
0x8965, 0x0935,
0x0961, 0x0931,
0x095F, 0x093D,
0x895F, 0x093D,
0x8963, 0x0941,
0x095F, 0x093D,
0x095F, 0x0949,
0x895F, 0x0949,
0x8963, 0x094D,
0x095F, 0x0949,
0x0935, 0x0921,
0x8935, 0x0921,
0x8939, 0x0926,
0x0935, 0x0921,
0x0935, 0x092D,
0x8935, 0x092D,
0x8939, 0x0932,
0x0935, 0x092D,
0x0938, 0x0936,
0x8938, 0x0936,
0x893C, 0x093A,
0x0938, 0x0936,
0x0940, 0x093F,
0x8940, 0x093F,
0x8944, 0x0943,
0x0940, 0x093F,
0x0948, 0x0941,
0x8948, 0x0941,
0x894C, 0x0945,
0x0948, 0x0941,
0x0937, 0x0930,
0x8937, 0x0930,
0x893B, 0x0934,
0x0937, 0x0930,
0x093F, 0x093C,
0x893F, 0x093C,
0x8943, 0x0940,
0x093F, 0x093C,
0x0948, 0x0935,
0x8948, 0x0935,
0x894C, 0x093A,
0x0948, 0x0935,
0x0952, 0x093F,
0x8952, 0x093F,
0x8956, 0x0943,
0x0952, 0x093F,
0x0954, 0x0945,
0x8954, 0x0945,
0x8958, 0x0949,
0x0954, 0x0945,
0x0947, 0x091A,
0x8947, 0x091A,
0x894B, 0x091F,
0x0947, 0x091A,
0x0955, 0x0948,
0x8955, 0x0948,
0x8959, 0x094C,
0x0955, 0x0948,
0x0943, 0x08E3,
0x8943, 0x08E3,
0x8947, 0x08E7,
0x0943, 0x08E3,
0x0943, 0x08E3,
0x8943, 0x08E3,
0x8948, 0x08E7,
0x0943, 0x08E3,
0x0951, 0x08DA,
0x8951, 0x08DA,
0x8955, 0x08DE,
0x0951, 0x08DA,
0x094E, 0x08DC,
0x894E, 0x08DC,
0x8952, 0x08E0,
0x094E, 0x08DC,
0x094B, 0x08E2,
0x894B, 0x08E2,
0x894F, 0x08E7,
0x094B, 0x08E2,
0x094F, 0x08DF,
0x894F, 0x08DF,
0x8953, 0x08E4,
0x094F, 0x08DF,
0x0943, 0x08FA,
0x8943, 0x08FA,
0x8947, 0x08FE,
0x0943, 0x08FA,
0x094B, 0x08EF,
0x894B, 0x08EF,
0x894F, 0x08F3,
0x094B, 0x08EF,
0x090A, 0x0928,
0x890A, 0x0928,
0x890E, 0x092C,
0x090A, 0x0928,
0x091C, 0x0931,
0x891C, 0x0931,
0x8920, 0x0935,
0x091C, 0x0931,
0x0915, 0x0931,
0x8915, 0x0931,
0x891A, 0x0935,
0x0915, 0x0931,
0x0914, 0x0931,
0x8914, 0x0931,
0x8918, 0x0935,
0x0914, 0x0931,
0x091C, 0x0932,
0x891C, 0x0932,
0x8920, 0x0936,
0x091C, 0x0932,
0x0922, 0x093B,
0x8922, 0x093B,
0x8927, 0x093F,
0x0922, 0x093B,
0x08F8, 0x0911,
0x88F8, 0x0911,
0x88FC, 0x0915,
0x08F8, 0x0911,
0x0907, 0x0913,
0x8907, 0x0913,
0x890B, 0x0918,
0x0907, 0x0913,
0x0920, 0x092E,
0x8920, 0x092E,
0x8924, 0x0932,
0x0920, 0x092E,
0x091C, 0x0927,
0x891C, 0x0927,
0x8920, 0x092B,
0x091C, 0x0927,
0x091F, 0x0925,
0x891F, 0x0925,
0x8923, 0x0929,
0x091F, 0x0925,
0x0924, 0x091E,
0x8924, 0x091E,
0x8928, 0x0922,
0x0924, 0x091E,
0x0925, 0x0920,
0x8925, 0x0920,
0x8929, 0x0924,
0x0925, 0x0920,
0x0923, 0x091F,
0x8923, 0x091F,
0x8927, 0x0923,
0x0923, 0x091F,
0x0928, 0x0926,
0x8928, 0x0926,
0x892D, 0x092A,
0x0928, 0x0926,
0x092C, 0x090B,
0x892C, 0x090B,
0x8930, 0x090F,
0x092C, 0x090B,
0x0925, 0x0913,
0x8925, 0x0913,
0x8929, 0x0917,
0x0925, 0x0913,
0x0924, 0x0908,
0x8924, 0x0908,
0x8928, 0x090C,
0x0924, 0x0908,
0x092E, 0x090D,
0x892E, 0x090D,
0x8932, 0x0911,
0x092E, 0x090D,
0x091B, 0x08E4,
0x891B, 0x08E4,
0x891F, 0x08E8,
0x091B, 0x08E4,
0x091D, 0x08E7,
0x891D, 0x08E7,
0x8921, 0x08EB,
0x091D, 0x08E7,
0x091E, 0x08E9,
0x891E, 0x08E9,
0x8922, 0x08ED,
0x091E, 0x08E9,
0x091C, 0x08EC,
0x891C, 0x08EC,
0x8920, 0x08F1,
0x091C, 0x08EC,
0x091F, 0x08EF,
0x891F, 0x08EF,
0x8923, 0x08F3,
0x091F, 0x08EF,
0x091A, 0x08E5,
0x891A, 0x08E5,
0x891E, 0x08E9,
0x091A, 0x08E5,
0x091E, 0x08E4,
0x891E, 0x08E4,
0x8922, 0x08E9,
0x091E, 0x08E4,
0x08FF, 0x08E2,
0x88FF, 0x08E2,
0x8903, 0x08E6,
0x08FF, 0x08E2,
0x08FF, 0x08E1,
0x88FF, 0x08E1,
0x8903, 0x08E5,
0x08FF, 0x08E1,
0x08FF, 0x08DC,
0x88FF, 0x08DC,
0x8903, 0x08E0,
0x08FF, 0x08DC,
0x08FE, 0x08E1,
0x88FE, 0x08E1,
0x8903, 0x08E5,
0x08FE, 0x08E1,
0x0900, 0x08E0,
0x8900, 0x08E0,
0x8905, 0x08E4,
0x0900, 0x08E0,
0x0901, 0x08DE,
0x8901, 0x08DE,
0x8905, 0x08E2,
0x0901, 0x08DE,
0x0908, 0x08E7,
0x8908, 0x08E7,
0x890C, 0x08EB,
0x0908, 0x08E7,
0x08FE, 0x08DA,
0x88FE, 0x08DA,
0x8903, 0x08DE,
0x08FE, 0x08DA,
0x090B, 0x08E8,
0x890B, 0x08E8,
0x890F, 0x08EC,
0x090B, 0x08E8,
0x0902, 0x08DD,
0x8902, 0x08DD,
0x8906, 0x08E1,
0x0902, 0x08DD,
0x0906, 0x08DE,
0x8906, 0x08DE,
0x890A, 0x08E2,
0x0906, 0x08DE,
0x0907, 0x08DE,
0x8907, 0x08DE,
0x890B, 0x08E2,
0x0907, 0x08DE,
0x0907, 0x08E3,
0x8907, 0x08E3,
0x890B, 0x08E8,
0x0907, 0x08E3,
0x08FC, 0x08FE,
0x88FC, 0x08FE,
0x8901, 0x0902,
0x08FC, 0x08FE,
0x08F9, 0x08E6,
0x88F9, 0x08E6,
0x88FD, 0x08EA,
0x08F9, 0x08E6,
0x08F8, 0x08E4,
0x88F8, 0x08E4,
0x88FC, 0x08E8,
0x08F8, 0x08E4,
0x08EE, 0x08DE,
0x88EE, 0x08DE,
0x88F2, 0x08E2,
0x08EE, 0x08DE,
0x090C, 0x0950,
0x890C, 0x0950,
0x8911, 0x0954,
0x090C, 0x0950,
0x090C, 0x0945,
0x890C, 0x0945,
0x8910, 0x0949,
0x090C, 0x0945,
0x090C, 0x094F,
0x890C, 0x094F,
0x8910, 0x0953,
0x090C, 0x094F,
0x0915, 0x094B,
0x8915, 0x094B,
0x8919, 0x094F,
0x0915, 0x094B,
0x0913, 0x093F,
0x8913, 0x093F,
0x8917, 0x0943,
0x0913, 0x093F,
0x090E, 0x0935,
0x890E, 0x0935,
0x8912, 0x0939,
0x090E, 0x0935,
0x090D, 0x0937,
0x890D, 0x0937,
0x8911, 0x093B,
0x090D, 0x0937,
0x08EE, 0x093B,
0x88EE, 0x093B,
0x88F2, 0x0940,
0x08EE, 0x093B,
0x08F2, 0x0940,
0x88F2, 0x0940,
0x88F6, 0x0944,
0x08F2, 0x0940,
0x08EE, 0x0942,
0x88EE, 0x0942,
0x88F3, 0x0946,
0x08EE, 0x0942,
0x08EC, 0x093C,
0x88EC, 0x093C,
0x88F0, 0x0940,
0x08EC, 0x093C,
0x08EB, 0x0941,
0x88EB, 0x0941,
0x88EF, 0x0945,
0x08EB, 0x0941,
0x08EA, 0x0944,
0x88EA, 0x0944,
0x88EF, 0x0948,
0x08EA, 0x0944,
0x0994, 0x0952,
0x8994, 0x0952,
0x8999, 0x0956,
0x0994, 0x0952,
0x099C, 0x0990,
0x899C, 0x0990,
0x89A0, 0x0994,
0x099C, 0x0990,
0x0995, 0x0961,
0x8995, 0x0961,
0x8999, 0x0966,
0x0995, 0x0961,
0x0996, 0x096A,
0x8996, 0x096A,
0x899A, 0x096E,
0x0996, 0x096A,
0x09A0, 0x0998,
0x89A0, 0x0998,
0x89A4, 0x099C,
0x09A0, 0x0998,
0x099D, 0x0992,
0x899D, 0x0992,
0x89A1, 0x0996,
0x099D, 0x0992,
0x0996, 0x0996,
0x8996, 0x0996,
0x899A, 0x099A,
0x0996, 0x0996,
0x0996, 0x0997,
0x8996, 0x0997,
0x899A, 0x099B,
0x0996, 0x0997,
0x099A, 0x099D,
0x899A, 0x099D,
0x899E, 0x09A1,
0x099A, 0x099D,
0x0990, 0x0977,
0x8990, 0x0977,
0x8994, 0x097B,
0x0990, 0x0977,
0x0990, 0x098C,
0x8990, 0x098C,
0x8994, 0x0990,
0x0990, 0x098C,
0x0991, 0x0990,
0x8991, 0x0990,
0x8995, 0x0994,
0x0991, 0x0990,
0x0991, 0x098A,
0x8991, 0x098A,
0x8995, 0x098E,
0x0991, 0x098A,
0x0986, 0x0979,
0x8986, 0x0979,
0x898A, 0x097E,
0x0986, 0x0979,
0x098A, 0x0982,
0x898A, 0x0982,
0x898E, 0x0986,
0x098A, 0x0982,
0x0986, 0x0985,
0x8986, 0x0985,
0x898A, 0x098A,
0x0986, 0x0985,
0x0986, 0x0987,
0x8986, 0x0987,
0x898A, 0x098B,
0x0986, 0x0987,
0x0981, 0x098C,
0x8981, 0x098C,
0x8985, 0x0990,
0x0981, 0x098C,
0x0938, 0x0976,
0x8938, 0x0976,
0x893C, 0x097A,
0x0938, 0x0976,
0x0937, 0x0979,
0x8937, 0x0979,
0x893B, 0x097D,
0x0937, 0x0979,
0x093D, 0x0973,
0x893D, 0x0973,
0x8941, 0x0977,
0x093D, 0x0973,
0x0945, 0x0974,
0x8945, 0x0974,
0x8949, 0x0978,
0x0945, 0x0974,
0x093B, 0x0976,
0x893B, 0x0976,
0x893F, 0x097B,
0x093B, 0x0976,
0x0944, 0x0979,
0x8944, 0x0979,
0x8948, 0x097D,
0x0944, 0x0979,
0x0943, 0x0977,
0x8943, 0x0977,
0x8947, 0x097B,
0x0943, 0x0977,
0x0941, 0x0975,
0x8941, 0x0975,
0x8945, 0x0979,
0x0941, 0x0975,
0x0952, 0x097B,
0x8952, 0x097B,
0x8956, 0x097F,
0x0952, 0x097B,
0x0956, 0x0976,
0x8956, 0x0976,
0x895A, 0x097A,
0x0956, 0x0976,
0x095C, 0x0980,
0x895C, 0x0980,
0x8960, 0x0985,
0x095C, 0x0980,
0x095F, 0x0982,
0x895F, 0x0982,
0x8963, 0x0986,
0x095F, 0x0982,
0x095E, 0x097C,
0x895E, 0x097C,
0x8963, 0x0980,
0x095E, 0x097C,
0x0962, 0x097C,
0x8962, 0x097C,
0x8966, 0x0981,
0x0962, 0x097C,
0x0912, 0x097B,
0x8912, 0x097B,
0x8916, 0x097F,
0x0912, 0x097B,
0x0914, 0x0978,
0x8914, 0x0978,
0x8919, 0x097C,
0x0914, 0x0978,
0x091D, 0x097D,
0x891D, 0x097D,
0x8921, 0x0981,
0x091D, 0x097D,
0x092C, 0x0979,
0x892C, 0x0979,
0x8931, 0x097D,
0x092C, 0x0979,
0x092E, 0x0978,
0x892E, 0x0978,
0x8932, 0x097C,
0x092E, 0x0978,
0x0931, 0x0979,
0x8931, 0x0979,
0x8935, 0x097E,
0x0931, 0x0979,
0x0902, 0x097C,
0x8902, 0x097C,
0x8906, 0x0980,
0x0902, 0x097C,
0x08FE, 0x097F,
0x88FE, 0x097F,
0x8902, 0x0983,
0x08FE, 0x097F,
0x08FA, 0x0982,
0x88FA, 0x0982,
0x88FF, 0x0986,
0x08FA, 0x0982,
0x08F6, 0x097C,
0x88F6, 0x097C,
0x88FA, 0x0980,
0x08F6, 0x097C,
0x08F6, 0x0980,
0x88F6, 0x0980,
0x88FA, 0x0984,
0x08F6, 0x0980,
0x08E3, 0x0975,
0x88E3, 0x0975,
0x88E7, 0x0979,
0x08E3, 0x0975,
0x08E6, 0x097D,
0x88E6, 0x097D,
0x88EA, 0x0981,
0x08E6, 0x097D,
0x08E1, 0x0977,
0x88E1, 0x0977,
0x88E5, 0x097B,
0x08E1, 0x0977,
0x08DD, 0x0979,
0x88DD, 0x0979,
0x88E1, 0x097D,
0x08DD, 0x0979,
0x08DF, 0x0974,
0x88DF, 0x0974,
0x88E3, 0x0978,
0x08DF, 0x0974,
0x08DC, 0x0975,
0x88DC, 0x0975,
0x88E1, 0x0979,
0x08DC, 0x0975,
0x08CB, 0x0976,
0x88CB, 0x0976,
0x88CF, 0x097A,
0x08CB, 0x0976,
0x08CF, 0x0970,
0x88CF, 0x0970,
0x88D3, 0x0974,
0x08CF, 0x0970,
0x08C8, 0x096D,
0x88C8, 0x096D,
0x88CC, 0x0971,
0x08C8, 0x096D,
0x08BF, 0x096A,
0x88BF, 0x096A,
0x88C3, 0x096E,
0x08BF, 0x096A,
0x08B9, 0x0961,
0x88B9, 0x0961,
0x88BD, 0x0965,
0x08B9, 0x0961,
0x08BD, 0x096D,
0x88BD, 0x096D,
0x88C1, 0x0971,
0x08BD, 0x096D,
0x08B9, 0x0965,
0x88B9, 0x0965,
0x88BD, 0x0969,
0x08B9, 0x0965,
0x08B9, 0x0966,
0x88B9, 0x0966,
0x88BD, 0x096A,
0x08B9, 0x0966,
0x08B9, 0x096B,
0x88B9, 0x096B,
0x88BE, 0x096F,
0x08B9, 0x096B,
0x08B5, 0x0965,
0x88B5, 0x0965,
0x88B9, 0x0969,
0x08B5, 0x0965,
0x08B2, 0x0966,
0x88B2, 0x0966,
0x88B6, 0x096B,
0x08B2, 0x0966,
0x08A8, 0x0950,
0x88A8, 0x0950,
0x88AC, 0x0954,
0x08A8, 0x0950,
0x08A4, 0x0946,
0x88A4, 0x0946,
0x88A8, 0x094A,
0x08A4, 0x0946,
0x08A2, 0x093C,
0x88A2, 0x093C,
0x88A6, 0x0940,
0x08A2, 0x093C,
0x089E, 0x0940,
0x889E, 0x0940,
0x88A2, 0x0945,
0x089E, 0x0940,
0x08A0, 0x092A,
0x88A0, 0x092A,
0x88A4, 0x092E,
0x08A0, 0x092A,
0x08A1, 0x092A,
0x88A1, 0x092A,
0x88A5, 0x092E,
0x08A1, 0x092A,
0x09A1, 0x0998,
0x89A1, 0x0998,
0x89A5, 0x099C,
0x09A1, 0x0998,
0x09A6, 0x09AE,
0x89A6, 0x09AE,
0x89AA, 0x09B2,
0x09A6, 0x09AE,
0x09A5, 0x0991,
0x89A5, 0x0991,
0x89A9, 0x0995,
0x09A5, 0x0991,
0x09B1, 0x09BC,
0x89B1, 0x09BC,
0x89B5, 0x09C0,
0x09B1, 0x09BC,
0x09B1, 0x09C6,
0x89B1, 0x09C6,
0x89B5, 0x09CA,
0x09B1, 0x09C6,
0x09B1, 0x09B5,
0x89B1, 0x09B5,
0x89B5, 0x09B9,
0x09B1, 0x09B5,
0x09BC, 0x09B7,
0x89BC, 0x09B7,
0x89C0, 0x09BB,
0x09BC, 0x09B7,
0x09C5, 0x09AD,
0x89C5, 0x09AD,
0x89C9, 0x09B1,
0x09C5, 0x09AD,
0x09D8, 0x0995,
0x89D8, 0x0995,
0x89DC, 0x0999,
0x09D8, 0x0995,
0x09D4, 0x099E,
0x89D4, 0x099E,
0x89D8, 0x09A2,
0x09D4, 0x099E,
0x09D7, 0x099A,
0x89D7, 0x099A,
0x89DB, 0x099E,
0x09D7, 0x099A,
0x09E0, 0x0994,
0x89E0, 0x0994,
0x89E5, 0x0998,
0x09E0, 0x0994,
0x09D7, 0x0997,
0x89D7, 0x0997,
0x89DB, 0x099B,
0x09D7, 0x0997,
0x09DC, 0x0991,
0x89DC, 0x0991,
0x89E0, 0x0995,
0x09DC, 0x0991,
0x09D5, 0x0991,
0x89D5, 0x0991,
0x89D9, 0x0995,
0x09D5, 0x0991,
0x09D4, 0x0992,
0x89D4, 0x0992,
0x89D8, 0x0996,
0x09D4, 0x0992,
0x09D2, 0x0997,
0x89D2, 0x0997,
0x89D6, 0x099B,
0x09D2, 0x0997,
0x09CA, 0x0994,
0x89CA, 0x0994,
0x89CF, 0x0998,
0x09CA, 0x0994,
0x09CF, 0x0990,
0x89CF, 0x0990,
0x89D3, 0x0994,
0x09CF, 0x0990,
0x09A8, 0x0991,
0x89A8, 0x0991,
0x89AC, 0x0995,
0x09A8, 0x0991,
0x09A9, 0x098F,
0x89A9, 0x098F,
0x89AD, 0x0993,
0x09A9, 0x098F,
0x09AE, 0x099D,
0x89AE, 0x099D,
0x89B2, 0x09A1,
0x09AE, 0x099D,
0x08C9, 0x0984,
0x88C9, 0x0984,
0x88CD, 0x0988,
0x08C9, 0x0984,
0x08BA, 0x0992,
0x88BA, 0x0992,
0x88BE, 0x0997,
0x08BA, 0x0992,
0x08BB, 0x0991,
0x88BB, 0x0991,
0x88BF, 0x0995,
0x08BB, 0x0991,
0x089B, 0x08C5,
0x889B, 0x08C5,
0x889F, 0x08C9,
0x089B, 0x08C5,
0x08A0, 0x08C9,
0x88A0, 0x08C9,
0x88A4, 0x08CD,
0x08A0, 0x08C9,
0x089B, 0x08CC,
0x889B, 0x08CC,
0x889F, 0x08D0,
0x089B, 0x08CC,
0x089B, 0x08E7,
0x889B, 0x08E7,
0x889F, 0x08EB,
0x089B, 0x08E7,
0x089E, 0x08E5,
0x889E, 0x08E5,
0x88A2, 0x08E9,
0x089E, 0x08E5,
0x089E, 0x08E4,
0x889E, 0x08E4,
0x88A2, 0x08E8,
0x089E, 0x08E4,
0x089E, 0x08E7,
0x889E, 0x08E7,
0x88A2, 0x08EB,
0x089E, 0x08E7,
0x08A3, 0x0910,
0x88A3, 0x0910,
0x88A7, 0x0914,
0x08A3, 0x0910,
0x08B3, 0x08FB,
0x88B3, 0x08FB,
0x88B7, 0x08FF,
0x08B3, 0x08FB,
0x08B4, 0x08FA,
0x88B4, 0x08FA,
0x88B8, 0x08FE,
0x08B4, 0x08FA,
0x08A1, 0x0915,
0x88A1, 0x0915,
0x88A6, 0x0919,
0x08A1, 0x0915,
0x08CF, 0x08EB,
0x88CF, 0x08EB,
0x88D3, 0x08EF,
0x08CF, 0x08EB,
0x08BA, 0x08F4,
0x88BA, 0x08F4,
0x88BE, 0x08F8,
0x08BA, 0x08F4,
0x08D1, 0x08D6,
0x88D1, 0x08D6,
0x88D5, 0x08DA,
0x08D1, 0x08D6,
0x08D0, 0x08D5,
0x88D0, 0x08D5,
0x88D4, 0x08D9,
0x08D0, 0x08D5,
0x08D7, 0x08D4,
0x88D7, 0x08D4,
0x88DB, 0x08D8,
0x08D7, 0x08D4,
0x08D6, 0x08D5,
0x88D6, 0x08D5,
0x88DA, 0x08D9,
0x08D6, 0x08D5,
0x08D7, 0x08D3,
0x88D7, 0x08D3,
0x88DB, 0x08D7,
0x08D7, 0x08D3,
0x08DB, 0x08E9,
0x88DB, 0x08E9,
0x88DF, 0x08ED,
0x08DB, 0x08E9,
0x08D6, 0x08D1,
0x88D6, 0x08D1,
0x88DA, 0x08D5,
0x08D6, 0x08D1,
0x08E6, 0x08E0,
0x88E6, 0x08E0,
0x88EA, 0x08E4,
0x08E6, 0x08E0,
0x08A2, 0x08C2,
0x88A2, 0x08C2,
0x88A6, 0x08C6,
0x08A2, 0x08C2,
0x08A3, 0x08B9,
0x88A3, 0x08B9,
0x88A7, 0x08BD,
0x08A3, 0x08B9,
0x08AB, 0x08BA,
0x88AB, 0x08BA,
0x88AF, 0x08BE,
0x08AB, 0x08BA,
0x08A1, 0x08BD,
0x88A1, 0x08BD,
0x88A5, 0x08C1,
0x08A1, 0x08BD,
0x08AB, 0x08BE,
0x88AB, 0x08BE,
0x88AF, 0x08C2,
0x08AB, 0x08BE,
0x08AD, 0x08BD,
0x88AD, 0x08BD,
0x88B1, 0x08C1,
0x08AD, 0x08BD,
0x08A9, 0x08BF,
0x88A9, 0x08BF,
0x88AD, 0x08C3,
0x08A9, 0x08BF,
0x08B2, 0x08BF,
0x88B2, 0x08BF,
0x88B6, 0x08C3,
0x08B2, 0x08BF,
0x08A6, 0x08BE,
0x88A6, 0x08BE,
0x88AA, 0x08C2,
0x08A6, 0x08BE,
0x08C1, 0x08C6,
0x88C1, 0x08C6,
0x88C5, 0x08CA,
0x08C1, 0x08C6,
0x08C2, 0x08C9,
0x88C2, 0x08C9,
0x88C6, 0x08CD,
0x08C2, 0x08C9,
0x08C9, 0x08CB,
0x88C9, 0x08CB,
0x88CD, 0x08CF,
0x08C9, 0x08CB,
0x08C6, 0x08CC,
0x88C6, 0x08CC,
0x88CA, 0x08D0,
0x08C6, 0x08CC,
0x08CF, 0x08D3,
0x88CF, 0x08D3,
0x88D3, 0x08D7,
0x08CF, 0x08D3,
0x08C2, 0x08CF,
0x88C2, 0x08CF,
0x88C6, 0x08D3,
0x08C2, 0x08CF,
0x08A4, 0x08AB,
0x88A4, 0x08AB,
0x88A8, 0x08AF,
0x08A4, 0x08AB,
0x089C, 0x08A4,
0x889C, 0x08A4,
0x88A0, 0x08A8,
0x089C, 0x08A4,
0x089F, 0x08A2,
0x889F, 0x08A2,
0x88A3, 0x08A6,
0x089F, 0x08A2,
0x08A3, 0x095E,
0x88A3, 0x095E,
0x88A7, 0x0962,
0x08A3, 0x095E,
0x0896, 0x0947,
0x8896, 0x0947,
0x889B, 0x094B,
0x0896, 0x0947,
0x089F, 0x0954,
0x889F, 0x0954,
0x88A3, 0x0958,
0x089F, 0x0954,
0x0899, 0x0951,
0x8899, 0x0951,
0x889E, 0x0955,
0x0899, 0x0951,
0x089C, 0x0953,
0x889C, 0x0953,
0x88A0, 0x0957,
0x089C, 0x0953,
0x0899, 0x094B,
0x8899, 0x094B,
0x889D, 0x094F,
0x0899, 0x094B,
0x08A9, 0x0998,
0x88A9, 0x0998,
0x88AD, 0x099C,
0x08A9, 0x0998,
0x089A, 0x0989,
0x889A, 0x0989,
0x889E, 0x098D,
0x089A, 0x0989,
0x089F, 0x0983,
0x889F, 0x0983,
0x88A3, 0x0987,
0x089F, 0x0983,
0x089C, 0x0967,
0x889C, 0x0967,
0x88A0, 0x096B,
0x089C, 0x0967,
0x089F, 0x096A,
0x889F, 0x096A,
0x88A3, 0x096E,
0x089F, 0x096A,
0x0896, 0x099A,
0x8896, 0x099A,
0x889A, 0x099E,
0x0896, 0x099A,
0x089C, 0x09A0,
0x889C, 0x09A0,
0x88A0, 0x09A4,
0x089C, 0x09A0,
0x0895, 0x09A2,
0x8895, 0x09A2,
0x8899, 0x09A6,
0x0895, 0x09A2,
0x0898, 0x099E,
0x8898, 0x099E,
0x889C, 0x09A2,
0x0898, 0x099E
};

const unsigned short draw_13[] PROGMEM = {
0x06A7, 0x08A5,
0x86A7, 0x08A5,
0x86AD, 0x08AA,
0x86B2, 0x08B2,
0x86B4, 0x08B9,
0x86BA, 0x08C0,
0x86C2, 0x08C3,
0x86C7, 0x08CA,
0x86CE, 0x08D0,
0x86D4, 0x08D5,
0x86DB, 0x08D9,
0x86E2, 0x08DE,
0x86EA, 0x08E0,
0x86F3, 0x08DF,
0x86FA, 0x08E2,
0x8703, 0x08E3,
0x870B, 0x08E3,
0x8714, 0x08E3,
0x871C, 0x08E2,
0x8724, 0x08E5,
0x872C, 0x08E6,
0x8734, 0x08E3,
0x873C, 0x08E0,
0x8744, 0x08E1,
0x874D, 0x08E3,
0x8755, 0x08E3,
0x875E, 0x08E2,
0x8766, 0x08E3,
0x876E, 0x08E1,
0x8776, 0x08DF,
0x877E, 0x08E2,
0x8787, 0x08E2,
0x878F, 0x08E3,
0x8797, 0x08E2,
0x87A0, 0x08E2,
0x87A8, 0x08E2,
0x87B1, 0x08E3,
0x87B9, 0x08E3,
0x87C1, 0x08E2,
0x87C9, 0x08E4,
0x87D1, 0x08E7,
0x87DA, 0x08E6,
0x87E2, 0x08E5,
0x87EB, 0x08E7,
0x87F3, 0x08E5,
0x87FB, 0x08E6,
0x8802, 0x08E2,
0x880A, 0x08DF,
0x8813, 0x08DF,
0x881B, 0x08E0,
0x8822, 0x08E5,
0x8824, 0x08EC,
0x881D, 0x08F2,
0x8815, 0x08F5,
0x880D, 0x08F6,
0x8804, 0x08F6,
0x87FB, 0x08F6,
0x87F4, 0x08F8,
0x87EB, 0x08F6,
0x87E2, 0x08F6,
0x87DA, 0x08F6,
0x87D1, 0x08F6,
0x87C9, 0x08F5,
0x87C0, 0x08F6,
0x87B8, 0x08F6,
0x87AF, 0x08F6,
0x87A7, 0x08F5,
0x879F, 0x08F2,
0x8796, 0x08F2,
0x878F, 0x08F5,
0x8786, 0x08F6,
0x877D, 0x08F5,
0x8775, 0x08F6,
0x876C, 0x08F6,
0x8764, 0x08F5,
0x875C, 0x08F2,
0x8755, 0x08F6,
0x874D, 0x08F5,
0x8745, 0x08F2,
0x873D, 0x08F3,
0x8734, 0x08F6,
0x872C, 0x08F6,
0x8723, 0x08F6,
0x871A, 0x08F6,
0x8712, 0x08F6,
0x8709, 0x08F6,
0x8701, 0x08F6,
0x86F8, 0x08F7,
0x86F2, 0x08FC,
0x86EA, 0x08FD,
0x86E2, 0x0902,
0x86DA, 0x0904,
0x86D2, 0x0907,
0x86CB, 0x08F9,
0x86D2, 0x08F5,
0x86D9, 0x08F1,
0x86D7, 0x08EA,
0x86CF, 0x08E7,
0x86C8, 0x08E4,
0x86C2, 0x08E0,
0x86BB, 0x08DC,
0x86B9, 0x08DC,
0x86B8, 0x08E5,
0x86B8, 0x08ED,
0x86B8, 0x08F5,
0x86B8, 0x08FD,
0x86BE, 0x08FF,
0x86C3, 0x08FA,
0x86CB, 0x08F9,
0x86D2, 0x0907,
0x86CC, 0x090B,
0x86C6, 0x0912,
0x86C1, 0x0918,
0x86BA, 0x091E,
0x86B7, 0x0926,
0x86B6, 0x092E,
0x86B7, 0x0937,
0x86BC, 0x093D,
0x86C3, 0x0943,
0x86CA, 0x0948,
0x86D0, 0x094E,
0x86C8, 0x0959,
0x86C1, 0x0956,
0x86B9, 0x0954,
0x86B3, 0x0950,
0x86B3, 0x0950,
0x86B1, 0x0959,
0x86B2, 0x0961,
0x86B2, 0x0969,
0x86B2, 0x0971,
0x86B2, 0x0979,
0x86B2, 0x0981,
0x86B2, 0x0989,
0x86B3, 0x0991,
0x86B9, 0x0992,
0x86BF, 0x098C,
0x86C5, 0x0988,
0x86CA, 0x0981,
0x86CF, 0x097B,
0x86D4, 0x0975,
0x86D8, 0x096F,
0x86DB, 0x0968,
0x86D4, 0x0964,
0x86CE, 0x095F,
0x86C8, 0x0959,
0x86D0, 0x094E,
0x86D7, 0x0952,
0x86DF, 0x0954,
0x86E5, 0x095B,
0x86EC, 0x0960,
0x86F4, 0x0963,
0x86FC, 0x0966,
0x8704, 0x0967,
0x870C, 0x0964,
0x8714, 0x0963,
0x871D, 0x0964,
0x8725, 0x0963,
0x872D, 0x0965,
0x8735, 0x0965,
0x873E, 0x0966,
0x8746, 0x0966,
0x874E, 0x0966,
0x8757, 0x0966,
0x875E, 0x0963,
0x8766, 0x0966,
0x876F, 0x0966,
0x8778, 0x0967,
0x877F, 0x096A,
0x8788, 0x096A,
0x8790, 0x096A,
0x8797, 0x096E,
0x87A0, 0x096F,
0x87A9, 0x096F,
0x87B1, 0x096F,
0x87BA, 0x096F,
0x87C2, 0x096F,
0x87CB, 0x096F,
0x87D3, 0x096F,
0x87DB, 0x096B,
0x87E3, 0x096A,
0x87EB, 0x096A,
0x87F4, 0x096A,
0x87FD, 0x096A,
0x8805, 0x096C,
0x880C, 0x096F,
0x8813, 0x096B,
0x881B, 0x096D,
0x8823, 0x096F,
0x882B, 0x096F,
0x8833, 0x0970,
0x8835, 0x0979,
0x8830, 0x097F,
0x8829, 0x0981,
0x8820, 0x0982,
0x8817, 0x0982,
0x880E, 0x0982,
0x8806, 0x0982,
0x87FE, 0x097F,
0x87F6, 0x097F,
0x87ED, 0x0980,
0x87E6, 0x0980,
0x87DE, 0x0981,
0x87D5, 0x0982,
0x87CD, 0x0982,
0x87C4, 0x0982,
0x87BC, 0x0982,
0x87B4, 0x097F,
0x87AC, 0x0982,
0x87A3, 0x0982,
0x879B, 0x0982,
0x8792, 0x0983,
0x878B, 0x097F,
0x8782, 0x097F,
0x877B, 0x097D,
0x8773, 0x0979,
0x876A, 0x0979,
0x8762, 0x0977,
0x875B, 0x0976,
0x8752, 0x0979,
0x8749, 0x0979,
0x8741, 0x0979,
0x8738, 0x0979,
0x872F, 0x0979,
0x8727, 0x0978,
0x871F, 0x0977,
0x8716, 0x0977,
0x870E, 0x0978,
0x8706, 0x0979,
0x86FF, 0x097D,
0x86F6, 0x097F,
0x86EE, 0x097D,
0x86E7, 0x097B,
0x86E1, 0x0981,
0x86DB, 0x0987,
0x86D5, 0x098D,
0x86CF, 0x0994,
0x86CB, 0x099B,
0x86C5, 0x09A1,
0x86BF, 0x09A7,
0x86B9, 0x09AD,
0x86B1, 0x09AF,
0x86AB, 0x09B5,
0x86A5, 0x09BA,
0x869E, 0x09B9,
0x869D, 0x09B1,
0x869D, 0x09A8,
0x869D, 0x09A0,
0x86A2, 0x0999,
0x86A3, 0x0990,
0x86A3, 0x0988,
0x86A0, 0x0980,
0x869D, 0x0978,
0x869D, 0x096F,
0x869D, 0x0967,
0x869D, 0x095E,
0x869D, 0x0955,
0x869D, 0x094D,
0x869D, 0x0944,
0x869D, 0x093C,
0x869E, 0x0933,
0x86A2, 0x092C,
0x86A4, 0x0924,
0x86A6, 0x091C,
0x86A6, 0x0913,
0x86A6, 0x090A,
0x86A5, 0x0902,
0x86A6, 0x08F9,
0x86A6, 0x08F1,
0x86A5, 0x08E8,
0x86A5, 0x08E0,
0x86A5, 0x08D7,
0x86A6, 0x08CF,
0x86A5, 0x08C7,
0x86A3, 0x08BE,
0x86A3, 0x08B6,
0x86A0, 0x08AE,
0x86A4, 0x08A7,
0x86A7, 0x08A5,
0x06A7, 0x08A5,
0x0803, 0x08EC,
0x8803, 0x08EC,
0x8807, 0x08F0,
0x0803, 0x08EC,
0x07FD, 0x08EB,
0x87FD, 0x08EB,
0x8801, 0x08EF,
0x07FD, 0x08EB,
0x0805, 0x08EC,
0x8805, 0x08EC,
0x8809, 0x08F0,
0x0805, 0x08EC,
0x080E, 0x08EE,
0x880E, 0x08EE,
0x8812, 0x08F2,
0x080E, 0x08EE,
0x0803, 0x08E8,
0x8803, 0x08E8,
0x8807, 0x08EC,
0x0803, 0x08E8,
0x0809, 0x08EE,
0x8809, 0x08EE,
0x880D, 0x08F2,
0x0809, 0x08EE,
0x0817, 0x08E4,
0x8817, 0x08E4,
0x881B, 0x08E8,
0x0817, 0x08E4,
0x0816, 0x08E2,
0x8816, 0x08E2,
0x881A, 0x08E6,
0x0816, 0x08E2,
0x07CF, 0x08EC,
0x87CF, 0x08EC,
0x87D3, 0x08F0,
0x07CF, 0x08EC,
0x07CD, 0x08E8,
0x87CD, 0x08E8,
0x87D1, 0x08EC,
0x07CD, 0x08E8,
0x07D5, 0x08EE,
0x87D5, 0x08EE,
0x87D9, 0x08F2,
0x07D5, 0x08EE,
0x07CC, 0x08E8,
0x87CC, 0x08E8,
0x87D0, 0x08EC,
0x07CC, 0x08E8,
0x07C4, 0x08E7,
0x87C4, 0x08E7,
0x87C8, 0x08EB,
0x07C4, 0x08E7,
0x07D9, 0x08EA,
0x87D9, 0x08EA,
0x87DD, 0x08EE,
0x07D9, 0x08EA,
0x07F4, 0x08EE,
0x87F4, 0x08EE,
0x87F8, 0x08F2,
0x07F4, 0x08EE,
0x07EE, 0x08EC,
0x87EE, 0x08EC,
0x87F2, 0x08F1,
0x07EE, 0x08EC,
0x07EF, 0x08EA,
0x87EF, 0x08EA,
0x87F3, 0x08EE,
0x07EF, 0x08EA,
0x07F6, 0x08EE,
0x87F6, 0x08EE,
0x87FA, 0x08F2,
0x07F6, 0x08EE,
0x07C0, 0x08EB,
0x87C0, 0x08EB,
0x87C4, 0x08EF,
0x07C0, 0x08EB,
0x07BB, 0x08E8,
0x87BB, 0x08E8,
0x87C0, 0x08EC,
0x07BB, 0x08E8,
0x07B4, 0x08E8,
0x87B4, 0x08E8,
0x87B8, 0x08EC,
0x07B4, 0x08E8,
0x07AE, 0x08E9,
0x87AE, 0x08E9,
0x87B2, 0x08ED,
0x07AE, 0x08E9,
0x07AD, 0x08E8,
0x87AD, 0x08E8,
0x87B1, 0x08EC,
0x07AD, 0x08E8,
0x07AE, 0x08E6,
0x87AE, 0x08E6,
0x87B2, 0x08EB,
0x07AE, 0x08E6,
0x07BF, 0x08EC,
0x87BF, 0x08EC,
0x87C3, 0x08F0,
0x07BF, 0x08EC,
0x07B5, 0x08EA,
0x87B5, 0x08EA,
0x87B9, 0x08EE,
0x07B5, 0x08EA,
0x07BA, 0x08EA,
0x87BA, 0x08EA,
0x87BE, 0x08EE,
0x07BA, 0x08EA,
0x07AC, 0x08ED,
0x87AC, 0x08ED,
0x87B0, 0x08F1,
0x07AC, 0x08ED,
0x079A, 0x08E8,
0x879A, 0x08E8,
0x879E, 0x08EC,
0x079A, 0x08E8,
0x079A, 0x08E9,
0x879A, 0x08E9,
0x879F, 0x08ED,
0x079A, 0x08E9,
0x078E, 0x08E7,
0x878E, 0x08E7,
0x8792, 0x08EB,
0x078E, 0x08E7,
0x07A1, 0x08EC,
0x87A1, 0x08EC,
0x87A5, 0x08F1,
0x07A1, 0x08EC,
0x078C, 0x08E6,
0x878C, 0x08E6,
0x8790, 0x08EA,
0x078C, 0x08E6,
0x07A2, 0x08ED,
0x87A2, 0x08ED,
0x87A6, 0x08F1,
0x07A2, 0x08ED,
0x0799, 0x08E9,
0x8799, 0x08E9,
0x879D, 0x08ED,
0x0799, 0x08E9,
0x0794, 0x08E7,
0x8794, 0x08E7,
0x8798, 0x08EB,
0x0794, 0x08E7,
0x077A, 0x08EC,
0x877A, 0x08EC,
0x877E, 0x08F1,
0x077A, 0x08EC,
0x077D, 0x08EA,
0x877D, 0x08EA,
0x8781, 0x08EE,
0x077D, 0x08EA,
0x0789, 0x08ED,
0x8789, 0x08ED,
0x878D, 0x08F1,
0x0789, 0x08ED,
0x0773, 0x08E4,
0x8773, 0x08E4,
0x8777, 0x08E8,
0x0773, 0x08E4,
0x0787, 0x08EA,
0x8787, 0x08EA,
0x878B, 0x08EE,
0x0787, 0x08EA,
0x0782, 0x08EC,
0x8782, 0x08EC,
0x8786, 0x08F0,
0x0782, 0x08EC,
0x0784, 0x08EB,
0x8784, 0x08EB,
0x8789, 0x08EF,
0x0784, 0x08EB,
0x0780, 0x08EA,
0x8780, 0x08EA,
0x8784, 0x08EE,
0x0780, 0x08EA,
0x0782, 0x08EE,
0x8782, 0x08EE,
0x8786, 0x08F2,
0x0782, 0x08EE,
0x074F, 0x08E9,
0x874F, 0x08E9,
0x8753, 0x08EE,
0x074F, 0x08E9,
0x074E, 0x08EA,
0x874E, 0x08EA,
0x8752, 0x08EE,
0x074E, 0x08EA,
0x074F, 0x08EB,
0x874F, 0x08EB,
0x8753, 0x08EF,
0x074F, 0x08EB,
0x074D, 0x08E8,
0x874D, 0x08E8,
0x8751, 0x08EC,
0x074D, 0x08E8,
0x074F, 0x08ED,
0x874F, 0x08ED,
0x8753, 0x08F1,
0x074F, 0x08ED,
0x0756, 0x08E7,
0x8756, 0x08E7,
0x875A, 0x08EB,
0x0756, 0x08E7,
0x0757, 0x08E7,
0x8757, 0x08E7,
0x875B, 0x08EB,
0x0757, 0x08E7,
0x075F, 0x08E6,
0x875F, 0x08E6,
0x8763, 0x08EA,
0x075F, 0x08E6,
0x0761, 0x08E8,
0x8761, 0x08E8,
0x8765, 0x08EC,
0x0761, 0x08E8,
0x075F, 0x08ED,
0x875F, 0x08ED,
0x8763, 0x08F1,
0x075F, 0x08ED,
0x076A, 0x08ED,
0x876A, 0x08ED,
0x876E, 0x08F1,
0x076A, 0x08ED,
0x0718, 0x08ED,
0x8718, 0x08ED,
0x871C, 0x08F2,
0x0718, 0x08ED,
0x0718, 0x08EB,
0x8718, 0x08EB,
0x871C, 0x08EF,
0x0718, 0x08EB,
0x071B, 0x08E8,
0x871B, 0x08E8,
0x871F, 0x08EC,
0x071B, 0x08E8,
0x0729, 0x08E9,
0x8729, 0x08E9,
0x872D, 0x08ED,
0x0729, 0x08E9,
0x072B, 0x08EB,
0x872B, 0x08EB,
0x872F, 0x08EF,
0x072B, 0x08EB,
0x0731, 0x08E9,
0x8731, 0x08E9,
0x8735, 0x08ED,
0x0731, 0x08E9,
0x073C, 0x08E5,
0x873C, 0x08E5,
0x8740, 0x08E9,
0x073C, 0x08E5,
0x073C, 0x08E9,
0x873C, 0x08E9,
0x8740, 0x08ED,
0x073C, 0x08E9,
0x073B, 0x08E7,
0x873B, 0x08E7,
0x873F, 0x08EB,
0x073B, 0x08E7,
0x0740, 0x08E6,
0x8740, 0x08E6,
0x8744, 0x08EA,
0x0740, 0x08E6,
0x06D3, 0x08FD,
0x86D3, 0x08FD,
0x86D7, 0x0901,
0x06D3, 0x08FD,
0x06D5, 0x08F8,
0x86D5, 0x08F8,
0x86D9, 0x08FC,
0x06D5, 0x08F8,
0x06DE, 0x08F8,
0x86DE, 0x08F8,
0x86E3, 0x08FC,
0x06DE, 0x08F8,
0x06EE, 0x08F3,
0x86EE, 0x08F3,
0x86F2, 0x08F7,
0x06EE, 0x08F3,
0x06EE, 0x08F0,
0x86EE, 0x08F0,
0x86F2, 0x08F4,
0x06EE, 0x08F0,
0x06EA, 0x08F4,
0x86EA, 0x08F4,
0x86EE, 0x08F8,
0x06EA, 0x08F4,
0x06FD, 0x08EB,
0x86FD, 0x08EB,
0x8701, 0x08EF,
0x06FD, 0x08EB,
0x06FB, 0x08EC,
0x86FB, 0x08EC,
0x86FF, 0x08F0,
0x06FB, 0x08EC,
0x0701, 0x08EC,
0x8701, 0x08EC,
0x8705, 0x08F0,
0x0701, 0x08EC,
0x0708, 0x08E6,
0x8708, 0x08E6,
0x870C, 0x08EA,
0x0708, 0x08E6,
0x0705, 0x08EC,
0x8705, 0x08EC,
0x8709, 0x08F0,
0x0705, 0x08EC,
0x06AE, 0x08D1,
0x86AE, 0x08D1,
0x86B2, 0x08D5,
0x06AE, 0x08D1,
0x06B0, 0x08D3,
0x86B0, 0x08D3,
0x86B4, 0x08D7,
0x06B0, 0x08D3,
0x06AC, 0x08E1,
0x86AC, 0x08E1,
0x86B0, 0x08E5,
0x06AC, 0x08E1,
0x06AC, 0x08D1,
0x86AC, 0x08D1,
0x86B0, 0x08D5,
0x06AC, 0x08D1,
0x06BB, 0x08CB,
0x86BB, 0x08CB,
0x86BF, 0x08CF,
0x06BB, 0x08CB,
0x06AC, 0x08D3,
0x86AC, 0x08D3,
0x86B0, 0x08D7,
0x06AC, 0x08D3,
0x06B0, 0x08D7,
0x86B0, 0x08D7,
0x86B4, 0x08DB,
0x06B0, 0x08D7,
0x06BB, 0x08D1,
0x86BB, 0x08D1,
0x86BF, 0x08D5,
0x06BB, 0x08D1,
0x06BB, 0x08CF,
0x86BB, 0x08CF,
0x86BF, 0x08D3,
0x06BB, 0x08CF,
0x06BE, 0x08D6,
0x86BE, 0x08D6,
0x86C2, 0x08DA,
0x06BE, 0x08D6,
0x06BD, 0x08CE,
0x86BD, 0x08CE,
0x86C1, 0x08D2,
0x06BD, 0x08CE,
0x06AF, 0x08D6,
0x86AF, 0x08D6,
0x86B3, 0x08DA,
0x06AF, 0x08D6,
0x06B9, 0x08D4,
0x86B9, 0x08D4,
0x86BD, 0x08D9,
0x06B9, 0x08D4,
0x06C8, 0x08D5,
0x86C8, 0x08D5,
0x86CC, 0x08D9,
0x06C8, 0x08D5,
0x06CF, 0x08D6,
0x86CF, 0x08D6,
0x86D3, 0x08DA,
0x06CF, 0x08D6,
0x06CA, 0x08DA,
0x86CA, 0x08DA,
0x86CE, 0x08DE,
0x06CA, 0x08DA,
0x06CB, 0x08D8,
0x86CB, 0x08D8,
0x86CF, 0x08DC,
0x06CB, 0x08D8,
0x06C8, 0x08DB,
0x86C8, 0x08DB,
0x86CC, 0x08E0,
0x06C8, 0x08DB,
0x06C8, 0x08E0,
0x86C8, 0x08E0,
0x86CC, 0x08E4,
0x06C8, 0x08E0,
0x06D3, 0x08DB,
0x86D3, 0x08DB,
0x86D7, 0x08E0,
0x06D3, 0x08DB,
0x06D5, 0x08DA,
0x86D5, 0x08DA,
0x86D9, 0x08DE,
0x06D5, 0x08DA,
0x06CD, 0x08DF,
0x86CD, 0x08DF,
0x86D1, 0x08E3,
0x06CD, 0x08DF,
0x06DB, 0x08DE,
0x86DB, 0x08DE,
0x86DF, 0x08E2,
0x06DB, 0x08DE,
0x06D8, 0x08DF,
0x86D8, 0x08DF,
0x86DC, 0x08E3,
0x06D8, 0x08DF,
0x06E6, 0x08E2,
0x86E6, 0x08E2,
0x86EA, 0x08E6,
0x06E6, 0x08E2,
0x06E2, 0x08E7,
0x86E2, 0x08E7,
0x86E6, 0x08EB,
0x06E2, 0x08E7,
0x06E1, 0x08E7,
0x86E1, 0x08E7,
0x86E5, 0x08EB,
0x06E1, 0x08E7,
0x06DF, 0x08EB,
0x86DF, 0x08EB,
0x86E3, 0x08EF,
0x06DF, 0x08EB,
0x06E1, 0x08E6,
0x86E1, 0x08E6,
0x86E5, 0x08EA,
0x06E1, 0x08E6,
0x06DD, 0x08E8,
0x86DD, 0x08E8,
0x86E1, 0x08EC,
0x06DD, 0x08E8,
0x06E7, 0x08E4,
0x86E7, 0x08E4,
0x86EB, 0x08E8,
0x06E7, 0x08E4,
0x06B5, 0x08C1,
0x86B5, 0x08C1,
0x86B9, 0x08C5,
0x06B5, 0x08C1,
0x06AD, 0x08C4,
0x86AD, 0x08C4,
0x86B2, 0x08C8,
0x06AD, 0x08C4,
0x06A8, 0x08C4,
0x86A8, 0x08C4,
0x86AD, 0x08C8,
0x06A8, 0x08C4,
0x06AC, 0x08B1,
0x86AC, 0x08B1,
0x86B0, 0x08B5,
0x06AC, 0x08B1,
0x06B0, 0x08BA,
0x86B0, 0x08BA,
0x86B4, 0x08BE,
0x06B0, 0x08BA,
0x06AC, 0x08B2,
0x86AC, 0x08B2,
0x86B0, 0x08B6,
0x06AC, 0x08B2,
0x06A6, 0x08B4,
0x86A6, 0x08B4,
0x86AA, 0x08B8,
0x06A6, 0x08B4,
0x06A6, 0x08AD,
0x86A6, 0x08AD,
0x86AA, 0x08B1,
0x06A6, 0x08AD,
0x06AA, 0x08F3,
0x86AA, 0x08F3,
0x86AE, 0x08F7,
0x06AA, 0x08F3,
0x06AB, 0x08F1,
0x86AB, 0x08F1,
0x86AF, 0x08F5,
0x06AB, 0x08F1,
0x06AC, 0x08EB,
0x86AC, 0x08EB,
0x86B0, 0x08EF,
0x06AC, 0x08EB,
0x06B2, 0x090B,
0x86B2, 0x090B,
0x86B6, 0x090F,
0x06B2, 0x090B,
0x06AE, 0x0929,
0x86AE, 0x0929,
0x86B2, 0x092D,
0x06AE, 0x0929,
0x06AE, 0x0915,
0x86AE, 0x0915,
0x86B2, 0x0919,
0x06AE, 0x0915,
0x06B0, 0x0937,
0x86B0, 0x0937,
0x86B4, 0x093B,
0x06B0, 0x0937,
0x06B5, 0x0902,
0x86B5, 0x0902,
0x86B9, 0x0906,
0x06B5, 0x0902,
0x06AE, 0x0910,
0x86AE, 0x0910,
0x86B2, 0x0914,
0x06AE, 0x0910,
0x06AB, 0x08FD,
0x86AB, 0x08FD,
0x86AF, 0x0901,
0x06AB, 0x08FD,
0x06AD, 0x0921,
0x86AD, 0x0921,
0x86B1, 0x0925,
0x06AD, 0x0921,
0x06B4, 0x0905,
0x86B4, 0x0905,
0x86B9, 0x0909,
0x06B4, 0x0905,
0x06AA, 0x0907,
0x86AA, 0x0907,
0x86AE, 0x090B,
0x06AA, 0x0907,
0x06B1, 0x093F,
0x86B1, 0x093F,
0x86B5, 0x0943,
0x06B1, 0x093F,
0x06B1, 0x091C,
0x86B1, 0x091C,
0x86B5, 0x0920,
0x06B1, 0x091C,
0x06AD, 0x090A,
0x86AD, 0x090A,
0x86B1, 0x090E,
0x06AD, 0x090A,
0x06B4, 0x0949,
0x86B4, 0x0949,
0x86B8, 0x094D,
0x06B4, 0x0949,
0x06B7, 0x094B,
0x86B7, 0x094B,
0x86BB, 0x094F,
0x06B7, 0x094B,
0x06B8, 0x094B,
0x86B8, 0x094B,
0x86BC, 0x094F,
0x06B8, 0x094B,
0x06B5, 0x094A,
0x86B5, 0x094A,
0x86B9, 0x094E,
0x06B5, 0x094A,
0x06B5, 0x0949,
0x86B5, 0x0949,
0x86B9, 0x094D,
0x06B5, 0x0949,
0x06BB, 0x0945,
0x86BB, 0x0945,
0x86BF, 0x0949,
0x06BB, 0x0945,
0x06BF, 0x094A,
0x86BF, 0x094A,
0x86C3, 0x094E,
0x06BF, 0x094A,
0x06BA, 0x094D,
0x86BA, 0x094D,
0x86BE, 0x0951,
0x06BA, 0x094D,
0x06BC, 0x0943,
0x86BC, 0x0943,
0x86C0, 0x0947,
0x06BC, 0x0943,
0x06C4, 0x0948,
0x86C4, 0x0948,
0x86C8, 0x094C,
0x06C4, 0x0948,
0x06C5, 0x0947,
0x86C5, 0x0947,
0x86C9, 0x094B,
0x06C5, 0x0947,
0x06BE, 0x0949,
0x86BE, 0x0949,
0x86C2, 0x094D,
0x06BE, 0x0949,
0x06D9, 0x0956,
0x86D9, 0x0956,
0x86DE, 0x095A,
0x06D9, 0x0956,
0x06D6, 0x095B,
0x86D6, 0x095B,
0x86DA, 0x095F,
0x06D6, 0x095B,
0x06D6, 0x0958,
0x86D6, 0x0958,
0x86DA, 0x095C,
0x06D6, 0x0958,
0x06D8, 0x095A,
0x86D8, 0x095A,
0x86DC, 0x095F,
0x06D8, 0x095A,
0x06D2, 0x0956,
0x86D2, 0x0956,
0x86D6, 0x095A,
0x06D2, 0x0956,
0x06D1, 0x095B,
0x86D1, 0x095B,
0x86D5, 0x095F,
0x06D1, 0x095B,
0x06D5, 0x0958,
0x86D5, 0x0958,
0x86D9, 0x095C,
0x06D5, 0x0958,
0x06D1, 0x095B,
0x86D1, 0x095B,
0x86D5, 0x095F,
0x06D1, 0x095B,
0x06C6, 0x08FE,
0x86C6, 0x08FE,
0x86CA, 0x0902,
0x06C6, 0x08FE,
0x06C0, 0x0909,
0x86C0, 0x0909,
0x86C4, 0x090D,
0x06C0, 0x0909,
0x06BE, 0x090B,
0x86BE, 0x090B,
0x86C2, 0x0910,
0x06BE, 0x090B,
0x06C1, 0x0908,
0x86C1, 0x0908,
0x86C5, 0x090C,
0x06C1, 0x0908,
0x06C0, 0x0908,
0x86C0, 0x0908,
0x86C4, 0x090C,
0x06C0, 0x0908,
0x06C1, 0x0903,
0x86C1, 0x0903,
0x86C5, 0x0907,
0x06C1, 0x0903,
0x06AC, 0x093A,
0x86AC, 0x093A,
0x86B0, 0x093E,
0x06AC, 0x093A,
0x06A9, 0x0920,
0x86A9, 0x0920,
0x86AD, 0x0925,
0x06A9, 0x0920,
0x06AA, 0x0922,
0x86AA, 0x0922,
0x86AE, 0x0926,
0x06AA, 0x0922,
0x06A9, 0x0922,
0x86A9, 0x0922,
0x86AD, 0x0926,
0x06A9, 0x0922,
0x06AD, 0x0943,
0x86AD, 0x0943,
0x86B1, 0x0947,
0x06AD, 0x0943,
0x06AA, 0x0990,
0x86AA, 0x0990,
0x86AE, 0x0994,
0x06AA, 0x0990,
0x06A8, 0x0953,
0x86A8, 0x0953,
0x86AC, 0x0957,
0x06A8, 0x0953,
0x06A7, 0x0959,
0x86A7, 0x0959,
0x86AB, 0x095D,
0x06A7, 0x0959,
0x06A9, 0x0967,
0x86A9, 0x0967,
0x86AD, 0x096B,
0x06A9, 0x0967,
0x06AA, 0x097F,
0x86AA, 0x097F,
0x86AE, 0x0983,
0x06AA, 0x097F,
0x06AA, 0x0970,
0x86AA, 0x0970,
0x86AE, 0x0974,
0x06AA, 0x0970,
0x06A9, 0x0963,
0x86A9, 0x0963,
0x86AD, 0x0968,
0x06A9, 0x0963,
0x06A7, 0x0944,
0x86A7, 0x0944,
0x86AB, 0x0948,
0x06A7, 0x0944,
0x06A8, 0x0975,
0x86A8, 0x0975,
0x86AC, 0x0979,
0x06A8, 0x0975,
0x06A8, 0x0942,
0x86A8, 0x0942,
0x86AC, 0x0946,
0x06A8, 0x0942,
0x06A8, 0x0975,
0x86A8, 0x0975,
0x86AC, 0x0979,
0x06A8, 0x0975,
0x06A8, 0x095C,
0x86A8, 0x095C,
0x86AC, 0x0960,
0x06A8, 0x095C,
0x06A5, 0x095A,
0x86A5, 0x095A,
0x86A9, 0x095E,
0x06A5, 0x095A,
0x06AB, 0x0962,
0x86AB, 0x0962,
0x86AF, 0x0966,
0x06AB, 0x0962,
0x06AA, 0x0948,
0x86AA, 0x0948,
0x86AF, 0x094C,
0x06AA, 0x0948,
0x06AF, 0x0993,
0x86AF, 0x0993,
0x86B4, 0x0998,
0x06AF, 0x0993,
0x06AA, 0x0998,
0x86AA, 0x0998,
0x86AE, 0x099C,
0x06AA, 0x0998,
0x06AD, 0x0996,
0x86AD, 0x0996,
0x86B1, 0x099A,
0x06AD, 0x0996,
0x06AD, 0x0996,
0x86AD, 0x0996,
0x86B1, 0x099A,
0x06AD, 0x0996,
0x06BC, 0x099A,
0x86BC, 0x099A,
0x86C0, 0x099E,
0x06BC, 0x099A,
0x06BB, 0x099C,
0x86BB, 0x099C,
0x86BF, 0x09A0,
0x06BB, 0x099C,
0x06B8, 0x0998,
0x86B8, 0x0998,
0x86BC, 0x099C,
0x06B8, 0x0998,
0x06BC, 0x0997,
0x86BC, 0x0997,
0x86C0, 0x099C,
0x06BC, 0x0997,
0x06BB, 0x0998,
0x86BB, 0x0998,
0x86BF, 0x099C,
0x06BB, 0x0998,
0x06A1, 0x09AC,
0x86A1, 0x09AC,
0x86A5, 0x09B0,
0x06A1, 0x09AC,
0x06A1, 0x09AE,
0x86A1, 0x09AE,
0x86A5, 0x09B2,
0x06A1, 0x09AE,
0x06A4, 0x09A9,
0x86A4, 0x09A9,
0x86A8, 0x09AD,
0x06A4, 0x09A9,
0x06A2, 0x09A4,
0x86A2, 0x09A4,
0x86A6, 0x09A9,
0x06A2, 0x09A4,
0x06A3, 0x09AB,
0x86A3, 0x09AB,
0x86A7, 0x09AF,
0x06A3, 0x09AB,
0x06C0, 0x0992,
0x86C0, 0x0992,
0x86C4, 0x0996,
0x06C0, 0x0992,
0x06C4, 0x0993,
0x86C4, 0x0993,
0x86C8, 0x0997,
0x06C4, 0x0993,
0x06C4, 0x0991,
0x86C4, 0x0991,
0x86C8, 0x0995,
0x06C4, 0x0991,
0x06C7, 0x098D,
0x86C7, 0x098D,
0x86CB, 0x0991,
0x06C7, 0x098D,
0x06C5, 0x098E,
0x86C5, 0x098E,
0x86C9, 0x0992,
0x06C5, 0x098E,
0x06C5, 0x0990,
0x86C5, 0x0990,
0x86C9, 0x0994,
0x06C5, 0x0990,
0x06CB, 0x0989,
0x86CB, 0x0989,
0x86CF, 0x098D,
0x06CB, 0x0989,
0x06D1, 0x0984,
0x86D1, 0x0984,
0x86D5, 0x0988,
0x06D1, 0x0984,
0x06D7, 0x097B,
0x86D7, 0x097B,
0x86DB, 0x0980,
0x06D7, 0x097B,
0x06D8, 0x0976,
0x86D8, 0x0976,
0x86DC, 0x097B,
0x06D8, 0x0976,
0x06DC, 0x0975,
0x86DC, 0x0975,
0x86E0, 0x0979,
0x06DC, 0x0975,
0x06E8, 0x0980,
0x86E8, 0x0980,
0x86EC, 0x0984,
0x06E8, 0x0980,
0x06EE, 0x0978,
0x86EE, 0x0978,
0x86F3, 0x097C,
0x06EE, 0x0978,
0x06EB, 0x0974,
0x86EB, 0x0974,
0x86EF, 0x0978,
0x06EB, 0x0974,
0x06F3, 0x096B,
0x86F3, 0x096B,
0x86F7, 0x096F,
0x06F3, 0x096B,
0x06F2, 0x0969,
0x86F2, 0x0969,
0x86F6, 0x096D,
0x06F2, 0x0969,
0x06FC, 0x0973,
0x86FC, 0x0973,
0x8700, 0x0977,
0x06FC, 0x0973,
0x06EF, 0x0963,
0x86EF, 0x0963,
0x86F3, 0x0967,
0x06EF, 0x0963,
0x06F7, 0x096A,
0x86F7, 0x096A,
0x86FB, 0x096E,
0x06F7, 0x096A,
0x06FB, 0x0971,
0x86FB, 0x0971,
0x8700, 0x0975,
0x06FB, 0x0971,
0x06FC, 0x096E,
0x86FC, 0x096E,
0x8700, 0x0972,
0x06FC, 0x096E,
0x0705, 0x0971,
0x8705, 0x0971,
0x8709, 0x0975,
0x0705, 0x0971,
0x0706, 0x0970,
0x8706, 0x0970,
0x870B, 0x0974,
0x0706, 0x0970,
0x06FD, 0x096A,
0x86FD, 0x096A,
0x8701, 0x096E,
0x06FD, 0x096A,
0x06FE, 0x0970,
0x86FE, 0x0970,
0x8702, 0x0974,
0x06FE, 0x0970,
0x0700, 0x0970,
0x8700, 0x0970,
0x8705, 0x0975,
0x0700, 0x0970,
0x0703, 0x096F,
0x8703, 0x096F,
0x8707, 0x0973,
0x0703, 0x096F,
0x0711, 0x096E,
0x8711, 0x096E,
0x8715, 0x0972,
0x0711, 0x096E,
0x0713, 0x096F,
0x8713, 0x096F,
0x8717, 0x0973,
0x0713, 0x096F,
0x0719, 0x096E,
0x8719, 0x096E,
0x871D, 0x0972,
0x0719, 0x096E,
0x071C, 0x096B,
0x871C, 0x096B,
0x8720, 0x096F,
0x071C, 0x096B,
0x071F, 0x096D,
0x871F, 0x096D,
0x8723, 0x0971,
0x071F, 0x096D,
0x071D, 0x096A,
0x871D, 0x096A,
0x8721, 0x096E,
0x071D, 0x096A,
0x0728, 0x0972,
0x8728, 0x0972,
0x872C, 0x0976,
0x0728, 0x0972,
0x0720, 0x096B,
0x8720, 0x096B,
0x8724, 0x096F,
0x0720, 0x096B,
0x0728, 0x096D,
0x8728, 0x096D,
0x872C, 0x0971,
0x0728, 0x096D,
0x0728, 0x0967,
0x8728, 0x0967,
0x872C, 0x096B,
0x0728, 0x0967,
0x0729, 0x096A,
0x8729, 0x096A,
0x872D, 0x096E,
0x0729, 0x096A,
0x0733, 0x096E,
0x8733, 0x096E,
0x8738, 0x0972,
0x0733, 0x096E,
0x0730, 0x096C,
0x8730, 0x096C,
0x8734, 0x0970,
0x0730, 0x096C,
0x072D, 0x096B,
0x872D, 0x096B,
0x8731, 0x096F,
0x072D, 0x096B,
0x072F, 0x096B,
0x872F, 0x096B,
0x8733, 0x096F,
0x072F, 0x096B,
0x0732, 0x096E,
0x8732, 0x096E,
0x8736, 0x0972,
0x0732, 0x096E,
0x073E, 0x0970,
0x873E, 0x0970,
0x8742, 0x0974,
0x073E, 0x0970,
0x073A, 0x096F,
0x873A, 0x096F,
0x873E, 0x0973,
0x073A, 0x096F,
0x0741, 0x096F,
0x8741, 0x096F,
0x8745, 0x0973,
0x0741, 0x096F,
0x0733, 0x096B,
0x8733, 0x096B,
0x8737, 0x096F,
0x0733, 0x096B,
0x073B, 0x096A,
0x873B, 0x096A,
0x873F, 0x096E,
0x073B, 0x096A,
0x074A, 0x0971,
0x874A, 0x0971,
0x874E, 0x0975,
0x074A, 0x0971,
0x0750, 0x096F,
0x8750, 0x096F,
0x8754, 0x0973,
0x0750, 0x096F,
0x0752, 0x096F,
0x8752, 0x096F,
0x8756, 0x0973,
0x0752, 0x096F,
0x0756, 0x096B,
0x8756, 0x096B,
0x875A, 0x096F,
0x0756, 0x096B,
0x0755, 0x096E,
0x8755, 0x096E,
0x8759, 0x0972,
0x0755, 0x096E,
0x075C, 0x096C,
0x875C, 0x096C,
0x8760, 0x0970,
0x075C, 0x096C,
0x0765, 0x096F,
0x8765, 0x096F,
0x8769, 0x0973,
0x0765, 0x096F,
0x075F, 0x096C,
0x875F, 0x096C,
0x8763, 0x0970,
0x075F, 0x096C,
0x076D, 0x0971,
0x876D, 0x0971,
0x8771, 0x0975,
0x076D, 0x0971,
0x0770, 0x096F,
0x8770, 0x096F,
0x8774, 0x0973,
0x0770, 0x096F,
0x0775, 0x0973,
0x8775, 0x0973,
0x8779, 0x0977,
0x0775, 0x0973,
0x0778, 0x0973,
0x8778, 0x0973,
0x877C, 0x0977,
0x0778, 0x0973,
0x0776, 0x0970,
0x8776, 0x0970,
0x877A, 0x0974,
0x0776, 0x0970,
0x076C, 0x0969,
0x876C, 0x0969,
0x8770, 0x096D,
0x076C, 0x0969,
0x077B, 0x0971,
0x877B, 0x0971,
0x877F, 0x0975,
0x077B, 0x0971,
0x077D, 0x0973,
0x877D, 0x0973,
0x8781, 0x0977,
0x077D, 0x0973,
0x077F, 0x096F,
0x877F, 0x096F,
0x8783, 0x0973,
0x077F, 0x096F,
0x077C, 0x096F,
0x877C, 0x096F,
0x8780, 0x0973,
0x077C, 0x096F,
0x0789, 0x0976,
0x8789, 0x0976,
0x878D, 0x097A,
0x0789, 0x0976,
0x078B, 0x0978,
0x878B, 0x0978,
0x878F, 0x097C,
0x078B, 0x0978,
0x077C, 0x096E,
0x877C, 0x096E,
0x8780, 0x0972,
0x077C, 0x096E,
0x078E, 0x0976,
0x878E, 0x0976,
0x8792, 0x097A,
0x078E, 0x0976,
0x0795, 0x0979,
0x8795, 0x0979,
0x8799, 0x097D,
0x0795, 0x0979,
0x0785, 0x0971,
0x8785, 0x0971,
0x8789, 0x0975,
0x0785, 0x0971,
0x0779, 0x096A,
0x8779, 0x096A,
0x877E, 0x096E,
0x0779, 0x096A,
0x078E, 0x0972,
0x878E, 0x0972,
0x8792, 0x0976,
0x078E, 0x0972,
0x0793, 0x0974,
0x8793, 0x0974,
0x8798, 0x0978,
0x0793, 0x0974,
0x0797, 0x0975,
0x8797, 0x0975,
0x879B, 0x0979,
0x0797, 0x0975,
0x079A, 0x0976,
0x879A, 0x0976,
0x879E, 0x097A,
0x079A, 0x0976,
0x07A1, 0x0977,
0x87A1, 0x0977,
0x87A5, 0x097B,
0x07A1, 0x0977,
0x079B, 0x0971,
0x879B, 0x0971,
0x879F, 0x0976,
0x079B, 0x0971,
0x07A5, 0x0978,
0x87A5, 0x0978,
0x87AA, 0x097C,
0x07A5, 0x0978,
0x07A0, 0x0976,
0x87A0, 0x0976,
0x87A4, 0x097A,
0x07A0, 0x0976,
0x07A5, 0x097B,
0x87A5, 0x097B,
0x87A9, 0x097F,
0x07A5, 0x097B,
0x07A1, 0x097B,
0x87A1, 0x097B,
0x87A5, 0x097F,
0x07A1, 0x097B,
0x07A9, 0x0977,
0x87A9, 0x0977,
0x87AD, 0x097C,
0x07A9, 0x0977,
0x07B6, 0x0978,
0x87B6, 0x0978,
0x87BA, 0x097C,
0x07B6, 0x0978,
0x07B4, 0x0976,
0x87B4, 0x0976,
0x87B8, 0x097A,
0x07B4, 0x0976,
0x07BF, 0x0979,
0x87BF, 0x0979,
0x87C3, 0x097D,
0x07BF, 0x0979,
0x07CB, 0x097A,
0x87CB, 0x097A,
0x87CF, 0x097E,
0x07CB, 0x097A,
0x07BB, 0x0974,
0x87BB, 0x0974,
0x87BF, 0x0978,
0x07BB, 0x0974,
0x07D2, 0x0979,
0x87D2, 0x0979,
0x87D6, 0x097D,
0x07D2, 0x0979,
0x07D5, 0x097A,
0x87D5, 0x097A,
0x87D9, 0x097E,
0x07D5, 0x097A,
0x07C7, 0x0976,
0x87C7, 0x0976,
0x87CB, 0x097A,
0x07C7, 0x0976,
0x07D6, 0x0973,
0x87D6, 0x0973,
0x87DA, 0x0977,
0x07D6, 0x0973,
0x07DC, 0x0974,
0x87DC, 0x0974,
0x87E0, 0x0978,
0x07DC, 0x0974,
0x07D7, 0x0974,
0x87D7, 0x0974,
0x87DB, 0x0978,
0x07D7, 0x0974,
0x07F3, 0x0971,
0x87F3, 0x0971,
0x87F7, 0x0975,
0x07F3, 0x0971,
0x07FE, 0x0978,
0x87FE, 0x0978,
0x8802, 0x097C,
0x07FE, 0x0978,
0x07FE, 0x0977,
0x87FE, 0x0977,
0x8802, 0x097B,
0x07FE, 0x0977,
0x080A, 0x0979,
0x880A, 0x0979,
0x880E, 0x097D,
0x080A, 0x0979,
0x07FE, 0x0973,
0x87FE, 0x0973,
0x8803, 0x0977,
0x07FE, 0x0973,
0x0810, 0x0977,
0x8810, 0x0977,
0x8814, 0x097C,
0x0810, 0x0977,
0x080A, 0x0976,
0x880A, 0x0976,
0x880E, 0x097A,
0x080A, 0x0976,
0x0810, 0x097A,
0x8810, 0x097A,
0x8815, 0x097E,
0x0810, 0x097A,
0x0819, 0x097A,
0x8819, 0x097A,
0x881D, 0x097E,
0x0819, 0x097A,
0x0818, 0x0978,
0x8818, 0x0978,
0x881C, 0x097C,
0x0818, 0x0978,
0x081D, 0x0972,
0x881D, 0x0972,
0x8821, 0x0976,
0x081D, 0x0972,
0x0827, 0x0973,
0x8827, 0x0973,
0x882B, 0x0977,
0x0827, 0x0973,
0x0825, 0x0978,
0x8825, 0x0978,
0x8829, 0x097D,
0x0825, 0x0978
};

const unsigned short draw_14[] PROGMEM = {
0x044B, 0x0A19,
0x844B, 0x0A19,
0x8454, 0x0A19,
0x8457, 0x0A1E,
0x8453, 0x0A24,
0x844D, 0x0A29,
0x8449, 0x0A2F,
0x8444, 0x0A36,
0x843F, 0x0A3A,
0x8439, 0x0A3E,
0x8431, 0x0A41,
0x842D, 0x0A46,
0x842F, 0x0A4C,
0x8436, 0x0A4B,
0x843D, 0x0A47,
0x8444, 0x0A44,
0x844B, 0x0A41,
0x8452, 0x0A3D,
0x8458, 0x0A39,
0x845F, 0x0A37,
0x8465, 0x0A33,
0x846A, 0x0A2D,
0x8470, 0x0A29,
0x8473, 0x0A22,
0x847A, 0x0A1F,
0x8480, 0x0A22,
0x8480, 0x0A2A,
0x847F, 0x0A31,
0x847B, 0x0A38,
0x847F, 0x0A3B,
0x8483, 0x0A4D,
0x847C, 0x0A53,
0x847C, 0x0A5A,
0x8474, 0x0A71,
0x846D, 0x0A70,
0x846D, 0x0A70,
0x846E, 0x0A77,
0x8450, 0x0A80,
0x844A, 0x0A7C,
0x8446, 0x0A7C,
0x843F, 0x0A82,
0x8440, 0x0A89,
0x8448, 0x0A8B,
0x844E, 0x0A88,
0x8450, 0x0A80,
0x846E, 0x0A77,
0x8473, 0x0A7D,
0x8476, 0x0A84,
0x8475, 0x0AA6,
0x846E, 0x0AAB,
0x846E, 0x0AB1,
0x8468, 0x0ACF,
0x8467, 0x0ACF,
0x846A, 0x0AD6,
0x8471, 0x0AD6,
0x8470, 0x0AD0,
0x8468, 0x0ACF,
0x846E, 0x0AB1,
0x8475, 0x0AAF,
0x8478, 0x0AA9,
0x8475, 0x0AA6,
0x8476, 0x0A84,
0x847C, 0x0A83,
0x847E, 0x0A7C,
0x847A, 0x0A76,
0x8474, 0x0A71,
0x847C, 0x0A5A,
0x8482, 0x0A5B,
0x8487, 0x0A55,
0x8488, 0x0A4E,
0x8483, 0x0A4D,
0x847F, 0x0A3B,
0x8485, 0x0A37,
0x848A, 0x0A31,
0x8490, 0x0A2C,
0x8497, 0x0A28,
0x849E, 0x0A25,
0x84A4, 0x0A22,
0x84AB, 0x0A1F,
0x84B3, 0x0A1F,
0x84B6, 0x0A26,
0x84B4, 0x0A2D,
0x84AD, 0x0A31,
0x84A7, 0x0A34,
0x84A3, 0x0A3A,
0x84A3, 0x0A42,
0x84AA, 0x0A43,
0x84B0, 0x0A3E,
0x84B6, 0x0A38,
0x84BB, 0x0A33,
0x84C0, 0x0A2D,
0x84C3, 0x0A27,
0x84C7, 0x0A20,
0x84CE, 0x0A1E,
0x84D5, 0x0A21,
0x84D9, 0x0A28,
0x84D5, 0x0A2E,
0x84D0, 0x0A34,
0x84CC, 0x0A3A,
0x84C8, 0x0A40,
0x84C4, 0x0A47,
0x84C2, 0x0A4F,
0x84C2, 0x0A56,
0x84C2, 0x0A5E,
0x84C2, 0x0A66,
0x84BD, 0x0A6C,
0x84BD, 0x0A72,
0x84C5, 0x0A74,
0x84CA, 0x0A78,
0x84CE, 0x0A80,
0x84CE, 0x0A86,
0x84D0, 0x0A8F,
0x84D4, 0x0A95,
0x84D9, 0x0A9B,
0x84D9, 0x0AA2,
0x84D2, 0x0AA4,
0x84CC, 0x0AA0,
0x84C6, 0x0A9C,
0x84C1, 0x0A96,
0x84BB, 0x0A95,
0x84BA, 0x0A9D,
0x84BA, 0x0AA5,
0x84B9, 0x0AAC,
0x84B6, 0x0AB4,
0x84A0, 0x0AB3,
0x849E, 0x0AAE,
0x849E, 0x0AAE,
0x8499, 0x0AB4,
0x849C, 0x0AB9,
0x84A0, 0x0AB3,
0x84B6, 0x0AB4,
0x84B7, 0x0ABB,
0x84B9, 0x0AC2,
0x84B7, 0x0AC9,
0x84B9, 0x0AD1,
0x84BD, 0x0AD7,
0x84C2, 0x0ADC,
0x84C6, 0x0AE3,
0x84CC, 0x0AE7,
0x84CE, 0x0AEF,
0x84CC, 0x0AF5,
0x84C6, 0x0AF7,
0x84BE, 0x0AF4,
0x84B9, 0x0AEF,
0x84B2, 0x0AED,
0x84AE, 0x0AF3,
0x84AF, 0x0AFA,
0x84AF, 0x0B02,
0x849B, 0x0B02,
0x849B, 0x0AFA,
0x8497, 0x0AF8,
0x848F, 0x0AFB,
0x848C, 0x0B02,
0x8490, 0x0B08,
0x8498, 0x0B09,
0x849B, 0x0B02,
0x84AF, 0x0B02,
0x84AF, 0x0B0A,
0x84AF, 0x0B11,
0x84B0, 0x0B19,
0x84B0, 0x0B20,
0x84B1, 0x0B28,
0x84B5, 0x0B2E,
0x84B9, 0x0B34,
0x84BF, 0x0B3A,
0x84C4, 0x0B40,
0x84C8, 0x0B47,
0x84CD, 0x0B4C,
0x84D0, 0x0B52,
0x84D4, 0x0B59,
0x84D8, 0x0B60,
0x84D3, 0x0B66,
0x84CC, 0x0B67,
0x84C7, 0x0B62,
0x84C1, 0x0B5D,
0x84BC, 0x0B57,
0x84B8, 0x0B51,
0x84B5, 0x0B4A,
0x84B0, 0x0B44,
0x84AA, 0x0B3E,
0x84A5, 0x0B39,
0x84A0, 0x0B33,
0x849A, 0x0B2E,
0x8496, 0x0B28,
0x8491, 0x0B23,
0x848B, 0x0B1F,
0x8484, 0x0B1C,
0x8483, 0x0B24,
0x8487, 0x0B29,
0x848C, 0x0B30,
0x8490, 0x0B36,
0x8496, 0x0B3A,
0x849B, 0x0B40,
0x84A0, 0x0B45,
0x84A4, 0x0B4C,
0x84A4, 0x0B54,
0x84A1, 0x0B5A,
0x849A, 0x0B5C,
0x8495, 0x0B57,
0x848F, 0x0B51,
0x848A, 0x0B4C,
0x8485, 0x0B47,
0x847F, 0x0B41,
0x847A, 0x0B3B,
0x8476, 0x0B35,
0x846F, 0x0B31,
0x846A, 0x0B2C,
0x8464, 0x0B27,
0x845F, 0x0B21,
0x8459, 0x0B1D,
0x8455, 0x0B24,
0x8456, 0x0B2A,
0x845C, 0x0B30,
0x8461, 0x0B35,
0x8468, 0x0B3A,
0x846C, 0x0B3F,
0x846F, 0x0B46,
0x8473, 0x0B4C,
0x8475, 0x0B54,
0x8475, 0x0B5B,
0x846F, 0x0B5F,
0x8468, 0x0B5E,
0x8461, 0x0B5A,
0x845F, 0x0B53,
0x845B, 0x0B4C,
0x8456, 0x0B46,
0x8450, 0x0B41,
0x844B, 0x0B3B,
0x8446, 0x0B36,
0x8440, 0x0B31,
0x843B, 0x0B2B,
0x8434, 0x0B28,
0x842E, 0x0B23,
0x8429, 0x0B28,
0x842A, 0x0B2F,
0x842C, 0x0B36,
0x842F, 0x0B3D,
0x8434, 0x0B42,
0x8439, 0x0B48,
0x8440, 0x0B4C,
0x8445, 0x0B52,
0x8447, 0x0B59,
0x8445, 0x0B60,
0x843F, 0x0B64,
0x8439, 0x0B60,
0x8432, 0x0B5D,
0x842D, 0x0B58,
0x8428, 0x0B52,
0x8422, 0x0B4D,
0x841D, 0x0B47,
0x8419, 0x0B41,
0x8414, 0x0B3A,
0x8410, 0x0B34,
0x840A, 0x0B30,
0x8404, 0x0B2B,
0x83FD, 0x0B27,
0x83F9, 0x0B21,
0x83F4, 0x0B1B,
0x83EE, 0x0B17,
0x83E6, 0x0B15,
0x83E3, 0x0B0F,
0x83E3, 0x0B08,
0x83E8, 0x0B02,
0x83EF, 0x0AFE,
0x83F7, 0x0AFF,
0x83FE, 0x0AFC,
0x8403, 0x0AF7,
0x8408, 0x0AF1,
0x840E, 0x0AEC,
0x8412, 0x0AE6,
0x8412, 0x0ADE,
0x840E, 0x0AD8,
0x8409, 0x0AD3,
0x8402, 0x0ACF,
0x83FC, 0x0ACA,
0x83F7, 0x0AC5,
0x83F0, 0x0AC2,
0x83E9, 0x0ABE,
0x83E4, 0x0ABA,
0x83E1, 0x0AB2,
0x83E4, 0x0AAB,
0x83E9, 0x0AA6,
0x83F0, 0x0AA6,
0x83F7, 0x0AA4,
0x83FE, 0x0AA2,
0x8404, 0x0A9C,
0x840B, 0x0A99,
0x8410, 0x0A94,
0x8416, 0x0A8F,
0x8417, 0x0A88,
0x8412, 0x0A82,
0x840C, 0x0A7D,
0x8406, 0x0A77,
0x8400, 0x0A74,
0x83FA, 0x0A6F,
0x83F4, 0x0A6B,
0x83EC, 0x0A6B,
0x83E5, 0x0A69,
0x83E1, 0x0A62,
0x83DD, 0x0A5C,
0x83DF, 0x0A55,
0x83E3, 0x0A4E,
0x83E8, 0x0A49,
0x83F0, 0x0A49,
0x83F7, 0x0A4B,
0x83FE, 0x0A4A,
0x8404, 0x0A45,
0x840A, 0x0A41,
0x8411, 0x0A3D,
0x8417, 0x0A39,
0x841E, 0x0A36,
0x8424, 0x0A32,
0x842B, 0x0A2E,
0x8432, 0x0A2C,
0x8439, 0x0A28,
0x843D, 0x0A22,
0x8442, 0x0A1D,
0x8448, 0x0A1A,
0x844B, 0x0A19,
0x044B, 0x0A19,
0x044A, 0x0A1D,
0x844A, 0x0A1D,
0x844E, 0x0A22,
0x044A, 0x0A1D,
0x0441, 0x0A27,
0x8441, 0x0A27,
0x8445, 0x0A2B,
0x0441, 0x0A27,
0x0439, 0x0A30,
0x8439, 0x0A30,
0x843D, 0x0A34,
0x0439, 0x0A30,
0x043F, 0x0A27,
0x843F, 0x0A27,
0x8443, 0x0A2B,
0x043F, 0x0A27,
0x0434, 0x0A30,
0x8434, 0x0A30,
0x8438, 0x0A34,
0x0434, 0x0A30,
0x0429, 0x0A57,
0x8429, 0x0A57,
0x842D, 0x0A5B,
0x0429, 0x0A57,
0x041B, 0x0A76,
0x841B, 0x0A76,
0x841F, 0x0A7A,
0x041B, 0x0A76,
0x0423, 0x0A44,
0x8423, 0x0A44,
0x8427, 0x0A48,
0x0423, 0x0A44,
0x041D, 0x0A68,
0x841D, 0x0A68,
0x8421, 0x0A6D,
0x041D, 0x0A68,
0x0420, 0x0A46,
0x8420, 0x0A46,
0x8424, 0x0A4A,
0x0420, 0x0A46,
0x0422, 0x0A44,
0x8422, 0x0A44,
0x8426, 0x0A48,
0x0422, 0x0A44,
0x0421, 0x0A4A,
0x8421, 0x0A4A,
0x8426, 0x0A4E,
0x0421, 0x0A4A,
0x0420, 0x0A40,
0x8420, 0x0A40,
0x8424, 0x0A44,
0x0420, 0x0A40,
0x0424, 0x0A40,
0x8424, 0x0A40,
0x8428, 0x0A44,
0x0424, 0x0A40,
0x041B, 0x0A4A,
0x841B, 0x0A4A,
0x8420, 0x0A4E,
0x041B, 0x0A4A,
0x0423, 0x0A3E,
0x8423, 0x0A3E,
0x8427, 0x0A42,
0x0423, 0x0A3E,
0x0415, 0x0A5F,
0x8415, 0x0A5F,
0x8419, 0x0A63,
0x0415, 0x0A5F,
0x0414, 0x0A58,
0x8414, 0x0A58,
0x8418, 0x0A5C,
0x0414, 0x0A58,
0x0419, 0x0A4E,
0x8419, 0x0A4E,
0x841D, 0x0A52,
0x0419, 0x0A4E,
0x040E, 0x0A4D,
0x840E, 0x0A4D,
0x8412, 0x0A51,
0x040E, 0x0A4D,
0x0416, 0x0A50,
0x8416, 0x0A50,
0x841B, 0x0A54,
0x0416, 0x0A50,
0x0414, 0x0A42,
0x8414, 0x0A42,
0x8418, 0x0A46,
0x0414, 0x0A42,
0x046D, 0x0A3F,
0x846D, 0x0A3F,
0x8472, 0x0A43,
0x046D, 0x0A3F,
0x0478, 0x0A3C,
0x8478, 0x0A3C,
0x847C, 0x0A40,
0x0478, 0x0A3C,
0x0474, 0x0A41,
0x8474, 0x0A41,
0x8478, 0x0A46,
0x0474, 0x0A41,
0x0471, 0x0A2F,
0x8471, 0x0A2F,
0x8475, 0x0A33,
0x0471, 0x0A2F,
0x0478, 0x0A25,
0x8478, 0x0A25,
0x847C, 0x0A29,
0x0478, 0x0A25,
0x0487, 0x0A46,
0x8487, 0x0A46,
0x848B, 0x0A4A,
0x0487, 0x0A46,
0x0485, 0x0A3F,
0x8485, 0x0A3F,
0x8489, 0x0A44,
0x0485, 0x0A3F,
0x0499, 0x0A2C,
0x8499, 0x0A2C,
0x849D, 0x0A30,
0x0499, 0x0A2C,
0x0489, 0x0A38,
0x8489, 0x0A38,
0x848D, 0x0A3C,
0x0489, 0x0A38,
0x0494, 0x0A35,
0x8494, 0x0A35,
0x8498, 0x0A39,
0x0494, 0x0A35,
0x0496, 0x0A31,
0x8496, 0x0A31,
0x849A, 0x0A36,
0x0496, 0x0A31,
0x0488, 0x0A3D,
0x8488, 0x0A3D,
0x848C, 0x0A41,
0x0488, 0x0A3D,
0x048B, 0x0A3A,
0x848B, 0x0A3A,
0x848F, 0x0A3F,
0x048B, 0x0A3A,
0x048A, 0x0A3F,
0x848A, 0x0A3F,
0x848E, 0x0A44,
0x048A, 0x0A3F,
0x0486, 0x0A45,
0x8486, 0x0A45,
0x848A, 0x0A49,
0x0486, 0x0A45,
0x0462, 0x0B42,
0x8462, 0x0B42,
0x8466, 0x0B46,
0x0462, 0x0B42,
0x0460, 0x0B3C,
0x8460, 0x0B3C,
0x8464, 0x0B40,
0x0460, 0x0B3C,
0x045F, 0x0B3E,
0x845F, 0x0B3E,
0x8464, 0x0B42,
0x045F, 0x0B3E,
0x0464, 0x0B42,
0x8464, 0x0B42,
0x8468, 0x0B46,
0x0464, 0x0B42,
0x0467, 0x0B40,
0x8467, 0x0B40,
0x846B, 0x0B44,
0x0467, 0x0B40,
0x0466, 0x0B4C,
0x8466, 0x0B4C,
0x846B, 0x0B51,
0x0466, 0x0B4C,
0x0461, 0x0B3B,
0x8461, 0x0B3B,
0x8465, 0x0B3F,
0x0461, 0x0B3B,
0x0464, 0x0B4F,
0x8464, 0x0B4F,
0x8468, 0x0B53,
0x0464, 0x0B4F,
0x0462, 0x0B56,
0x8462, 0x0B56,
0x8467, 0x0B5A,
0x0462, 0x0B56,
0x0463, 0x0B39,
0x8463, 0x0B39,
0x8467, 0x0B3D,
0x0463, 0x0B39,
0x0465, 0x0B51,
0x8465, 0x0B51,
0x8469, 0x0B55,
0x0465, 0x0B51,
0x0461, 0x0B3B,
0x8461, 0x0B3B,
0x8465, 0x0B3F,
0x0461, 0x0B3B,
0x0466, 0x0B43,
0x8466, 0x0B43,
0x846A, 0x0B47,
0x0466, 0x0B43,
0x0465, 0x0B49,
0x8465, 0x0B49,
0x846A, 0x0B4D,
0x0465, 0x0B49,
0x0463, 0x0B3C,
0x8463, 0x0B3C,
0x8467, 0x0B40,
0x0463, 0x0B3C,
0x046B, 0x0B4C,
0x846B, 0x0B4C,
0x846F, 0x0B50,
0x046B, 0x0B4C,
0x045E, 0x0B39,
0x845E, 0x0B39,
0x8462, 0x0B3D,
0x045E, 0x0B39,
0x045C, 0x0B42,
0x845C, 0x0B42,
0x8460, 0x0B46,
0x045C, 0x0B42,
0x045C, 0x0B45,
0x845C, 0x0B45,
0x8460, 0x0B49,
0x045C, 0x0B45,
0x045D, 0x0B3D,
0x845D, 0x0B3D,
0x8461, 0x0B41,
0x045D, 0x0B3D,
0x045D, 0x0B3A,
0x845D, 0x0B3A,
0x8461, 0x0B3E,
0x045D, 0x0B3A,
0x045A, 0x0B3F,
0x845A, 0x0B3F,
0x845E, 0x0B43,
0x045A, 0x0B3F,
0x0457, 0x0B40,
0x8457, 0x0B40,
0x845B, 0x0B45,
0x0457, 0x0B40,
0x0457, 0x0B40,
0x8457, 0x0B40,
0x845B, 0x0B44,
0x0457, 0x0B40,
0x0490, 0x0B4A,
0x8490, 0x0B4A,
0x8494, 0x0B4E,
0x0490, 0x0B4A,
0x048F, 0x0B43,
0x848F, 0x0B43,
0x8493, 0x0B47,
0x048F, 0x0B43,
0x048F, 0x0B48,
0x848F, 0x0B48,
0x8493, 0x0B4C,
0x048F, 0x0B48,
0x0490, 0x0B4E,
0x8490, 0x0B4E,
0x8494, 0x0B52,
0x0490, 0x0B4E,
0x0490, 0x0B3E,
0x8490, 0x0B3E,
0x8494, 0x0B42,
0x0490, 0x0B3E,
0x0497, 0x0B50,
0x8497, 0x0B50,
0x849C, 0x0B54,
0x0497, 0x0B50,
0x0496, 0x0B44,
0x8496, 0x0B44,
0x849A, 0x0B48,
0x0496, 0x0B44,
0x0498, 0x0B53,
0x8498, 0x0B53,
0x849D, 0x0B57,
0x0498, 0x0B53,
0x049B, 0x0B4C,
0x849B, 0x0B4C,
0x849F, 0x0B50,
0x049B, 0x0B4C,
0x0498, 0x0B52,
0x8498, 0x0B52,
0x849C, 0x0B56,
0x0498, 0x0B52,
0x0496, 0x0B49,
0x8496, 0x0B49,
0x849A, 0x0B4E,
0x0496, 0x0B49,
0x047C, 0x0A8C,
0x847C, 0x0A8C,
0x8480, 0x0A90,
0x047C, 0x0A8C,
0x047C, 0x0A88,
0x847C, 0x0A88,
0x8480, 0x0A8C,
0x047C, 0x0A88,
0x047D, 0x0AC9,
0x847D, 0x0AC9,
0x8481, 0x0ACD,
0x047D, 0x0AC9,
0x0481, 0x0AE7,
0x8481, 0x0AE7,
0x8485, 0x0AEB,
0x0481, 0x0AE7,
0x0480, 0x0AE4,
0x8480, 0x0AE4,
0x8484, 0x0AE8,
0x0480, 0x0AE4,
0x047E, 0x0AA8,
0x847E, 0x0AA8,
0x8482, 0x0AAC,
0x047E, 0x0AA8,
0x0484, 0x0B36,
0x8484, 0x0B36,
0x8488, 0x0B3A,
0x0484, 0x0B36,
0x0484, 0x0B3E,
0x8484, 0x0B3E,
0x8488, 0x0B42,
0x0484, 0x0B3E,
0x0482, 0x0B10,
0x8482, 0x0B10,
0x8486, 0x0B14,
0x0482, 0x0B10,
0x0484, 0x0B10,
0x8484, 0x0B10,
0x8488, 0x0B14,
0x0484, 0x0B10,
0x0483, 0x0AEE,
0x8483, 0x0AEE,
0x8487, 0x0AF2,
0x0483, 0x0AEE,
0x0482, 0x0ADB,
0x8482, 0x0ADB,
0x8486, 0x0ADF,
0x0482, 0x0ADB,
0x0483, 0x0AE6,
0x8483, 0x0AE6,
0x8487, 0x0AEA,
0x0483, 0x0AE6,
0x0481, 0x0AC7,
0x8481, 0x0AC7,
0x8485, 0x0ACB,
0x0481, 0x0AC7,
0x047F, 0x0AA9,
0x847F, 0x0AA9,
0x8483, 0x0AAD,
0x047F, 0x0AA9,
0x0477, 0x0B1D,
0x8477, 0x0B1D,
0x847B, 0x0B21,
0x0477, 0x0B1D,
0x047B, 0x0B08,
0x847B, 0x0B08,
0x847F, 0x0B0C,
0x047B, 0x0B08,
0x047A, 0x0B06,
0x847A, 0x0B06,
0x847E, 0x0B0A,
0x047A, 0x0B06,
0x047A, 0x0ADE,
0x847A, 0x0ADE,
0x847E, 0x0AE2,
0x047A, 0x0ADE,
0x0476, 0x0AC7,
0x8476, 0x0AC7,
0x847A, 0x0ACC,
0x0476, 0x0AC7,
0x0479, 0x0B12,
0x8479, 0x0B12,
0x847D, 0x0B16,
0x0479, 0x0B12,
0x0474, 0x0AD0,
0x8474, 0x0AD0,
0x8478, 0x0AD4,
0x0474, 0x0AD0,
0x0474, 0x0ADB,
0x8474, 0x0ADB,
0x8478, 0x0ADF,
0x0474, 0x0ADB,
0x0475, 0x0AE3,
0x8475, 0x0AE3,
0x8479, 0x0AE7,
0x0475, 0x0AE3,
0x047A, 0x0B10,
0x847A, 0x0B10,
0x847E, 0x0B14,
0x047A, 0x0B10,
0x047D, 0x0B2F,
0x847D, 0x0B2F,
0x8481, 0x0B33,
0x047D, 0x0B2F,
0x0475, 0x0AEF,
0x8475, 0x0AEF,
0x8479, 0x0AF4,
0x0475, 0x0AEF,
0x0470, 0x0AC3,
0x8470, 0x0AC3,
0x8474, 0x0AC7,
0x0470, 0x0AC3,
0x046D, 0x0ADB,
0x846D, 0x0ADB,
0x8471, 0x0ADF,
0x046D, 0x0ADB,
0x046F, 0x0AF9,
0x846F, 0x0AF9,
0x8473, 0x0AFE,
0x046F, 0x0AF9,
0x046E, 0x0B15,
0x846E, 0x0B15,
0x8473, 0x0B19,
0x046E, 0x0B15,
0x046F, 0x0B16,
0x846F, 0x0B16,
0x8473, 0x0B1A,
0x046F, 0x0B16,
0x0470, 0x0AE2,
0x8470, 0x0AE2,
0x8474, 0x0AE6,
0x0470, 0x0AE2,
0x046D, 0x0B1B,
0x846D, 0x0B1B,
0x8471, 0x0B1F,
0x046D, 0x0B1B,
0x0467, 0x0B14,
0x8467, 0x0B14,
0x846B, 0x0B18,
0x0467, 0x0B14,
0x046C, 0x0AF7,
0x846C, 0x0AF7,
0x8470, 0x0AFB,
0x046C, 0x0AF7,
0x046A, 0x0B1B,
0x846A, 0x0B1B,
0x846F, 0x0B20,
0x046A, 0x0B1B,
0x046C, 0x0B1D,
0x846C, 0x0B1D,
0x8470, 0x0B21,
0x046C, 0x0B1D,
0x0465, 0x0B01,
0x8465, 0x0B01,
0x8469, 0x0B06,
0x0465, 0x0B01,
0x0465, 0x0AF8,
0x8465, 0x0AF8,
0x8469, 0x0AFC,
0x0465, 0x0AF8,
0x0465, 0x0B17,
0x8465, 0x0B17,
0x8469, 0x0B1B,
0x0465, 0x0B17,
0x046B, 0x0B23,
0x846B, 0x0B23,
0x846F, 0x0B28,
0x046B, 0x0B23,
0x0465, 0x0B0D,
0x8465, 0x0B0D,
0x8469, 0x0B11,
0x0465, 0x0B0D,
0x045E, 0x0B07,
0x845E, 0x0B07,
0x8463, 0x0B0B,
0x045E, 0x0B07,
0x046B, 0x0B0F,
0x846B, 0x0B0F,
0x846F, 0x0B13,
0x046B, 0x0B0F,
0x045E, 0x0AF5,
0x845E, 0x0AF5,
0x8463, 0x0AF9,
0x045E, 0x0AF5,
0x0462, 0x0ADB,
0x8462, 0x0ADB,
0x8467, 0x0ADF,
0x0462, 0x0ADB,
0x045E, 0x0AE9,
0x845E, 0x0AE9,
0x8462, 0x0AED,
0x045E, 0x0AE9,
0x045E, 0x0AED,
0x845E, 0x0AED,
0x8462, 0x0AF1,
0x045E, 0x0AED,
0x045E, 0x0AE8,
0x845E, 0x0AE8,
0x8462, 0x0AEC,
0x045E, 0x0AE8,
0x0453, 0x0AAD,
0x8453, 0x0AAD,
0x8457, 0x0AB1,
0x0453, 0x0AAD,
0x0454, 0x0AB7,
0x8454, 0x0AB7,
0x8458, 0x0ABB,
0x0454, 0x0AB7,
0x045B, 0x0AE0,
0x845B, 0x0AE0,
0x845F, 0x0AE5,
0x045B, 0x0AE0,
0x046B, 0x0A85,
0x846B, 0x0A85,
0x846F, 0x0A89,
0x046B, 0x0A85,
0x0461, 0x0AC2,
0x8461, 0x0AC2,
0x8465, 0x0AC6,
0x0461, 0x0AC2,
0x045B, 0x0B05,
0x845B, 0x0B05,
0x845F, 0x0B09,
0x045B, 0x0B05,
0x045B, 0x0ACD,
0x845B, 0x0ACD,
0x845F, 0x0AD1,
0x045B, 0x0ACD,
0x0463, 0x0A92,
0x8463, 0x0A92,
0x8467, 0x0A96,
0x0463, 0x0A92,
0x0458, 0x0AEC,
0x8458, 0x0AEC,
0x845C, 0x0AF0,
0x0458, 0x0AEC,
0x0459, 0x0AED,
0x8459, 0x0AED,
0x845D, 0x0AF1,
0x0459, 0x0AED,
0x0469, 0x0A8D,
0x8469, 0x0A8D,
0x846D, 0x0A91,
0x0469, 0x0A8D,
0x045D, 0x0A72,
0x845D, 0x0A72,
0x8461, 0x0A76,
0x045D, 0x0A72,
0x0455, 0x0A86,
0x8455, 0x0A86,
0x8459, 0x0A8A,
0x0455, 0x0A86,
0x0462, 0x0A58,
0x8462, 0x0A58,
0x8466, 0x0A5C,
0x0462, 0x0A58,
0x046C, 0x0A66,
0x846C, 0x0A66,
0x8470, 0x0A6B,
0x046C, 0x0A66,
0x0466, 0x0A5B,
0x8466, 0x0A5B,
0x846A, 0x0A5F,
0x0466, 0x0A5B,
0x046D, 0x0A65,
0x846D, 0x0A65,
0x8471, 0x0A69,
0x046D, 0x0A65,
0x0460, 0x0A4B,
0x8460, 0x0A4B,
0x8464, 0x0A50,
0x0460, 0x0A4B,
0x046E, 0x0A65,
0x846E, 0x0A65,
0x8472, 0x0A69,
0x046E, 0x0A65,
0x046E, 0x0A5B,
0x846E, 0x0A5B,
0x8472, 0x0A60,
0x046E, 0x0A5B,
0x046F, 0x0A5A,
0x846F, 0x0A5A,
0x8474, 0x0A5E,
0x046F, 0x0A5A,
0x046A, 0x0A55,
0x846A, 0x0A55,
0x846F, 0x0A59,
0x046A, 0x0A55,
0x0470, 0x0A5B,
0x8470, 0x0A5B,
0x8474, 0x0A5F,
0x0470, 0x0A5B,
0x0489, 0x0AD3,
0x8489, 0x0AD3,
0x848D, 0x0AD7,
0x0489, 0x0AD3,
0x0488, 0x0AAC,
0x8488, 0x0AAC,
0x848C, 0x0AB0,
0x0488, 0x0AAC,
0x0487, 0x0AA7,
0x8487, 0x0AA7,
0x848B, 0x0AAC,
0x0487, 0x0AA7,
0x0487, 0x0A7C,
0x8487, 0x0A7C,
0x848B, 0x0A80,
0x0487, 0x0A7C,
0x0481, 0x0A85,
0x8481, 0x0A85,
0x8485, 0x0A89,
0x0481, 0x0A85,
0x0483, 0x0AA2,
0x8483, 0x0AA2,
0x8487, 0x0AA6,
0x0483, 0x0AA2,
0x0487, 0x0AEE,
0x8487, 0x0AEE,
0x848B, 0x0AF2,
0x0487, 0x0AEE,
0x0487, 0x0ADB,
0x8487, 0x0ADB,
0x848B, 0x0ADF,
0x0487, 0x0ADB,
0x0485, 0x0AD5,
0x8485, 0x0AD5,
0x8489, 0x0AD9,
0x0485, 0x0AD5,
0x047F, 0x0AA3,
0x847F, 0x0AA3,
0x8483, 0x0AA7,
0x047F, 0x0AA3,
0x0482, 0x0AB7,
0x8482, 0x0AB7,
0x8486, 0x0ABB,
0x0482, 0x0AB7,
0x047E, 0x0AB3,
0x847E, 0x0AB3,
0x8482, 0x0AB7,
0x047E, 0x0AB3,
0x0486, 0x0AEF,
0x8486, 0x0AEF,
0x848A, 0x0AF3,
0x0486, 0x0AEF,
0x044B, 0x0A6D,
0x844B, 0x0A6D,
0x8450, 0x0A71,
0x044B, 0x0A6D,
0x044F, 0x0A49,
0x844F, 0x0A49,
0x8453, 0x0A4E,
0x044F, 0x0A49,
0x044F, 0x0A4A,
0x844F, 0x0A4A,
0x8453, 0x0A4E,
0x044F, 0x0A4A,
0x044E, 0x0A4E,
0x844E, 0x0A4E,
0x8452, 0x0A52,
0x044E, 0x0A4E,
0x044B, 0x0A46,
0x844B, 0x0A46,
0x844F, 0x0A4A,
0x044B, 0x0A46,
0x0446, 0x0A74,
0x8446, 0x0A74,
0x844A, 0x0A78,
0x0446, 0x0A74,
0x0447, 0x0A65,
0x8447, 0x0A65,
0x844B, 0x0A69,
0x0447, 0x0A65,
0x0443, 0x0A6B,
0x8443, 0x0A6B,
0x8447, 0x0A6F,
0x0443, 0x0A6B,
0x0445, 0x0A61,
0x8445, 0x0A61,
0x8449, 0x0A65,
0x0445, 0x0A61,
0x044B, 0x0A58,
0x844B, 0x0A58,
0x844F, 0x0A5C,
0x044B, 0x0A58,
0x0435, 0x0AD5,
0x8435, 0x0AD5,
0x8439, 0x0AD9,
0x0435, 0x0AD5,
0x0445, 0x0A54,
0x8445, 0x0A54,
0x8449, 0x0A58,
0x0445, 0x0A54,
0x0431, 0x0AE7,
0x8431, 0x0AE7,
0x8435, 0x0AEB,
0x0431, 0x0AE7,
0x0436, 0x0AEC,
0x8436, 0x0AEC,
0x843A, 0x0AF0,
0x0436, 0x0AEC,
0x043F, 0x0A9C,
0x843F, 0x0A9C,
0x8443, 0x0AA0,
0x043F, 0x0A9C,
0x0449, 0x0A4C,
0x8449, 0x0A4C,
0x844D, 0x0A50,
0x0449, 0x0A4C,
0x0430, 0x0A81,
0x8430, 0x0A81,
0x8434, 0x0A85,
0x0430, 0x0A81,
0x042C, 0x0AE1,
0x842C, 0x0AE1,
0x8430, 0x0AE5,
0x042C, 0x0AE1,
0x042F, 0x0AA0,
0x842F, 0x0AA0,
0x8434, 0x0AA4,
0x042F, 0x0AA0,
0x042B, 0x0AB4,
0x842B, 0x0AB4,
0x842F, 0x0AB8,
0x042B, 0x0AB4,
0x0426, 0x0B0A,
0x8426, 0x0B0A,
0x842A, 0x0B0E,
0x0426, 0x0B0A,
0x042B, 0x0ABE,
0x842B, 0x0ABE,
0x8430, 0x0AC2,
0x042B, 0x0ABE,
0x042A, 0x0A9F,
0x842A, 0x0A9F,
0x842E, 0x0AA3,
0x042A, 0x0A9F,
0x042A, 0x0AC3,
0x842A, 0x0AC3,
0x842E, 0x0AC7,
0x042A, 0x0AC3,
0x0430, 0x0A7A,
0x8430, 0x0A7A,
0x8434, 0x0A7E,
0x0430, 0x0A7A,
0x0422, 0x0AFD,
0x8422, 0x0AFD,
0x8427, 0x0B01,
0x0422, 0x0AFD,
0x0424, 0x0AE6,
0x8424, 0x0AE6,
0x8428, 0x0AEA,
0x0424, 0x0AE6,
0x042B, 0x0AA3,
0x842B, 0x0AA3,
0x842F, 0x0AA7,
0x042B, 0x0AA3,
0x041B, 0x0A83,
0x841B, 0x0A83,
0x8420, 0x0A87,
0x041B, 0x0A83,
0x041E, 0x0A9F,
0x841E, 0x0A9F,
0x8422, 0x0AA4,
0x041E, 0x0A9F,
0x0422, 0x0A9B,
0x8422, 0x0A9B,
0x8426, 0x0A9F,
0x0422, 0x0A9B,
0x041E, 0x0AB5,
0x841E, 0x0AB5,
0x8422, 0x0AB9,
0x041E, 0x0AB5,
0x0419, 0x0AEE,
0x8419, 0x0AEE,
0x841D, 0x0AF2,
0x0419, 0x0AEE,
0x041F, 0x0AFA,
0x841F, 0x0AFA,
0x8423, 0x0AFE,
0x041F, 0x0AFA,
0x0423, 0x0AD6,
0x8423, 0x0AD6,
0x8427, 0x0ADA,
0x0423, 0x0AD6,
0x0430, 0x0A73,
0x8430, 0x0A73,
0x8435, 0x0A77,
0x0430, 0x0A73,
0x0415, 0x0AF7,
0x8415, 0x0AF7,
0x841A, 0x0AFB,
0x0415, 0x0AF7,
0x0423, 0x0AB4,
0x8423, 0x0AB4,
0x8427, 0x0AB8,
0x0423, 0x0AB4,
0x0413, 0x0ACF,
0x8413, 0x0ACF,
0x8417, 0x0AD3,
0x0413, 0x0ACF,
0x0414, 0x0B15,
0x8414, 0x0B15,
0x8418, 0x0B19,
0x0414, 0x0B15,
0x0414, 0x0B0B,
0x8414, 0x0B0B,
0x8418, 0x0B0F,
0x0414, 0x0B0B,
0x0414, 0x0AC9,
0x8414, 0x0AC9,
0x8418, 0x0ACD,
0x0414, 0x0AC9,
0x0414, 0x0AB7,
0x8414, 0x0AB7,
0x8418, 0x0ABB,
0x0414, 0x0AB7,
0x0411, 0x0B0F,
0x8411, 0x0B0F,
0x8415, 0x0B13,
0x0411, 0x0B0F,
0x0414, 0x0ABB,
0x8414, 0x0ABB,
0x8418, 0x0ABF,
0x0414, 0x0ABB,
0x0448, 0x0AFE,
0x8448, 0x0AFE,
0x844C, 0x0B02,
0x0448, 0x0AFE,
0x0448, 0x0B0F,
0x8448, 0x0B0F,
0x844C, 0x0B13,
0x0448, 0x0B0F,
0x044A, 0x0B2A,
0x844A, 0x0B2A,
0x844E, 0x0B2E,
0x044A, 0x0B2A,
0x0449, 0x0B30,
0x8449, 0x0B30,
0x844D, 0x0B34,
0x0449, 0x0B30,
0x0444, 0x0ADC,
0x8444, 0x0ADC,
0x8448, 0x0AE1,
0x0444, 0x0ADC,
0x0441, 0x0B0A,
0x8441, 0x0B0A,
0x8445, 0x0B0E,
0x0441, 0x0B0A,
0x0447, 0x0B2E,
0x8447, 0x0B2E,
0x844B, 0x0B32,
0x0447, 0x0B2E,
0x0446, 0x0B19,
0x8446, 0x0B19,
0x844A, 0x0B1D,
0x0446, 0x0B19,
0x043F, 0x0AA4,
0x843F, 0x0AA4,
0x8444, 0x0AA8,
0x043F, 0x0AA4,
0x0443, 0x0B23,
0x8443, 0x0B23,
0x8447, 0x0B27,
0x0443, 0x0B23,
0x043E, 0x0B0C,
0x843E, 0x0B0C,
0x8442, 0x0B10,
0x043E, 0x0B0C,
0x0447, 0x0B02,
0x8447, 0x0B02,
0x844B, 0x0B06,
0x0447, 0x0B02,
0x043A, 0x0AE9,
0x843A, 0x0AE9,
0x843E, 0x0AED,
0x043A, 0x0AE9,
0x0445, 0x0B09,
0x8445, 0x0B09,
0x8449, 0x0B0D,
0x0445, 0x0B09,
0x043B, 0x0AE7,
0x843B, 0x0AE7,
0x843F, 0x0AEB,
0x043B, 0x0AE7,
0x0451, 0x0AA8,
0x8451, 0x0AA8,
0x8455, 0x0AAC,
0x0451, 0x0AA8,
0x0450, 0x0A98,
0x8450, 0x0A98,
0x8454, 0x0A9C,
0x0450, 0x0A98,
0x0451, 0x0AA7,
0x8451, 0x0AA7,
0x8455, 0x0AAB,
0x0451, 0x0AA7,
0x0456, 0x0B3B,
0x8456, 0x0B3B,
0x845A, 0x0B3F,
0x0456, 0x0B3B,
0x044E, 0x0ACE,
0x844E, 0x0ACE,
0x8452, 0x0AD2,
0x044E, 0x0ACE,
0x044E, 0x0A94,
0x844E, 0x0A94,
0x8452, 0x0A98,
0x044E, 0x0A94,
0x044D, 0x0AE5,
0x844D, 0x0AE5,
0x8451, 0x0AE9,
0x044D, 0x0AE5,
0x044C, 0x0AB9,
0x844C, 0x0AB9,
0x8450, 0x0ABD,
0x044C, 0x0AB9,
0x044F, 0x0AE0,
0x844F, 0x0AE0,
0x8453, 0x0AE4,
0x044F, 0x0AE0,
0x044F, 0x0A9E,
0x844F, 0x0A9E,
0x8453, 0x0AA2,
0x044F, 0x0A9E,
0x044E, 0x0AE5,
0x844E, 0x0AE5,
0x8452, 0x0AE9,
0x044E, 0x0AE5,
0x0450, 0x0B3B,
0x8450, 0x0B3B,
0x8454, 0x0B3F,
0x0450, 0x0B3B,
0x04A6, 0x0B08,
0x84A6, 0x0B08,
0x84AA, 0x0B0C,
0x04A6, 0x0B08,
0x04A2, 0x0B22,
0x84A2, 0x0B22,
0x84A6, 0x0B26,
0x04A2, 0x0B22,
0x049B, 0x0B0C,
0x849B, 0x0B0C,
0x849F, 0x0B10,
0x049B, 0x0B0C,
0x049A, 0x0B1A,
0x849A, 0x0B1A,
0x849E, 0x0B1E,
0x049A, 0x0B1A,
0x049F, 0x0B20,
0x849F, 0x0B20,
0x84A3, 0x0B24,
0x049F, 0x0B20,
0x04A0, 0x0B14,
0x84A0, 0x0B14,
0x84A5, 0x0B18,
0x04A0, 0x0B14,
0x049F, 0x0B0A,
0x849F, 0x0B0A,
0x84A3, 0x0B0E,
0x049F, 0x0B0A,
0x049E, 0x0B1D,
0x849E, 0x0B1D,
0x84A2, 0x0B21,
0x049E, 0x0B1D,
0x0495, 0x0B13,
0x8495, 0x0B13,
0x8499, 0x0B17,
0x0495, 0x0B13,
0x049B, 0x0B15,
0x849B, 0x0B15,
0x849F, 0x0B19,
0x049B, 0x0B15,
0x049F, 0x0B05,
0x849F, 0x0B05,
0x84A3, 0x0B09,
0x049F, 0x0B05,
0x0491, 0x0B21,
0x8491, 0x0B21,
0x8495, 0x0B25,
0x0491, 0x0B21,
0x048A, 0x0ADB,
0x848A, 0x0ADB,
0x848E, 0x0ADF,
0x048A, 0x0ADB,
0x048A, 0x0ABE,
0x848A, 0x0ABE,
0x848E, 0x0AC2,
0x048A, 0x0ABE,
0x048B, 0x0AC5,
0x848B, 0x0AC5,
0x848F, 0x0ACA,
0x048B, 0x0AC5,
0x0489, 0x0ACC,
0x8489, 0x0ACC,
0x848D, 0x0AD0,
0x0489, 0x0ACC,
0x0489, 0x0AD0,
0x8489, 0x0AD0,
0x848E, 0x0AD4,
0x0489, 0x0AD0,
0x048A, 0x0ACC,
0x848A, 0x0ACC,
0x848E, 0x0AD0,
0x048A, 0x0ACC,
0x04C3, 0x0AED,
0x84C3, 0x0AED,
0x84C7, 0x0AF1,
0x04C3, 0x0AED,
0x04C5, 0x0AE9,
0x84C5, 0x0AE9,
0x84C9, 0x0AED,
0x04C5, 0x0AE9,
0x04BD, 0x0ADD,
0x84BD, 0x0ADD,
0x84C1, 0x0AE1,
0x04BD, 0x0ADD,
0x04C2, 0x0AE5,
0x84C2, 0x0AE5,
0x84C6, 0x0AE9,
0x04C2, 0x0AE5,
0x04BB, 0x0AE9,
0x84BB, 0x0AE9,
0x84BF, 0x0AED,
0x04BB, 0x0AE9,
0x04B9, 0x0AE7,
0x84B9, 0x0AE7,
0x84BD, 0x0AEB,
0x04B9, 0x0AE7,
0x04B9, 0x0ADA,
0x84B9, 0x0ADA,
0x84BD, 0x0ADE,
0x04B9, 0x0ADA,
0x04B8, 0x0ADF,
0x84B8, 0x0ADF,
0x84BC, 0x0AE3,
0x04B8, 0x0ADF,
0x04B5, 0x0AD7,
0x84B5, 0x0AD7,
0x84BA, 0x0ADB,
0x04B5, 0x0AD7,
0x04B6, 0x0ADA,
0x84B6, 0x0ADA,
0x84BB, 0x0ADE,
0x04B6, 0x0ADA,
0x04B5, 0x0AD9,
0x84B5, 0x0AD9,
0x84B9, 0x0ADD,
0x04B5, 0x0AD9,
0x04AF, 0x0AE1,
0x84AF, 0x0AE1,
0x84B3, 0x0AE5,
0x04AF, 0x0AE1,
0x04B2, 0x0AE0,
0x84B2, 0x0AE0,
0x84B6, 0x0AE4,
0x04B2, 0x0AE0,
0x04B0, 0x0B30,
0x84B0, 0x0B30,
0x84B4, 0x0B34,
0x04B0, 0x0B30,
0x04B0, 0x0B2F,
0x84B0, 0x0B2F,
0x84B4, 0x0B33,
0x04B0, 0x0B2F,
0x04B0, 0x0B34,
0x84B0, 0x0B34,
0x84B4, 0x0B38,
0x04B0, 0x0B34,
0x04AD, 0x0B2E,
0x84AD, 0x0B2E,
0x84B1, 0x0B32,
0x04AD, 0x0B2E,
0x04AB, 0x0B39,
0x84AB, 0x0B39,
0x84AF, 0x0B3D,
0x04AB, 0x0B39,
0x04AC, 0x0B2B,
0x84AC, 0x0B2B,
0x84B0, 0x0B2F,
0x04AC, 0x0B2B,
0x04A7, 0x0B31,
0x84A7, 0x0B31,
0x84AB, 0x0B35,
0x04A7, 0x0B31,
0x04A4, 0x0B34,
0x84A4, 0x0B34,
0x84A8, 0x0B38,
0x04A4, 0x0B34,
0x04A3, 0x0B31,
0x84A3, 0x0B31,
0x84A8, 0x0B35,
0x04A3, 0x0B31,
0x04A6, 0x0B2C,
0x84A6, 0x0B2C,
0x84AA, 0x0B31,
0x04A6, 0x0B2C,
0x04B1, 0x0B39,
0x84B1, 0x0B39,
0x84B5, 0x0B3E,
0x04B1, 0x0B39,
0x04B5, 0x0B44,
0x84B5, 0x0B44,
0x84B9, 0x0B48,
0x04B5, 0x0B44,
0x04B3, 0x0B34,
0x84B3, 0x0B34,
0x84B7, 0x0B38,
0x04B3, 0x0B34,
0x04B5, 0x0B3F,
0x84B5, 0x0B3F,
0x84B9, 0x0B43,
0x04B5, 0x0B3F,
0x04B5, 0x0B44,
0x84B5, 0x0B44,
0x84B9, 0x0B48,
0x04B5, 0x0B44,
0x04B8, 0x0B46,
0x84B8, 0x0B46,
0x84BC, 0x0B4A,
0x04B8, 0x0B46,
0x04B9, 0x0B4C,
0x84B9, 0x0B4C,
0x84BD, 0x0B50,
0x04B9, 0x0B4C,
0x04B5, 0x0B37,
0x84B5, 0x0B37,
0x84B9, 0x0B3B,
0x04B5, 0x0B37,
0x04C1, 0x0B53,
0x84C1, 0x0B53,
0x84C5, 0x0B57,
0x04C1, 0x0B53,
0x04C1, 0x0B4C,
0x84C1, 0x0B4C,
0x84C5, 0x0B50,
0x04C1, 0x0B4C,
0x04C2, 0x0B54,
0x84C2, 0x0B54,
0x84C6, 0x0B59,
0x04C2, 0x0B54,
0x04C3, 0x0B52,
0x84C3, 0x0B52,
0x84C7, 0x0B56,
0x04C3, 0x0B52,
0x04C7, 0x0B59,
0x84C7, 0x0B59,
0x84CB, 0x0B5D,
0x04C7, 0x0B59,
0x048B, 0x0AD3,
0x848B, 0x0AD3,
0x8490, 0x0AD7,
0x048B, 0x0AD3,
0x0493, 0x0ACC,
0x8493, 0x0ACC,
0x8497, 0x0AD0,
0x0493, 0x0ACC,
0x048F, 0x0AF1,
0x848F, 0x0AF1,
0x8493, 0x0AF5,
0x048F, 0x0AF1,
0x049C, 0x0AA6,
0x849C, 0x0AA6,
0x84A0, 0x0AAA,
0x049C, 0x0AA6,
0x0498, 0x0AD8,
0x8498, 0x0AD8,
0x849C, 0x0ADC,
0x0498, 0x0AD8,
0x0493, 0x0AEB,
0x8493, 0x0AEB,
0x8497, 0x0AEF,
0x0493, 0x0AEB,
0x0498, 0x0AC4,
0x8498, 0x0AC4,
0x849C, 0x0AC8,
0x0498, 0x0AC4,
0x049A, 0x0AE9,
0x849A, 0x0AE9,
0x849E, 0x0AED,
0x049A, 0x0AE9,
0x0494, 0x0AEF,
0x8494, 0x0AEF,
0x8498, 0x0AF3,
0x0494, 0x0AEF,
0x049B, 0x0ADA,
0x849B, 0x0ADA,
0x849F, 0x0ADE,
0x049B, 0x0ADA,
0x049E, 0x0AD2,
0x849E, 0x0AD2,
0x84A2, 0x0AD6,
0x049E, 0x0AD2,
0x04A4, 0x0AC5,
0x84A4, 0x0AC5,
0x84A8, 0x0AC9,
0x04A4, 0x0AC5,
0x0494, 0x0AE0,
0x8494, 0x0AE0,
0x8498, 0x0AE4,
0x0494, 0x0AE0,
0x049C, 0x0ACA,
0x849C, 0x0ACA,
0x84A1, 0x0ACE,
0x049C, 0x0ACA,
0x04A1, 0x0AF3,
0x84A1, 0x0AF3,
0x84A5, 0x0AF7,
0x04A1, 0x0AF3,
0x04A7, 0x0AE0,
0x84A7, 0x0AE0,
0x84AB, 0x0AE4,
0x04A7, 0x0AE0,
0x04B1, 0x0AC9,
0x84B1, 0x0AC9,
0x84B5, 0x0ACD,
0x04B1, 0x0AC9,
0x04B1, 0x0AD3,
0x84B1, 0x0AD3,
0x84B5, 0x0AD7,
0x04B1, 0x0AD3,
0x04A4, 0x0AEB,
0x84A4, 0x0AEB,
0x84A8, 0x0AEF,
0x04A4, 0x0AEB,
0x049E, 0x0AF5,
0x849E, 0x0AF5,
0x84A2, 0x0AF9,
0x049E, 0x0AF5,
0x04AF, 0x0AD6,
0x84AF, 0x0AD6,
0x84B3, 0x0ADB,
0x04AF, 0x0AD6,
0x04AC, 0x0ADA,
0x84AC, 0x0ADA,
0x84B0, 0x0ADF,
0x04AC, 0x0ADA,
0x049E, 0x0A71,
0x849E, 0x0A71,
0x84A2, 0x0A75,
0x049E, 0x0A71,
0x04A2, 0x0A55,
0x84A2, 0x0A55,
0x84A6, 0x0A59,
0x04A2, 0x0A55,
0x04A9, 0x0A47,
0x84A9, 0x0A47,
0x84AD, 0x0A4B,
0x04A9, 0x0A47,
0x04A2, 0x0A82,
0x84A2, 0x0A82,
0x84A6, 0x0A86,
0x04A2, 0x0A82,
0x04A4, 0x0A61,
0x84A4, 0x0A61,
0x84A8, 0x0A65,
0x04A4, 0x0A61,
0x04A3, 0x0A77,
0x84A3, 0x0A77,
0x84A7, 0x0A7B,
0x04A3, 0x0A77,
0x04A5, 0x0A52,
0x84A5, 0x0A52,
0x84A9, 0x0A56,
0x04A5, 0x0A52,
0x04A9, 0x0AAA,
0x84A9, 0x0AAA,
0x84AD, 0x0AAE,
0x04A9, 0x0AAA,
0x04A4, 0x0A54,
0x84A4, 0x0A54,
0x84A8, 0x0A58,
0x04A4, 0x0A54,
0x04AF, 0x0A6A,
0x84AF, 0x0A6A,
0x84B3, 0x0A6E,
0x04AF, 0x0A6A,
0x04B5, 0x0A7E,
0x84B5, 0x0A7E,
0x84B9, 0x0A82,
0x04B5, 0x0A7E,
0x04B7, 0x0A89,
0x84B7, 0x0A89,
0x84BB, 0x0A8D,
0x04B7, 0x0A89,
0x04B1, 0x0A67,
0x84B1, 0x0A67,
0x84B5, 0x0A6B,
0x04B1, 0x0A67,
0x04B9, 0x0A81,
0x84B9, 0x0A81,
0x84BE, 0x0A85,
0x04B9, 0x0A81,
0x04B4, 0x0A57,
0x84B4, 0x0A57,
0x84B8, 0x0A5B,
0x04B4, 0x0A57,
0x04BA, 0x0A87,
0x84BA, 0x0A87,
0x84BE, 0x0A8B,
0x04BA, 0x0A87,
0x04BB, 0x0A7F,
0x84BB, 0x0A7F,
0x84BF, 0x0A83,
0x04BB, 0x0A7F,
0x04C1, 0x0A87,
0x84C1, 0x0A87,
0x84C5, 0x0A8B,
0x04C1, 0x0A87,
0x04C0, 0x0A87,
0x84C0, 0x0A87,
0x84C4, 0x0A8B,
0x04C0, 0x0A87,
0x04BE, 0x0A89,
0x84BE, 0x0A89,
0x84C2, 0x0A8D,
0x04BE, 0x0A89,
0x04C0, 0x0A81,
0x84C0, 0x0A81,
0x84C4, 0x0A85,
0x04C0, 0x0A81,
0x04C1, 0x0A8E,
0x84C1, 0x0A8E,
0x84C5, 0x0A92,
0x04C1, 0x0A8E,
0x04C2, 0x0A83,
0x84C2, 0x0A83,
0x84C7, 0x0A87,
0x04C2, 0x0A83,
0x04C6, 0x0A92,
0x84C6, 0x0A92,
0x84CB, 0x0A96,
0x04C6, 0x0A92,
0x04C7, 0x0A92,
0x84C7, 0x0A92,
0x84CB, 0x0A96,
0x04C7, 0x0A92,
0x04CC, 0x0A96,
0x84CC, 0x0A96,
0x84D0, 0x0A9A,
0x04CC, 0x0A96,
0x04CE, 0x0A99,
0x84CE, 0x0A99,
0x84D2, 0x0A9D,
0x04CE, 0x0A99,
0x04CD, 0x0A95,
0x84CD, 0x0A95,
0x84D1, 0x0A99,
0x04CD, 0x0A95,
0x04CF, 0x0A97,
0x84CF, 0x0A97,
0x84D3, 0x0A9B,
0x04CF, 0x0A97,
0x04B8, 0x0A4A,
0x84B8, 0x0A4A,
0x84BC, 0x0A4E,
0x04B8, 0x0A4A,
0x04C0, 0x0A37,
0x84C0, 0x0A37,
0x84C5, 0x0A3B,
0x04C0, 0x0A37,
0x04C3, 0x0A36,
0x84C3, 0x0A36,
0x84C7, 0x0A3A,
0x04C3, 0x0A36,
0x04C2, 0x0A36,
0x84C2, 0x0A36,
0x84C7, 0x0A3A,
0x04C2, 0x0A36,
0x04C5, 0x0A32,
0x84C5, 0x0A32,
0x84C9, 0x0A36,
0x04C5, 0x0A32,
0x04C8, 0x0A28,
0x84C8, 0x0A28,
0x84CD, 0x0A2C,
0x04C8, 0x0A28,
0x04C7, 0x0A2C,
0x84C7, 0x0A2C,
0x84CB, 0x0A30,
0x04C7, 0x0A2C,
0x04C8, 0x0A2E,
0x84C8, 0x0A2E,
0x84CC, 0x0A32,
0x04C8, 0x0A2E,
0x0428, 0x0B46,
0x8428, 0x0B46,
0x842C, 0x0B4A,
0x0428, 0x0B46,
0x0427, 0x0B44,
0x8427, 0x0B44,
0x842B, 0x0B48,
0x0427, 0x0B44,
0x0424, 0x0B4A,
0x8424, 0x0B4A,
0x8428, 0x0B4E,
0x0424, 0x0B4A,
0x0428, 0x0B3E,
0x8428, 0x0B3E,
0x842C, 0x0B43,
0x0428, 0x0B3E,
0x0428, 0x0B45,
0x8428, 0x0B45,
0x842C, 0x0B49,
0x0428, 0x0B45,
0x042B, 0x0B46,
0x842B, 0x0B46,
0x842F, 0x0B4A,
0x042B, 0x0B46,
0x042C, 0x0B43,
0x842C, 0x0B43,
0x8430, 0x0B47,
0x042C, 0x0B43,
0x042B, 0x0B48,
0x842B, 0x0B48,
0x8430, 0x0B4C,
0x042B, 0x0B48,
0x043C, 0x0B4F,
0x843C, 0x0B4F,
0x8440, 0x0B53,
0x043C, 0x0B4F,
0x043B, 0x0B4C,
0x843B, 0x0B4C,
0x843F, 0x0B50,
0x043B, 0x0B4C,
0x043A, 0x0B50,
0x843A, 0x0B50,
0x843E, 0x0B54,
0x043A, 0x0B50,
0x0438, 0x0B50,
0x8438, 0x0B50,
0x843C, 0x0B54,
0x0438, 0x0B50,
0x0433, 0x0B48,
0x8433, 0x0B48,
0x8437, 0x0B4D,
0x0433, 0x0B48,
0x0434, 0x0B4C,
0x8434, 0x0B4C,
0x8438, 0x0B51,
0x0434, 0x0B4C,
0x0434, 0x0B47,
0x8434, 0x0B47,
0x8438, 0x0B4B,
0x0434, 0x0B47,
0x0437, 0x0B4E,
0x8437, 0x0B4E,
0x843B, 0x0B52,
0x0437, 0x0B4E,
0x043A, 0x0B4C,
0x843A, 0x0B4C,
0x843E, 0x0B50,
0x043A, 0x0B4C,
0x0411, 0x0AC7,
0x8411, 0x0AC7,
0x8415, 0x0ACB,
0x0411, 0x0AC7,
0x040E, 0x0AAB,
0x840E, 0x0AAB,
0x8412, 0x0AAF,
0x040E, 0x0AAB,
0x0410, 0x0AA0,
0x8410, 0x0AA0,
0x8414, 0x0AA4,
0x0410, 0x0AA0,
0x040E, 0x0AB8,
0x840E, 0x0AB8,
0x8412, 0x0ABC,
0x040E, 0x0AB8,
0x040A, 0x0AA3,
0x840A, 0x0AA3,
0x840E, 0x0AA7,
0x040A, 0x0AA3,
0x040E, 0x0ACB,
0x840E, 0x0ACB,
0x8412, 0x0ACF,
0x040E, 0x0ACB,
0x040B, 0x0AA3,
0x840B, 0x0AA3,
0x840F, 0x0AA7,
0x040B, 0x0AA3,
0x0408, 0x0AC0,
0x8408, 0x0AC0,
0x840C, 0x0AC4,
0x0408, 0x0AC0,
0x0411, 0x0AFA,
0x8411, 0x0AFA,
0x8415, 0x0AFE,
0x0411, 0x0AFA,
0x0411, 0x0B05,
0x8411, 0x0B05,
0x8415, 0x0B09,
0x0411, 0x0B05,
0x0408, 0x0B20,
0x8408, 0x0B20,
0x840C, 0x0B24,
0x0408, 0x0B20,
0x040A, 0x0B16,
0x840A, 0x0B16,
0x840F, 0x0B1A,
0x040A, 0x0B16,
0x040E, 0x0B1F,
0x840E, 0x0B1F,
0x8412, 0x0B23,
0x040E, 0x0B1F,
0x040B, 0x0B22,
0x840B, 0x0B22,
0x840F, 0x0B26,
0x040B, 0x0B22,
0x0406, 0x0B21,
0x8406, 0x0B21,
0x840A, 0x0B25,
0x0406, 0x0B21,
0x040C, 0x0B26,
0x840C, 0x0B26,
0x8410, 0x0B2A,
0x040C, 0x0B26,
0x040C, 0x0B28,
0x840C, 0x0B28,
0x8410, 0x0B2C,
0x040C, 0x0B28,
0x0407, 0x0B19,
0x8407, 0x0B19,
0x840B, 0x0B1D,
0x0407, 0x0B19,
0x0406, 0x0B15,
0x8406, 0x0B15,
0x840A, 0x0B19,
0x0406, 0x0B15,
0x0405, 0x0B17,
0x8405, 0x0B17,
0x8409, 0x0B1B,
0x0405, 0x0B17,
0x0403, 0x0B0C,
0x8403, 0x0B0C,
0x8407, 0x0B10,
0x0403, 0x0B0C,
0x03FA, 0x0B13,
0x83FA, 0x0B13,
0x83FE, 0x0B17,
0x03FA, 0x0B13,
0x03FA, 0x0B0E,
0x83FA, 0x0B0E,
0x83FE, 0x0B12,
0x03FA, 0x0B0E,
0x040A, 0x0B27,
0x840A, 0x0B27,
0x840E, 0x0B2B,
0x040A, 0x0B27,
0x03FC, 0x0B03,
0x83FC, 0x0B03,
0x8400, 0x0B07,
0x03FC, 0x0B03,
0x03FC, 0x0B05,
0x83FC, 0x0B05,
0x8400, 0x0B09,
0x03FC, 0x0B05,
0x0405, 0x0A6D,
0x8405, 0x0A6D,
0x840A, 0x0A71,
0x0405, 0x0A6D,
0x0409, 0x0A64,
0x8409, 0x0A64,
0x840E, 0x0A68,
0x0409, 0x0A64,
0x040B, 0x0A59,
0x840B, 0x0A59,
0x840F, 0x0A5D,
0x040B, 0x0A59,
0x0406, 0x0A57,
0x8406, 0x0A57,
0x840B, 0x0A5B,
0x0406, 0x0A57,
0x0403, 0x0A6E,
0x8403, 0x0A6E,
0x8407, 0x0A72,
0x0403, 0x0A6E,
0x0405, 0x0A66,
0x8405, 0x0A66,
0x840A, 0x0A6A,
0x0405, 0x0A66,
0x0409, 0x0A49,
0x8409, 0x0A49,
0x840D, 0x0A4D,
0x0409, 0x0A49,
0x0404, 0x0A62,
0x8404, 0x0A62,
0x8408, 0x0A66,
0x0404, 0x0A62,
0x0404, 0x0A6B,
0x8404, 0x0A6B,
0x8408, 0x0A6F,
0x0404, 0x0A6B,
0x03FB, 0x0A69,
0x83FB, 0x0A69,
0x83FF, 0x0A6E,
0x03FB, 0x0A69,
0x0400, 0x0A63,
0x8400, 0x0A63,
0x8404, 0x0A67,
0x0400, 0x0A63,
0x0403, 0x0A69,
0x8403, 0x0A69,
0x8407, 0x0A6D,
0x0403, 0x0A69,
0x03FC, 0x0A55,
0x83FC, 0x0A55,
0x8400, 0x0A59,
0x03FC, 0x0A55,
0x0400, 0x0A5A,
0x8400, 0x0A5A,
0x8404, 0x0A5E,
0x0400, 0x0A5A,
0x03FA, 0x0A5D,
0x83FA, 0x0A5D,
0x83FF, 0x0A61,
0x03FA, 0x0A5D,
0x03F6, 0x0A5D,
0x83F6, 0x0A5D,
0x83FA, 0x0A61,
0x03F6, 0x0A5D,
0x03F3, 0x0A61,
0x83F3, 0x0A61,
0x83F7, 0x0A65,
0x03F3, 0x0A61,
0x03FC, 0x0A50,
0x83FC, 0x0A50,
0x8400, 0x0A54,
0x03FC, 0x0A50,
0x03F5, 0x0A5B,
0x83F5, 0x0A5B,
0x83F9, 0x0A5F,
0x03F5, 0x0A5B,
0x03ED, 0x0A5E,
0x83ED, 0x0A5E,
0x83F2, 0x0A62,
0x03ED, 0x0A5E,
0x03F4, 0x0A58,
0x83F4, 0x0A58,
0x83F9, 0x0A5C,
0x03F4, 0x0A58,
0x03EE, 0x0A60,
0x83EE, 0x0A60,
0x83F2, 0x0A64,
0x03EE, 0x0A60,
0x03E9, 0x0A54,
0x83E9, 0x0A54,
0x83ED, 0x0A58,
0x03E9, 0x0A54,
0x03F0, 0x0A5F,
0x83F0, 0x0A5F,
0x83F4, 0x0A63,
0x03F0, 0x0A5F,
0x03EA, 0x0A55,
0x83EA, 0x0A55,
0x83EE, 0x0A59,
0x03EA, 0x0A55,
0x03EA, 0x0A55,
0x83EA, 0x0A55,
0x83EE, 0x0A59,
0x03EA, 0x0A55,
0x03E9, 0x0A5D,
0x83E9, 0x0A5D,
0x83ED, 0x0A62,
0x03E9, 0x0A5D,
0x03E6, 0x0A54,
0x83E6, 0x0A54,
0x83EA, 0x0A58,
0x03E6, 0x0A54,
0x03EC, 0x0A61,
0x83EC, 0x0A61,
0x83F0, 0x0A65,
0x03EC, 0x0A61,
0x03E4, 0x0A5A,
0x83E4, 0x0A5A,
0x83E8, 0x0A5E,
0x03E4, 0x0A5A,
0x03EA, 0x0A4E,
0x83EA, 0x0A4E,
0x83EE, 0x0A52,
0x03EA, 0x0A4E,
0x03FD, 0x0AC5,
0x83FD, 0x0AC5,
0x8401, 0x0AC9,
0x03FD, 0x0AC5,
0x03FA, 0x0ABE,
0x83FA, 0x0ABE,
0x83FE, 0x0AC2,
0x03FA, 0x0ABE,
0x03FB, 0x0AC6,
0x83FB, 0x0AC6,
0x83FF, 0x0ACA,
0x03FB, 0x0AC6,
0x03F8, 0x0ABA,
0x83F8, 0x0ABA,
0x83FC, 0x0ABE,
0x03F8, 0x0ABA,
0x03FC, 0x0AC4,
0x83FC, 0x0AC4,
0x8400, 0x0AC8,
0x03FC, 0x0AC4,
0x03FA, 0x0AAF,
0x83FA, 0x0AAF,
0x83FE, 0x0AB3,
0x03FA, 0x0AAF,
0x0403, 0x0ABC,
0x8403, 0x0ABC,
0x8407, 0x0AC0,
0x0403, 0x0ABC,
0x0401, 0x0AC2,
0x8401, 0x0AC2,
0x8405, 0x0AC6,
0x0401, 0x0AC2,
0x0406, 0x0ABD,
0x8406, 0x0ABD,
0x840A, 0x0AC1,
0x0406, 0x0ABD,
0x03F2, 0x0AB2,
0x83F2, 0x0AB2,
0x83F6, 0x0AB6,
0x03F2, 0x0AB2,
0x03EF, 0x0AB0,
0x83EF, 0x0AB0,
0x83F3, 0x0AB4,
0x03EF, 0x0AB0,
0x03F2, 0x0AB3,
0x83F2, 0x0AB3,
0x83F6, 0x0AB7,
0x03F2, 0x0AB3,
0x03EB, 0x0AAB,
0x83EB, 0x0AAB,
0x83EF, 0x0AAF,
0x03EB, 0x0AAB,
0x03EE, 0x0AAD,
0x83EE, 0x0AAD,
0x83F2, 0x0AB1,
0x03EE, 0x0AAD,
0x03F0, 0x0AB4,
0x83F0, 0x0AB4,
0x83F4, 0x0AB8,
0x03F0, 0x0AB4,
0x03E9, 0x0AB2,
0x83E9, 0x0AB2,
0x83ED, 0x0AB6,
0x03E9, 0x0AB2,
0x03E9, 0x0AB8,
0x83E9, 0x0AB8,
0x83ED, 0x0ABC,
0x03E9, 0x0AB8,
0x03EB, 0x0AAE,
0x83EB, 0x0AAE,
0x83EF, 0x0AB2,
0x03EB, 0x0AAE,
0x03F9, 0x0B03,
0x83F9, 0x0B03,
0x83FD, 0x0B07,
0x03F9, 0x0B03,
0x03F7, 0x0B04,
0x83F7, 0x0B04,
0x83FB, 0x0B08,
0x03F7, 0x0B04,
0x03F3, 0x0B0A,
0x83F3, 0x0B0A,
0x83F7, 0x0B0E,
0x03F3, 0x0B0A,
0x03F2, 0x0B10,
0x83F2, 0x0B10,
0x83F6, 0x0B14,
0x03F2, 0x0B10,
0x03EE, 0x0B07,
0x83EE, 0x0B07,
0x83F2, 0x0B0B,
0x03EE, 0x0B07,
0x03F2, 0x0B08,
0x83F2, 0x0B08,
0x83F6, 0x0B0C,
0x03F2, 0x0B08,
0x03EE, 0x0B04,
0x83EE, 0x0B04,
0x83F2, 0x0B09,
0x03EE, 0x0B04,
0x03EB, 0x0B05,
0x83EB, 0x0B05,
0x83EF, 0x0B09,
0x03EB, 0x0B05
};

const unsigned short draw_15[] PROGMEM = {
0x06E4, 0x0A1A,
0x86E4, 0x0A1A,
0x86ED, 0x0A1D,
0x86F3, 0x0A21,
0x86F9, 0x0A27,
0x8700, 0x0A2B,
0x8707, 0x0A30,
0x870E, 0x0A32,
0x8716, 0x0A36,
0x871E, 0x0A39,
0x8725, 0x0A3D,
0x872D, 0x0A3D,
0x8734, 0x0A41,
0x873B, 0x0A46,
0x8740, 0x0A4B,
0x8746, 0x0A51,
0x874E, 0x0A55,
0x8756, 0x0A57,
0x875D, 0x0A5A,
0x8765, 0x0A5D,
0x876C, 0x0A61,
0x8773, 0x0A62,
0x877C, 0x0A65,
0x8782, 0x0A6A,
0x8789, 0x0A6C,
0x8791, 0x0A6C,
0x8799, 0x0A6C,
0x879D, 0x0A66,
0x879C, 0x0A5E,
0x879D, 0x0A56,
0x879C, 0x0A4E,
0x879B, 0x0A45,
0x879B, 0x0A3D,
0x879B, 0x0A35,
0x879C, 0x0A2D,
0x87A3, 0x0A2A,
0x87AA, 0x0A2D,
0x87B0, 0x0A33,
0x87B5, 0x0A3A,
0x87BA, 0x0A41,
0x87BF, 0x0A47,
0x87C5, 0x0A4C,
0x87CB, 0x0A52,
0x87D1, 0x0A58,
0x87C4, 0x0A64,
0x87BD, 0x0A61,
0x87B7, 0x0A5B,
0x87B2, 0x0A59,
0x87B1, 0x0A62,
0x87B1, 0x0A6A,
0x87B1, 0x0A72,
0x87B1, 0x0A7A,
0x87B1, 0x0A82,
0x87B8, 0x0A84,
0x87BD, 0x0A7E,
0x87C3, 0x0A79,
0x87C8, 0x0A72,
0x87C8, 0x0A6B,
0x87C4, 0x0A64,
0x87D1, 0x0A58,
0x87D7, 0x0A5E,
0x87DF, 0x0A61,
0x87E6, 0x0A63,
0x87EE, 0x0A66,
0x87F6, 0x0A67,
0x87FE, 0x0A67,
0x8806, 0x0A64,
0x880D, 0x0A64,
0x8815, 0x0A63,
0x881C, 0x0A66,
0x8825, 0x0A68,
0x882B, 0x0A6C,
0x8833, 0x0A6C,
0x883B, 0x0A6E,
0x8843, 0x0A6E,
0x884B, 0x0A6C,
0x8853, 0x0A6C,
0x885C, 0x0A6C,
0x8864, 0x0A6C,
0x886C, 0x0A6C,
0x8874, 0x0A6C,
0x887B, 0x0A70,
0x887B, 0x0A78,
0x8874, 0x0A7D,
0x886E, 0x0A81,
0x8865, 0x0A82,
0x885D, 0x0A82,
0x8855, 0x0A82,
0x884C, 0x0A82,
0x8844, 0x0A82,
0x883C, 0x0A82,
0x8834, 0x0A82,
0x882B, 0x0A82,
0x8824, 0x0A80,
0x881C, 0x0A7C,
0x8814, 0x0A7C,
0x880C, 0x0A7B,
0x8804, 0x0A7C,
0x87FC, 0x0A7C,
0x87F4, 0x0A7E,
0x87ED, 0x0A7E,
0x87E5, 0x0A7E,
0x87DD, 0x0A80,
0x87D5, 0x0A83,
0x87D1, 0x0A8A,
0x87CA, 0x0A8E,
0x87C4, 0x0A94,
0x87BE, 0x0A9A,
0x87B9, 0x0AA0,
0x87B3, 0x0AA5,
0x87AC, 0x0AAB,
0x87A4, 0x0AAD,
0x879E, 0x0AA9,
0x879D, 0x0AA1,
0x879C, 0x0A99,
0x879B, 0x0A91,
0x8798, 0x0A89,
0x8791, 0x0A87,
0x8788, 0x0A88,
0x8781, 0x0A8A,
0x8779, 0x0A8D,
0x8773, 0x0A93,
0x876E, 0x0A98,
0x8767, 0x0A9E,
0x875F, 0x0AA0,
0x8759, 0x0AA5,
0x8753, 0x0AAB,
0x874C, 0x0AAE,
0x8746, 0x0AB3,
0x873E, 0x0AB7,
0x8737, 0x0AB8,
0x8730, 0x0ABD,
0x8729, 0x0AC2,
0x8722, 0x0AC6,
0x8725, 0x0ACD,
0x872B, 0x0AD1,
0x8733, 0x0AD3,
0x873C, 0x0AD4,
0x8742, 0x0AD8,
0x874A, 0x0ADB,
0x8751, 0x0AE0,
0x8758, 0x0AE4,
0x875F, 0x0AE8,
0x8767, 0x0AE8,
0x876E, 0x0AED,
0x8774, 0x0AF2,
0x877B, 0x0AF7,
0x8783, 0x0AF7,
0x878B, 0x0AF5,
0x8792, 0x0AF1,
0x879A, 0x0AEE,
0x879B, 0x0AE7,
0x879B, 0x0ADE,
0x879B, 0x0AD6,
0x879A, 0x0ACE,
0x8796, 0x0AC7,
0x8798, 0x0ABF,
0x879C, 0x0AB8,
0x87A3, 0x0AB5,
0x87AA, 0x0AB9,
0x87AB, 0x0AC1,
0x87AE, 0x0AC8,
0x87B4, 0x0ACE,
0x87B8, 0x0AD6,
0x87BC, 0x0ADD,
0x87C1, 0x0AE3,
0x87C7, 0x0AE9,
0x87CE, 0x0AED,
0x87D5, 0x0AF1,
0x87DB, 0x0AF6,
0x87E3, 0x0AF8,
0x87EB, 0x0AF6,
0x87F3, 0x0AFA,
0x87FA, 0x0AFB,
0x8803, 0x0AFB,
0x880B, 0x0AFB,
0x8811, 0x0AF7,
0x881A, 0x0AF8,
0x8821, 0x0AF8,
0x882A, 0x0AF7,
0x8832, 0x0AF7,
0x883A, 0x0AF7,
0x8842, 0x0AF7,
0x884B, 0x0AF5,
0x8852, 0x0AF6,
0x885A, 0x0AF7,
0x8863, 0x0AF7,
0x886A, 0x0AF4,
0x8871, 0x0AF5,
0x8876, 0x0AFC,
0x8878, 0x0B03,
0x8874, 0x0B09,
0x886C, 0x0B0E,
0x8865, 0x0B0C,
0x885E, 0x0B0C,
0x8856, 0x0B10,
0x884F, 0x0B0C,
0x8846, 0x0B0B,
0x883E, 0x0B0B,
0x8836, 0x0B0B,
0x882E, 0x0B0C,
0x8827, 0x0B0F,
0x881F, 0x0B0F,
0x8816, 0x0B0F,
0x880E, 0x0B10,
0x8806, 0x0B11,
0x87FE, 0x0B11,
0x87F5, 0x0B11,
0x87ED, 0x0B11,
0x87E5, 0x0B11,
0x87DD, 0x0B11,
0x87D5, 0x0B12,
0x87CF, 0x0B17,
0x87C9, 0x0B1E,
0x87C3, 0x0B23,
0x87BC, 0x0B27,
0x87B7, 0x0B2E,
0x87B2, 0x0B34,
0x87AB, 0x0B37,
0x87A4, 0x0B3A,
0x879D, 0x0B36,
0x8798, 0x0B2F,
0x8796, 0x0B27,
0x8796, 0x0B1F,
0x8798, 0x0B17,
0x879A, 0x0B10,
0x87AD, 0x0B0C,
0x87AF, 0x0B13,
0x87B6, 0x0B14,
0x87BB, 0x0B0D,
0x87C0, 0x0B08,
0x87C4, 0x0B03,
0x87C0, 0x0AFC,
0x87B9, 0x0AF8,
0x87B2, 0x0AF4,
0x87AE, 0x0AF3,
0x87AD, 0x0AFC,
0x87AD, 0x0B04,
0x87AD, 0x0B0C,
0x879A, 0x0B10,
0x8793, 0x0B0C,
0x878C, 0x0B0F,
0x8784, 0x0B11,
0x877F, 0x0B17,
0x8779, 0x0B1C,
0x8772, 0x0B20,
0x876A, 0x0B23,
0x8763, 0x0B25,
0x875C, 0x0B2A,
0x8755, 0x0B2E,
0x874D, 0x0B2E,
0x8745, 0x0B2F,
0x873F, 0x0B34,
0x8738, 0x0B39,
0x8732, 0x0B3D,
0x872A, 0x0B41,
0x8723, 0x0B45,
0x871D, 0x0B49,
0x8717, 0x0B50,
0x870F, 0x0B52,
0x8709, 0x0B56,
0x8700, 0x0B58,
0x86F9, 0x0B5A,
0x86F1, 0x0B5D,
0x86E9, 0x0B5D,
0x86E2, 0x0B5A,
0x86DD, 0x0B54,
0x86DB, 0x0B4C,
0x86DD, 0x0B45,
0x86DD, 0x0B3C,
0x86DF, 0x0B34,
0x86DF, 0x0B2C,
0x86DF, 0x0B24,
0x86DF, 0x0B1C,
0x86DF, 0x0B13,
0x86DF, 0x0B0B,
0x86DF, 0x0B03,
0x86DF, 0x0AFA,
0x86DF, 0x0AF2,
0x86DF, 0x0AEA,
0x86E3, 0x0AE3,
0x86F2, 0x0AE5,
0x86F2, 0x0AED,
0x86F2, 0x0AF5,
0x86F2, 0x0AFD,
0x86F2, 0x0B05,
0x86F2, 0x0B0D,
0x86F2, 0x0B16,
0x86F2, 0x0B1E,
0x86F6, 0x0B24,
0x86FC, 0x0B29,
0x8703, 0x0B2E,
0x8709, 0x0B32,
0x8710, 0x0B35,
0x8717, 0x0B33,
0x871F, 0x0B30,
0x8725, 0x0B2B,
0x872C, 0x0B27,
0x8733, 0x0B23,
0x8739, 0x0B1D,
0x8740, 0x0B1A,
0x8748, 0x0B19,
0x874F, 0x0B18,
0x8756, 0x0B13,
0x875D, 0x0B0E,
0x8764, 0x0B0D,
0x876B, 0x0B09,
0x8768, 0x0B03,
0x8760, 0x0AFF,
0x875A, 0x0AFB,
0x8752, 0x0AF8,
0x874B, 0x0AF7,
0x8745, 0x0AF1,
0x873E, 0x0AED,
0x8738, 0x0AE8,
0x8730, 0x0AE7,
0x8729, 0x0AE4,
0x8721, 0x0AE2,
0x871A, 0x0ADD,
0x8713, 0x0ADB,
0x870D, 0x0AD7,
0x8705, 0x0AD4,
0x86FF, 0x0ACF,
0x86F7, 0x0ACE,
0x86F7, 0x0ACE,
0x86F2, 0x0AD5,
0x86F2, 0x0ADD,
0x86F2, 0x0AE5,
0x86E3, 0x0AE3,
0x86E2, 0x0ADB,
0x86DF, 0x0AD3,
0x86DF, 0x0ACB,
0x86DF, 0x0AC3,
0x86DF, 0x0ABA,
0x86DF, 0x0AB2,
0x86DF, 0x0AAA,
0x86DF, 0x0AA2,
0x86DF, 0x0A99,
0x86DF, 0x0A91,
0x86E0, 0x0A89,
0x86E2, 0x0A81,
0x86F2, 0x0A85,
0x86F2, 0x0A8D,
0x86F2, 0x0A95,
0x86F2, 0x0A9D,
0x86F2, 0x0AA5,
0x86F2, 0x0AAD,
0x86F7, 0x0AB2,
0x86FF, 0x0AB4,
0x8707, 0x0AB5,
0x870F, 0x0AB3,
0x8717, 0x0AB1,
0x871E, 0x0AAE,
0x8725, 0x0AA9,
0x872B, 0x0AA5,
0x8733, 0x0AA5,
0x873B, 0x0AA2,
0x8740, 0x0A9D,
0x8746, 0x0A97,
0x874C, 0x0A92,
0x8753, 0x0A8E,
0x875B, 0x0A8C,
0x8762, 0x0A88,
0x8768, 0x0A84,
0x876E, 0x0A7F,
0x876E, 0x0A77,
0x8767, 0x0A74,
0x8760, 0x0A71,
0x8759, 0x0A6D,
0x8751, 0x0A6A,
0x8749, 0x0A69,
0x8742, 0x0A65,
0x873C, 0x0A60,
0x8734, 0x0A5D,
0x872E, 0x0A5A,
0x8728, 0x0A53,
0x8720, 0x0A52,
0x8719, 0x0A51,
0x8715, 0x0A51,
0x870E, 0x0A56,
0x8706, 0x0A58,
0x86FE, 0x0A59,
0x86F9, 0x0A5E,
0x86F4, 0x0A64,
0x86F2, 0x0A6D,
0x86F2, 0x0A75,
0x86F2, 0x0A7D,
0x86F2, 0x0A85,
0x86E2, 0x0A81,
0x86E0, 0x0A7A,
0x86DF, 0x0A72,
0x86DF, 0x0A69,
0x86DF, 0x0A61,
0x86DF, 0x0A59,
0x86DF, 0x0A50,
0x86DF, 0x0A49,
0x86DE, 0x0A40,
0x86DE, 0x0A38,
0x86DD, 0x0A30,
0x86DD, 0x0A27,
0x86DE, 0x0A1F,
0x86E4, 0x0A1A,
0x06E4, 0x0A1A,
0x086E, 0x0A70,
0x886E, 0x0A70,
0x8872, 0x0A74,
0x086E, 0x0A70,
0x086F, 0x0A75,
0x886F, 0x0A75,
0x8873, 0x0A79,
0x086F, 0x0A75,
0x0856, 0x0A73,
0x8856, 0x0A73,
0x885A, 0x0A77,
0x0856, 0x0A73,
0x0856, 0x0A73,
0x8856, 0x0A73,
0x885A, 0x0A77,
0x0856, 0x0A73,
0x0851, 0x0A73,
0x8851, 0x0A73,
0x8855, 0x0A77,
0x0851, 0x0A73,
0x0844, 0x0A75,
0x8844, 0x0A75,
0x8848, 0x0A79,
0x0844, 0x0A75,
0x084D, 0x0A73,
0x884D, 0x0A73,
0x8851, 0x0A77,
0x084D, 0x0A73,
0x084E, 0x0A78,
0x884E, 0x0A78,
0x8852, 0x0A7C,
0x084E, 0x0A78,
0x084A, 0x0A73,
0x884A, 0x0A73,
0x884E, 0x0A77,
0x084A, 0x0A73,
0x0846, 0x0A78,
0x8846, 0x0A78,
0x884A, 0x0A7C,
0x0846, 0x0A78,
0x0837, 0x0A76,
0x8837, 0x0A76,
0x883C, 0x0A7A,
0x0837, 0x0A76,
0x082E, 0x0A77,
0x882E, 0x0A77,
0x8832, 0x0A7B,
0x082E, 0x0A77,
0x082C, 0x0A71,
0x882C, 0x0A71,
0x8831, 0x0A75,
0x082C, 0x0A71,
0x0825, 0x0A7A,
0x8825, 0x0A7A,
0x8829, 0x0A7E,
0x0825, 0x0A7A,
0x081F, 0x0A77,
0x881F, 0x0A77,
0x8823, 0x0A7B,
0x081F, 0x0A77,
0x0824, 0x0A79,
0x8824, 0x0A79,
0x8828, 0x0A7D,
0x0824, 0x0A79,
0x082A, 0x0A74,
0x882A, 0x0A74,
0x882E, 0x0A78,
0x082A, 0x0A74,
0x082C, 0x0A79,
0x882C, 0x0A79,
0x8830, 0x0A7D,
0x082C, 0x0A79,
0x081D, 0x0A6A,
0x881D, 0x0A6A,
0x8821, 0x0A6F,
0x081D, 0x0A6A,
0x0820, 0x0A6C,
0x8820, 0x0A6C,
0x8824, 0x0A70,
0x0820, 0x0A6C,
0x0819, 0x0A6D,
0x8819, 0x0A6D,
0x881D, 0x0A71,
0x0819, 0x0A6D,
0x081F, 0x0A6B,
0x881F, 0x0A6B,
0x8823, 0x0A6F,
0x081F, 0x0A6B,
0x0817, 0x0A68,
0x8817, 0x0A68,
0x881B, 0x0A6C,
0x0817, 0x0A68,
0x0818, 0x0A67,
0x8818, 0x0A67,
0x881C, 0x0A6B,
0x0818, 0x0A67,
0x0811, 0x0A73,
0x8811, 0x0A73,
0x8815, 0x0A77,
0x0811, 0x0A73,
0x0817, 0x0A69,
0x8817, 0x0A69,
0x881B, 0x0A6D,
0x0817, 0x0A69,
0x080B, 0x0A6A,
0x880B, 0x0A6A,
0x880F, 0x0A6E,
0x080B, 0x0A6A,
0x0814, 0x0A6A,
0x8814, 0x0A6A,
0x8818, 0x0A6E,
0x0814, 0x0A6A,
0x080A, 0x0A6E,
0x880A, 0x0A6E,
0x880E, 0x0A72,
0x080A, 0x0A6E,
0x0810, 0x0A71,
0x8810, 0x0A71,
0x8814, 0x0A75,
0x0810, 0x0A71,
0x07F1, 0x0A70,
0x87F1, 0x0A70,
0x87F5, 0x0A74,
0x07F1, 0x0A70,
0x07FB, 0x0A6B,
0x87FB, 0x0A6B,
0x87FF, 0x0A6F,
0x07FB, 0x0A6B,
0x07ED, 0x0A72,
0x87ED, 0x0A72,
0x87F1, 0x0A76,
0x07ED, 0x0A72,
0x07ED, 0x0A74,
0x87ED, 0x0A74,
0x87F1, 0x0A78,
0x07ED, 0x0A74,
0x07CC, 0x0A66,
0x87CC, 0x0A66,
0x87D0, 0x0A6A,
0x07CC, 0x0A66,
0x07D6, 0x0A64,
0x87D6, 0x0A64,
0x87DA, 0x0A69,
0x07D6, 0x0A64,
0x07D1, 0x0A68,
0x87D1, 0x0A68,
0x87D5, 0x0A6C,
0x07D1, 0x0A68,
0x07DC, 0x0A65,
0x87DC, 0x0A65,
0x87E0, 0x0A69,
0x07DC, 0x0A65,
0x07D2, 0x0A64,
0x87D2, 0x0A64,
0x87D6, 0x0A68,
0x07D2, 0x0A64,
0x07D3, 0x0A75,
0x87D3, 0x0A75,
0x87D7, 0x0A7A,
0x07D3, 0x0A75,
0x07DC, 0x0A76,
0x87DC, 0x0A76,
0x87E0, 0x0A7A,
0x07DC, 0x0A76,
0x07C4, 0x0A7E,
0x87C4, 0x0A7E,
0x87C8, 0x0A83,
0x07C4, 0x0A7E,
0x07C4, 0x0A81,
0x87C4, 0x0A81,
0x87C8, 0x0A85,
0x07C4, 0x0A81,
0x07BD, 0x0A89,
0x87BD, 0x0A89,
0x87C1, 0x0A8D,
0x07BD, 0x0A89,
0x079D, 0x0A6E,
0x879D, 0x0A6E,
0x87A1, 0x0A72,
0x079D, 0x0A6E,
0x07A0, 0x0A88,
0x87A0, 0x0A88,
0x87A5, 0x0A8C,
0x07A0, 0x0A88,
0x07A8, 0x0A9A,
0x87A8, 0x0A9A,
0x87AC, 0x0A9E,
0x07A8, 0x0A9A,
0x07A0, 0x0A9A,
0x87A0, 0x0A9A,
0x87A5, 0x0A9E,
0x07A0, 0x0A9A,
0x07AD, 0x0A99,
0x87AD, 0x0A99,
0x87B1, 0x0A9D,
0x07AD, 0x0A99,
0x07A6, 0x0A98,
0x87A6, 0x0A98,
0x87AA, 0x0A9C,
0x07A6, 0x0A98,
0x07AE, 0x0A92,
0x87AE, 0x0A92,
0x87B2, 0x0A97,
0x07AE, 0x0A92,
0x07A8, 0x0A9F,
0x87A8, 0x0A9F,
0x87AC, 0x0AA3,
0x07A8, 0x0A9F,
0x07AB, 0x0A94,
0x87AB, 0x0A94,
0x87AF, 0x0A98,
0x07AB, 0x0A94,
0x07AA, 0x0A92,
0x87AA, 0x0A92,
0x87AE, 0x0A96,
0x07AA, 0x0A92,
0x07B7, 0x0A89,
0x87B7, 0x0A89,
0x87BB, 0x0A8D,
0x07B7, 0x0A89,
0x079A, 0x0A82,
0x879A, 0x0A82,
0x879E, 0x0A87,
0x079A, 0x0A82,
0x0799, 0x0A85,
0x8799, 0x0A85,
0x879D, 0x0A89,
0x0799, 0x0A85,
0x0778, 0x0A7E,
0x8778, 0x0A7E,
0x877C, 0x0A82,
0x0778, 0x0A7E,
0x077D, 0x0A80,
0x877D, 0x0A80,
0x8781, 0x0A84,
0x077D, 0x0A80,
0x0778, 0x0A80,
0x8778, 0x0A80,
0x877C, 0x0A85,
0x0778, 0x0A80,
0x078D, 0x0A72,
0x878D, 0x0A72,
0x8791, 0x0A76,
0x078D, 0x0A72,
0x0774, 0x0A7F,
0x8774, 0x0A7F,
0x8778, 0x0A83,
0x0774, 0x0A7F,
0x078E, 0x0A72,
0x878E, 0x0A72,
0x8792, 0x0A76,
0x078E, 0x0A72,
0x0787, 0x0A78,
0x8787, 0x0A78,
0x878B, 0x0A7C,
0x0787, 0x0A78,
0x0795, 0x0A77,
0x8795, 0x0A77,
0x8799, 0x0A7B,
0x0795, 0x0A77,
0x0784, 0x0A80,
0x8784, 0x0A80,
0x8789, 0x0A84,
0x0784, 0x0A80,
0x0778, 0x0A7F,
0x8778, 0x0A7F,
0x877C, 0x0A83,
0x0778, 0x0A7F,
0x0762, 0x0A65,
0x8762, 0x0A65,
0x8766, 0x0A69,
0x0762, 0x0A65,
0x075F, 0x0A67,
0x875F, 0x0A67,
0x8764, 0x0A6B,
0x075F, 0x0A67,
0x0764, 0x0A67,
0x8764, 0x0A67,
0x8768, 0x0A6B,
0x0764, 0x0A67,
0x0767, 0x0A67,
0x8767, 0x0A67,
0x876B, 0x0A6B,
0x0767, 0x0A67,
0x076B, 0x0A69,
0x876B, 0x0A69,
0x876F, 0x0A6E,
0x076B, 0x0A69,
0x0769, 0x0A6C,
0x8769, 0x0A6C,
0x876D, 0x0A70,
0x0769, 0x0A6C,
0x0770, 0x0A6B,
0x8770, 0x0A6B,
0x8774, 0x0A6F,
0x0770, 0x0A6B,
0x0776, 0x0A69,
0x8776, 0x0A69,
0x877A, 0x0A6D,
0x0776, 0x0A69,
0x0774, 0x0A6C,
0x8774, 0x0A6C,
0x8778, 0x0A70,
0x0774, 0x0A6C,
0x0769, 0x0A6D,
0x8769, 0x0A6D,
0x876D, 0x0A71,
0x0769, 0x0A6D,
0x0742, 0x0A53,
0x8742, 0x0A53,
0x8746, 0x0A57,
0x0742, 0x0A53,
0x073C, 0x0A5A,
0x873C, 0x0A5A,
0x8740, 0x0A5E,
0x073C, 0x0A5A,
0x0742, 0x0A54,
0x8742, 0x0A54,
0x8746, 0x0A59,
0x0742, 0x0A54,
0x073D, 0x0A59,
0x873D, 0x0A59,
0x8741, 0x0A5D,
0x073D, 0x0A59,
0x073D, 0x0A5A,
0x873D, 0x0A5A,
0x8741, 0x0A5E,
0x073D, 0x0A5A,
0x0748, 0x0A5D,
0x8748, 0x0A5D,
0x874C, 0x0A61,
0x0748, 0x0A5D,
0x0757, 0x0A5E,
0x8757, 0x0A5E,
0x875B, 0x0A62,
0x0757, 0x0A5E,
0x0752, 0x0A62,
0x8752, 0x0A62,
0x8756, 0x0A66,
0x0752, 0x0A62,
0x0755, 0x0A61,
0x8755, 0x0A61,
0x8759, 0x0A65,
0x0755, 0x0A61,
0x075A, 0x0A63,
0x875A, 0x0A63,
0x875E, 0x0A67,
0x075A, 0x0A63,
0x075D, 0x0A60,
0x875D, 0x0A60,
0x8761, 0x0A64,
0x075D, 0x0A60,
0x0731, 0x0A52,
0x8731, 0x0A52,
0x8735, 0x0A57,
0x0731, 0x0A52,
0x0733, 0x0A52,
0x8733, 0x0A52,
0x8737, 0x0A56,
0x0733, 0x0A52,
0x0733, 0x0A4F,
0x8733, 0x0A4F,
0x8737, 0x0A53,
0x0733, 0x0A4F,
0x072C, 0x0A51,
0x872C, 0x0A51,
0x8731, 0x0A55,
0x072C, 0x0A51,
0x0733, 0x0A4E,
0x8733, 0x0A4E,
0x8737, 0x0A53,
0x0733, 0x0A4E,
0x0735, 0x0A48,
0x8735, 0x0A48,
0x873A, 0x0A4C,
0x0735, 0x0A48,
0x072A, 0x0A4C,
0x872A, 0x0A4C,
0x872E, 0x0A50,
0x072A, 0x0A4C,
0x07A9, 0x0A64,
0x87A9, 0x0A64,
0x87AD, 0x0A68,
0x07A9, 0x0A64,
0x079F, 0x0A32,
0x879F, 0x0A32,
0x87A3, 0x0A36,
0x079F, 0x0A32,
0x07A5, 0x0A34,
0x87A5, 0x0A34,
0x87A9, 0x0A38,
0x07A5, 0x0A34,
0x07A4, 0x0A34,
0x87A4, 0x0A34,
0x87A8, 0x0A38,
0x07A4, 0x0A34,
0x07A3, 0x0A3B,
0x87A3, 0x0A3B,
0x87A7, 0x0A3F,
0x07A3, 0x0A3B,
0x07A1, 0x0A38,
0x87A1, 0x0A38,
0x87A5, 0x0A3D,
0x07A1, 0x0A38,
0x07A0, 0x0A34,
0x87A0, 0x0A34,
0x87A4, 0x0A38,
0x07A0, 0x0A34,
0x07A5, 0x0A37,
0x87A5, 0x0A37,
0x87A9, 0x0A3C,
0x07A5, 0x0A37,
0x07A2, 0x0A35,
0x87A2, 0x0A35,
0x87A6, 0x0A3A,
0x07A2, 0x0A35,
0x07A4, 0x0A3B,
0x87A4, 0x0A3B,
0x87A8, 0x0A3F,
0x07A4, 0x0A3B,
0x07A2, 0x0A42,
0x87A2, 0x0A42,
0x87A6, 0x0A47,
0x07A2, 0x0A42,
0x07AB, 0x0A3F,
0x87AB, 0x0A3F,
0x87AF, 0x0A43,
0x07AB, 0x0A3F,
0x07A3, 0x0A3F,
0x87A3, 0x0A3F,
0x87A7, 0x0A43,
0x07A3, 0x0A3F,
0x07A0, 0x0A54,
0x87A0, 0x0A54,
0x87A5, 0x0A58,
0x07A0, 0x0A54,
0x07A4, 0x0A52,
0x87A4, 0x0A52,
0x87A8, 0x0A56,
0x07A4, 0x0A52,
0x07A4, 0x0A56,
0x87A4, 0x0A56,
0x87A8, 0x0A5A,
0x07A4, 0x0A56,
0x07AF, 0x0A49,
0x87AF, 0x0A49,
0x87B3, 0x0A4D,
0x07AF, 0x0A49,
0x07A6, 0x0A52,
0x87A6, 0x0A52,
0x87AA, 0x0A56,
0x07A6, 0x0A52,
0x07A2, 0x0A54,
0x87A2, 0x0A54,
0x87A7, 0x0A58,
0x07A2, 0x0A54,
0x07B4, 0x0A4E,
0x87B4, 0x0A4E,
0x87B8, 0x0A52,
0x07B4, 0x0A4E,
0x07A6, 0x0A53,
0x87A6, 0x0A53,
0x87AA, 0x0A57,
0x07A6, 0x0A53,
0x07BD, 0x0A51,
0x87BD, 0x0A51,
0x87C1, 0x0A55,
0x07BD, 0x0A51,
0x07A8, 0x0A55,
0x87A8, 0x0A55,
0x87AC, 0x0A59,
0x07A8, 0x0A55,
0x074C, 0x0A9D,
0x874C, 0x0A9D,
0x8750, 0x0AA1,
0x074C, 0x0A9D,
0x074A, 0x0A9E,
0x874A, 0x0A9E,
0x874E, 0x0AA2,
0x074A, 0x0A9E,
0x0748, 0x0A9C,
0x8748, 0x0A9C,
0x874C, 0x0AA0,
0x0748, 0x0A9C,
0x074E, 0x0A99,
0x874E, 0x0A99,
0x8752, 0x0A9E,
0x074E, 0x0A99,
0x0753, 0x0A94,
0x8753, 0x0A94,
0x8758, 0x0A98,
0x0753, 0x0A94,
0x074B, 0x0A9C,
0x874B, 0x0A9C,
0x874F, 0x0AA0,
0x074B, 0x0A9C,
0x074A, 0x0A9B,
0x874A, 0x0A9B,
0x874E, 0x0A9F,
0x074A, 0x0A9B,
0x0760, 0x0A95,
0x8760, 0x0A95,
0x8764, 0x0A99,
0x0760, 0x0A95,
0x0764, 0x0A93,
0x8764, 0x0A93,
0x8768, 0x0A97,
0x0764, 0x0A93,
0x076B, 0x0A8A,
0x876B, 0x0A8A,
0x876F, 0x0A8E,
0x076B, 0x0A8A,
0x0736, 0x0AA9,
0x8736, 0x0AA9,
0x873A, 0x0AAD,
0x0736, 0x0AA9,
0x073C, 0x0AA7,
0x873C, 0x0AA7,
0x8741, 0x0AAB,
0x073C, 0x0AA7,
0x0744, 0x0AA8,
0x8744, 0x0AA8,
0x8748, 0x0AAC,
0x0744, 0x0AA8,
0x0747, 0x0AA3,
0x8747, 0x0AA3,
0x874B, 0x0AA7,
0x0747, 0x0AA3,
0x0721, 0x0ACF,
0x8721, 0x0ACF,
0x8725, 0x0AD3,
0x0721, 0x0ACF,
0x0721, 0x0AD7,
0x8721, 0x0AD7,
0x8725, 0x0ADB,
0x0721, 0x0AD7,
0x071F, 0x0AB9,
0x871F, 0x0AB9,
0x8723, 0x0ABD,
0x071F, 0x0AB9,
0x0722, 0x0AD4,
0x8722, 0x0AD4,
0x8726, 0x0AD8,
0x0722, 0x0AD4,
0x0725, 0x0AD3,
0x8725, 0x0AD3,
0x8729, 0x0AD7,
0x0725, 0x0AD3,
0x0729, 0x0AB0,
0x8729, 0x0AB0,
0x872E, 0x0AB4,
0x0729, 0x0AB0,
0x072E, 0x0AC8,
0x872E, 0x0AC8,
0x8732, 0x0ACC,
0x072E, 0x0AC8,
0x0723, 0x0AD4,
0x8723, 0x0AD4,
0x8727, 0x0AD9,
0x0723, 0x0AD4,
0x0725, 0x0AD5,
0x8725, 0x0AD5,
0x872A, 0x0AD9,
0x0725, 0x0AD5,
0x0727, 0x0AD4,
0x8727, 0x0AD4,
0x872C, 0x0AD8,
0x0727, 0x0AD4,
0x0724, 0x0AD2,
0x8724, 0x0AD2,
0x8728, 0x0AD6,
0x0724, 0x0AD2,
0x0726, 0x0ADC,
0x8726, 0x0ADC,
0x872A, 0x0AE0,
0x0726, 0x0ADC,
0x072C, 0x0AD8,
0x872C, 0x0AD8,
0x8730, 0x0ADC,
0x072C, 0x0AD8,
0x0750, 0x0AE4,
0x8750, 0x0AE4,
0x8754, 0x0AE8,
0x0750, 0x0AE4,
0x0751, 0x0AE9,
0x8751, 0x0AE9,
0x8755, 0x0AED,
0x0751, 0x0AE9,
0x0747, 0x0ADF,
0x8747, 0x0ADF,
0x874C, 0x0AE3,
0x0747, 0x0ADF,
0x074C, 0x0AE3,
0x874C, 0x0AE3,
0x8750, 0x0AE7,
0x074C, 0x0AE3,
0x074C, 0x0AEC,
0x874C, 0x0AEC,
0x8751, 0x0AF0,
0x074C, 0x0AEC,
0x074A, 0x0AE3,
0x874A, 0x0AE3,
0x874E, 0x0AE7,
0x074A, 0x0AE3,
0x074E, 0x0AE5,
0x874E, 0x0AE5,
0x8752, 0x0AE9,
0x074E, 0x0AE5,
0x0744, 0x0ADF,
0x8744, 0x0ADF,
0x8748, 0x0AE3,
0x0744, 0x0ADF,
0x073D, 0x0ADC,
0x873D, 0x0ADC,
0x8741, 0x0AE0,
0x073D, 0x0ADC,
0x0748, 0x0AE7,
0x8748, 0x0AE7,
0x874C, 0x0AEB,
0x0748, 0x0AE7,
0x073E, 0x0ADF,
0x873E, 0x0ADF,
0x8743, 0x0AE3,
0x073E, 0x0ADF,
0x073E, 0x0AE4,
0x873E, 0x0AE4,
0x8742, 0x0AE9,
0x073E, 0x0AE4,
0x073E, 0x0AE8,
0x873E, 0x0AE8,
0x8742, 0x0AEC,
0x073E, 0x0AE8,
0x073C, 0x0AE3,
0x873C, 0x0AE3,
0x8740, 0x0AE7,
0x073C, 0x0AE3,
0x0736, 0x0ADD,
0x8736, 0x0ADD,
0x873A, 0x0AE1,
0x0736, 0x0ADD,
0x076C, 0x0AF0,
0x876C, 0x0AF0,
0x8770, 0x0AF4,
0x076C, 0x0AF0,
0x076A, 0x0AF8,
0x876A, 0x0AF8,
0x876F, 0x0AFC,
0x076A, 0x0AF8,
0x0767, 0x0AFB,
0x8767, 0x0AFB,
0x876B, 0x0AFF,
0x0767, 0x0AFB,
0x0765, 0x0AF0,
0x8765, 0x0AF0,
0x8769, 0x0AF4,
0x0765, 0x0AF0,
0x076A, 0x0AED,
0x876A, 0x0AED,
0x876E, 0x0AF1,
0x076A, 0x0AED,
0x0763, 0x0AF1,
0x8763, 0x0AF1,
0x8768, 0x0AF5,
0x0763, 0x0AF1,
0x0765, 0x0AEF,
0x8765, 0x0AEF,
0x8769, 0x0AF3,
0x0765, 0x0AEF,
0x0769, 0x0AEF,
0x8769, 0x0AEF,
0x876E, 0x0AF3,
0x0769, 0x0AEF,
0x0761, 0x0AF4,
0x8761, 0x0AF4,
0x8765, 0x0AF8,
0x0761, 0x0AF4,
0x086C, 0x0B03,
0x886C, 0x0B03,
0x8870, 0x0B07,
0x086C, 0x0B03,
0x0869, 0x0B01,
0x8869, 0x0B01,
0x886D, 0x0B05,
0x0869, 0x0B01,
0x086E, 0x0AFE,
0x886E, 0x0AFE,
0x8872, 0x0B03,
0x086E, 0x0AFE,
0x0870, 0x0AFC,
0x8870, 0x0AFC,
0x8874, 0x0B00,
0x0870, 0x0AFC,
0x0860, 0x0B02,
0x8860, 0x0B02,
0x8864, 0x0B06,
0x0860, 0x0B02,
0x086C, 0x0B00,
0x886C, 0x0B00,
0x8870, 0x0B04,
0x086C, 0x0B00,
0x0858, 0x0B00,
0x8858, 0x0B00,
0x885C, 0x0B04,
0x0858, 0x0B00,
0x085A, 0x0B01,
0x885A, 0x0B01,
0x885E, 0x0B05,
0x085A, 0x0B01,
0x0857, 0x0B03,
0x8857, 0x0B03,
0x885B, 0x0B07,
0x0857, 0x0B03,
0x0856, 0x0AFA,
0x8856, 0x0AFA,
0x885A, 0x0AFE,
0x0856, 0x0AFA,
0x0853, 0x0AFF,
0x8853, 0x0AFF,
0x8857, 0x0B03,
0x0853, 0x0AFF,
0x0853, 0x0AFA,
0x8853, 0x0AFA,
0x8857, 0x0AFE,
0x0853, 0x0AFA,
0x0848, 0x0AFA,
0x8848, 0x0AFA,
0x884C, 0x0AFE,
0x0848, 0x0AFA,
0x0842, 0x0B01,
0x8842, 0x0B01,
0x8846, 0x0B05,
0x0842, 0x0B01,
0x0847, 0x0AFE,
0x8847, 0x0AFE,
0x884B, 0x0B02,
0x0847, 0x0AFE,
0x083B, 0x0B03,
0x883B, 0x0B03,
0x883F, 0x0B07,
0x083B, 0x0B03,
0x0822, 0x0AFC,
0x8822, 0x0AFC,
0x8826, 0x0B00,
0x0822, 0x0AFC,
0x081E, 0x0AFB,
0x881E, 0x0AFB,
0x8822, 0x0AFF,
0x081E, 0x0AFB,
0x0825, 0x0AFB,
0x8825, 0x0AFB,
0x8829, 0x0AFF,
0x0825, 0x0AFB,
0x0824, 0x0B05,
0x8824, 0x0B05,
0x8828, 0x0B09,
0x0824, 0x0B05,
0x0823, 0x0AFF,
0x8823, 0x0AFF,
0x8828, 0x0B03,
0x0823, 0x0AFF,
0x081F, 0x0B04,
0x881F, 0x0B04,
0x8823, 0x0B09,
0x081F, 0x0B04,
0x0820, 0x0B05,
0x8820, 0x0B05,
0x8824, 0x0B09,
0x0820, 0x0B05,
0x0805, 0x0B09,
0x8805, 0x0B09,
0x8809, 0x0B0D,
0x0805, 0x0B09,
0x0804, 0x0B02,
0x8804, 0x0B02,
0x8808, 0x0B06,
0x0804, 0x0B02,
0x0805, 0x0B08,
0x8805, 0x0B08,
0x8809, 0x0B0C,
0x0805, 0x0B08,
0x0807, 0x0B02,
0x8807, 0x0B02,
0x880B, 0x0B07,
0x0807, 0x0B02,
0x0804, 0x0B05,
0x8804, 0x0B05,
0x8808, 0x0B09,
0x0804, 0x0B05,
0x0813, 0x0B02,
0x8813, 0x0B02,
0x8817, 0x0B06,
0x0813, 0x0B02,
0x080A, 0x0B02,
0x880A, 0x0B02,
0x880E, 0x0B06,
0x080A, 0x0B02,
0x07FB, 0x0B03,
0x87FB, 0x0B03,
0x87FF, 0x0B07,
0x07FB, 0x0B03,
0x07F9, 0x0B00,
0x87F9, 0x0B00,
0x87FD, 0x0B04,
0x07F9, 0x0B00,
0x07F5, 0x0B08,
0x87F5, 0x0B08,
0x87FA, 0x0B0C,
0x07F5, 0x0B08,
0x07F7, 0x0B02,
0x87F7, 0x0B02,
0x87FB, 0x0B06,
0x07F7, 0x0B02,
0x07F4, 0x0B09,
0x87F4, 0x0B09,
0x87F8, 0x0B0D,
0x07F4, 0x0B09,
0x07EF, 0x0AFB,
0x87EF, 0x0AFB,
0x87F3, 0x0B00,
0x07EF, 0x0AFB,
0x07EE, 0x0B00,
0x87EE, 0x0B00,
0x87F2, 0x0B04,
0x07EE, 0x0B00,
0x07ED, 0x0B04,
0x87ED, 0x0B04,
0x87F1, 0x0B08,
0x07ED, 0x0B04,
0x07EA, 0x0B03,
0x87EA, 0x0B03,
0x87EE, 0x0B07,
0x07EA, 0x0B03,
0x07EC, 0x0B06,
0x87EC, 0x0B06,
0x87F1, 0x0B0A,
0x07EC, 0x0B06,
0x07E7, 0x0B07,
0x87E7, 0x0B07,
0x87EB, 0x0B0C,
0x07E7, 0x0B07,
0x07EF, 0x0AFF,
0x87EF, 0x0AFF,
0x87F3, 0x0B03,
0x07EF, 0x0AFF,
0x07E9, 0x0B05,
0x87E9, 0x0B05,
0x87ED, 0x0B09,
0x07E9, 0x0B05,
0x07D8, 0x0AFB,
0x87D8, 0x0AFB,
0x87DC, 0x0AFF,
0x07D8, 0x0AFB,
0x07D8, 0x0AFA,
0x87D8, 0x0AFA,
0x87DC, 0x0AFE,
0x07D8, 0x0AFA,
0x07D7, 0x0AF8,
0x87D7, 0x0AF8,
0x87DB, 0x0AFD,
0x07D7, 0x0AF8,
0x07D7, 0x0AFF,
0x87D7, 0x0AFF,
0x87DB, 0x0B03,
0x07D7, 0x0AFF,
0x07D4, 0x0AF6,
0x87D4, 0x0AF6,
0x87D8, 0x0AFA,
0x07D4, 0x0AF6,
0x07D3, 0x0AFA,
0x87D3, 0x0AFA,
0x87D7, 0x0AFE,
0x07D3, 0x0AFA,
0x07B6, 0x0AEB,
0x87B6, 0x0AEB,
0x87BA, 0x0AEF,
0x07B6, 0x0AEB,
0x07B7, 0x0AE2,
0x87B7, 0x0AE2,
0x87BB, 0x0AE6,
0x07B7, 0x0AE2,
0x07B2, 0x0AEA,
0x87B2, 0x0AEA,
0x87B6, 0x0AEE,
0x07B2, 0x0AEA,
0x07B1, 0x0ADE,
0x87B1, 0x0ADE,
0x87B5, 0x0AE2,
0x07B1, 0x0ADE,
0x07B2, 0x0AE9,
0x87B2, 0x0AE9,
0x87B6, 0x0AED,
0x07B2, 0x0AE9,
0x07AB, 0x0AE6,
0x87AB, 0x0AE6,
0x87AF, 0x0AEA,
0x07AB, 0x0AE6,
0x07B1, 0x0AE2,
0x87B1, 0x0AE2,
0x87B5, 0x0AE6,
0x07B1, 0x0AE2,
0x07B5, 0x0AE3,
0x87B5, 0x0AE3,
0x87B9, 0x0AE7,
0x07B5, 0x0AE3,
0x07B4, 0x0AE3,
0x87B4, 0x0AE3,
0x87B8, 0x0AE7,
0x07B4, 0x0AE3,
0x07AB, 0x0ACD,
0x87AB, 0x0ACD,
0x87B0, 0x0AD1,
0x07AB, 0x0ACD,
0x07A8, 0x0ADA,
0x87A8, 0x0ADA,
0x87AC, 0x0ADF,
0x07A8, 0x0ADA,
0x07A8, 0x0AD3,
0x87A8, 0x0AD3,
0x87AC, 0x0AD7,
0x07A8, 0x0AD3,
0x07AB, 0x0ACE,
0x87AB, 0x0ACE,
0x87B0, 0x0AD2,
0x07AB, 0x0ACE,
0x07AF, 0x0AD7,
0x87AF, 0x0AD7,
0x87B3, 0x0ADB,
0x07AF, 0x0AD7,
0x07AF, 0x0AD5,
0x87AF, 0x0AD5,
0x87B3, 0x0AD9,
0x07AF, 0x0AD5,
0x07A2, 0x0AD8,
0x87A2, 0x0AD8,
0x87A6, 0x0ADD,
0x07A2, 0x0AD8,
0x07B2, 0x0AE8,
0x87B2, 0x0AE8,
0x87B6, 0x0AEC,
0x07B2, 0x0AE8,
0x07A6, 0x0AC2,
0x87A6, 0x0AC2,
0x87AA, 0x0AC7,
0x07A6, 0x0AC2,
0x079F, 0x0AC3,
0x879F, 0x0AC3,
0x87A3, 0x0AC7,
0x079F, 0x0AC3,
0x07A3, 0x0AB9,
0x87A3, 0x0AB9,
0x87A7, 0x0ABD,
0x07A3, 0x0AB9,
0x07A2, 0x0ABE,
0x87A2, 0x0ABE,
0x87A6, 0x0AC2,
0x07A2, 0x0ABE,
0x07A5, 0x0AEE,
0x87A5, 0x0AEE,
0x87A9, 0x0AF2,
0x07A5, 0x0AEE,
0x07A1, 0x0AEC,
0x87A1, 0x0AEC,
0x87A5, 0x0AF0,
0x07A1, 0x0AEC,
0x07A4, 0x0AF3,
0x87A4, 0x0AF3,
0x87A8, 0x0AF7,
0x07A4, 0x0AF3,
0x079D, 0x0AF5,
0x879D, 0x0AF5,
0x87A1, 0x0AF9,
0x079D, 0x0AF5,
0x079A, 0x0AF5,
0x879A, 0x0AF5,
0x879E, 0x0AF9,
0x079A, 0x0AF5,
0x079E, 0x0AFA,
0x879E, 0x0AFA,
0x87A2, 0x0AFE,
0x079E, 0x0AFA,
0x07A4, 0x0AFB,
0x87A4, 0x0AFB,
0x87A8, 0x0AFF,
0x07A4, 0x0AFB,
0x0798, 0x0AF9,
0x8798, 0x0AF9,
0x879C, 0x0AFD,
0x0798, 0x0AF9,
0x07A2, 0x0B00,
0x87A2, 0x0B00,
0x87A6, 0x0B04,
0x07A2, 0x0B00,
0x0794, 0x0AFD,
0x8794, 0x0AFD,
0x8798, 0x0B01,
0x0794, 0x0AFD,
0x07A3, 0x0B03,
0x87A3, 0x0B03,
0x87A8, 0x0B07,
0x07A3, 0x0B03,
0x07A1, 0x0AFF,
0x87A1, 0x0AFF,
0x87A5, 0x0B04,
0x07A1, 0x0AFF,
0x0798, 0x0B01,
0x8798, 0x0B01,
0x879C, 0x0B05,
0x0798, 0x0B01,
0x0795, 0x0B00,
0x8795, 0x0B00,
0x8799, 0x0B04,
0x0795, 0x0B00,
0x0796, 0x0B00,
0x8796, 0x0B00,
0x879B, 0x0B04,
0x0796, 0x0B00,
0x079D, 0x0B30,
0x879D, 0x0B30,
0x87A1, 0x0B34,
0x079D, 0x0B30,
0x079D, 0x0B2A,
0x879D, 0x0B2A,
0x87A1, 0x0B2E,
0x079D, 0x0B2A,
0x079E, 0x0B31,
0x879E, 0x0B31,
0x87A2, 0x0B35,
0x079E, 0x0B31,
0x07A3, 0x0B27,
0x87A3, 0x0B27,
0x87A7, 0x0B2B,
0x07A3, 0x0B27,
0x07A5, 0x0B23,
0x87A5, 0x0B23,
0x87A9, 0x0B27,
0x07A5, 0x0B23,
0x07A2, 0x0B25,
0x87A2, 0x0B25,
0x87A6, 0x0B29,
0x07A2, 0x0B25,
0x07AC, 0x0B25,
0x87AC, 0x0B25,
0x87B0, 0x0B2A,
0x07AC, 0x0B25,
0x07AE, 0x0B20,
0x87AE, 0x0B20,
0x87B2, 0x0B25,
0x07AE, 0x0B20,
0x07B0, 0x0B1D,
0x87B0, 0x0B1D,
0x87B4, 0x0B21,
0x07B0, 0x0B1D,
0x07AE, 0x0B24,
0x87AE, 0x0B24,
0x87B2, 0x0B28,
0x07AE, 0x0B24,
0x07B3, 0x0B22,
0x87B3, 0x0B22,
0x87B7, 0x0B26,
0x07B3, 0x0B22,
0x07BD, 0x0B15,
0x87BD, 0x0B15,
0x87C1, 0x0B19,
0x07BD, 0x0B15,
0x07C0, 0x0B0F,
0x87C0, 0x0B0F,
0x87C5, 0x0B13,
0x07C0, 0x0B0F,
0x07C1, 0x0B0E,
0x87C1, 0x0B0E,
0x87C5, 0x0B12,
0x07C1, 0x0B0E,
0x0755, 0x0B1D,
0x8755, 0x0B1D,
0x8759, 0x0B21,
0x0755, 0x0B1D,
0x0755, 0x0B1A,
0x8755, 0x0B1A,
0x8759, 0x0B1E,
0x0755, 0x0B1A,
0x075B, 0x0B1B,
0x875B, 0x0B1B,
0x875F, 0x0B1F,
0x075B, 0x0B1B,
0x076E, 0x0B17,
0x876E, 0x0B17,
0x8772, 0x0B1B,
0x076E, 0x0B17,
0x0771, 0x0B0F,
0x8771, 0x0B0F,
0x8775, 0x0B13,
0x0771, 0x0B0F,
0x076F, 0x0B0E,
0x876F, 0x0B0E,
0x8773, 0x0B12,
0x076F, 0x0B0E,
0x077A, 0x0B01,
0x877A, 0x0B01,
0x877E, 0x0B05,
0x077A, 0x0B01,
0x077A, 0x0B07,
0x877A, 0x0B07,
0x877E, 0x0B0B,
0x077A, 0x0B07,
0x0774, 0x0AFB,
0x8774, 0x0AFB,
0x8779, 0x0AFF,
0x0774, 0x0AFB,
0x077B, 0x0B0B,
0x877B, 0x0B0B,
0x877F, 0x0B0F,
0x077B, 0x0B0B,
0x077A, 0x0B01,
0x877A, 0x0B01,
0x877E, 0x0B05,
0x077A, 0x0B01,
0x0770, 0x0AFC,
0x8770, 0x0AFC,
0x8774, 0x0B00,
0x0770, 0x0AFC,
0x07BD, 0x0AEB,
0x87BD, 0x0AEB,
0x87C1, 0x0AEF,
0x07BD, 0x0AEB,
0x07C0, 0x0AF3,
0x87C0, 0x0AF3,
0x87C4, 0x0AF7,
0x07C0, 0x0AF3,
0x07BF, 0x0AEB,
0x87BF, 0x0AEB,
0x87C3, 0x0AEF,
0x07BF, 0x0AEB,
0x07C2, 0x0AF4,
0x87C2, 0x0AF4,
0x87C6, 0x0AF8,
0x07C2, 0x0AF4,
0x07C6, 0x0AF2,
0x87C6, 0x0AF2,
0x87CA, 0x0AF6,
0x07C6, 0x0AF2,
0x07C5, 0x0AEF,
0x87C5, 0x0AEF,
0x87C9, 0x0AF3,
0x07C5, 0x0AEF,
0x07CC, 0x0B09,
0x87CC, 0x0B09,
0x87D0, 0x0B0D,
0x07CC, 0x0B09,
0x07D1, 0x0B01,
0x87D1, 0x0B01,
0x87D5, 0x0B05,
0x07D1, 0x0B01,
0x074E, 0x0B1D,
0x874E, 0x0B1D,
0x8752, 0x0B21,
0x074E, 0x0B1D,
0x074E, 0x0B1D,
0x874E, 0x0B1D,
0x8753, 0x0B21,
0x074E, 0x0B1D,
0x0753, 0x0B24,
0x8753, 0x0B24,
0x8757, 0x0B28,
0x0753, 0x0B24,
0x074A, 0x0B1E,
0x874A, 0x0B1E,
0x874E, 0x0B22,
0x074A, 0x0B1E,
0x074F, 0x0B22,
0x874F, 0x0B22,
0x8754, 0x0B26,
0x074F, 0x0B22,
0x0746, 0x0B1F,
0x8746, 0x0B1F,
0x874A, 0x0B23,
0x0746, 0x0B1F,
0x0746, 0x0B21,
0x8746, 0x0B21,
0x874A, 0x0B25,
0x0746, 0x0B21,
0x073C, 0x0B21,
0x873C, 0x0B21,
0x8740, 0x0B25,
0x073C, 0x0B21,
0x073E, 0x0B25,
0x873E, 0x0B25,
0x8742, 0x0B29,
0x073E, 0x0B25,
0x0735, 0x0B26,
0x8735, 0x0B26,
0x8739, 0x0B2B,
0x0735, 0x0B26,
0x0747, 0x0B1F,
0x8747, 0x0B1F,
0x874B, 0x0B23,
0x0747, 0x0B1F,
0x073F, 0x0B20,
0x873F, 0x0B20,
0x8743, 0x0B24,
0x073F, 0x0B20,
0x0732, 0x0B2C,
0x8732, 0x0B2C,
0x8736, 0x0B30,
0x0732, 0x0B2C,
0x0731, 0x0B2C,
0x8731, 0x0B2C,
0x8735, 0x0B30,
0x0731, 0x0B2C,
0x072E, 0x0B2B,
0x872E, 0x0B2B,
0x8732, 0x0B30,
0x072E, 0x0B2B,
0x0734, 0x0B2E,
0x8734, 0x0B2E,
0x8738, 0x0B32,
0x0734, 0x0B2E,
0x071A, 0x0B38,
0x871A, 0x0B38,
0x871E, 0x0B3C,
0x071A, 0x0B38,
0x071A, 0x0B37,
0x871A, 0x0B37,
0x871E, 0x0B3B,
0x071A, 0x0B37,
0x0724, 0x0B34,
0x8724, 0x0B34,
0x8728, 0x0B38,
0x0724, 0x0B34,
0x06FF, 0x0ABC,
0x86FF, 0x0ABC,
0x8703, 0x0AC0,
0x06FF, 0x0ABC,
0x06FA, 0x0AD4,
0x86FA, 0x0AD4,
0x86FE, 0x0AD8,
0x06FA, 0x0AD4,
0x06FA, 0x0AD3,
0x86FA, 0x0AD3,
0x86FE, 0x0AD7,
0x06FA, 0x0AD3,
0x0709, 0x0AC7,
0x8709, 0x0AC7,
0x870D, 0x0ACB,
0x0709, 0x0AC7,
0x0705, 0x0AC9,
0x8705, 0x0AC9,
0x8709, 0x0ACD,
0x0705, 0x0AC9,
0x070D, 0x0AD2,
0x870D, 0x0AD2,
0x8711, 0x0AD6,
0x070D, 0x0AD2,
0x070D, 0x0ABD,
0x870D, 0x0ABD,
0x8711, 0x0AC1,
0x070D, 0x0ABD,
0x0711, 0x0AC5,
0x8711, 0x0AC5,
0x8715, 0x0AC9,
0x0711, 0x0AC5,
0x070F, 0x0AC2,
0x870F, 0x0AC2,
0x8713, 0x0AC6,
0x070F, 0x0AC2,
0x070E, 0x0AD2,
0x870E, 0x0AD2,
0x8712, 0x0AD6,
0x070E, 0x0AD2,
0x070C, 0x0ACE,
0x870C, 0x0ACE,
0x8710, 0x0AD2,
0x070C, 0x0ACE,
0x0707, 0x0ACA,
0x8707, 0x0ACA,
0x870B, 0x0ACE,
0x0707, 0x0ACA,
0x0715, 0x0AC8,
0x8715, 0x0AC8,
0x8719, 0x0ACC,
0x0715, 0x0AC8,
0x0714, 0x0AD2,
0x8714, 0x0AD2,
0x8718, 0x0AD7,
0x0714, 0x0AD2,
0x070F, 0x0ACC,
0x870F, 0x0ACC,
0x8713, 0x0AD0,
0x070F, 0x0ACC,
0x06E9, 0x0B06,
0x86E9, 0x0B06,
0x86ED, 0x0B0A,
0x06E9, 0x0B06,
0x06E2, 0x0B0F,
0x86E2, 0x0B0F,
0x86E6, 0x0B13,
0x06E2, 0x0B0F,
0x06E5, 0x0AF7,
0x86E5, 0x0AF7,
0x86E9, 0x0AFB,
0x06E5, 0x0AF7,
0x06E8, 0x0AEF,
0x86E8, 0x0AEF,
0x86EC, 0x0AF3,
0x06E8, 0x0AEF,
0x06E4, 0x0AED,
0x86E4, 0x0AED,
0x86E8, 0x0AF1,
0x06E4, 0x0AED,
0x06E7, 0x0AE7,
0x86E7, 0x0AE7,
0x86EB, 0x0AEB,
0x06E7, 0x0AE7,
0x0725, 0x0A49,
0x8725, 0x0A49,
0x872A, 0x0A4D,
0x0725, 0x0A49,
0x071C, 0x0A45,
0x871C, 0x0A45,
0x8720, 0x0A49,
0x071C, 0x0A45,
0x06F5, 0x0A54,
0x86F5, 0x0A54,
0x86F9, 0x0A58,
0x06F5, 0x0A54,
0x0717, 0x0A41,
0x8717, 0x0A41,
0x871B, 0x0A45,
0x0717, 0x0A41,
0x0701, 0x0A48,
0x8701, 0x0A48,
0x8706, 0x0A4C,
0x0701, 0x0A48,
0x06FB, 0x0A4C,
0x86FB, 0x0A4C,
0x86FF, 0x0A50,
0x06FB, 0x0A4C,
0x0708, 0x0A45,
0x8708, 0x0A45,
0x870C, 0x0A49,
0x0708, 0x0A45,
0x0708, 0x0A47,
0x8708, 0x0A47,
0x870C, 0x0A4B,
0x0708, 0x0A47,
0x071C, 0x0A3E,
0x871C, 0x0A3E,
0x8721, 0x0A42,
0x071C, 0x0A3E,
0x070D, 0x0A43,
0x870D, 0x0A43,
0x8711, 0x0A47,
0x070D, 0x0A43,
0x0706, 0x0A3F,
0x8706, 0x0A3F,
0x870A, 0x0A43,
0x0706, 0x0A3F,
0x06FB, 0x0A46,
0x86FB, 0x0A46,
0x86FF, 0x0A4A,
0x06FB, 0x0A46,
0x06F9, 0x0A43,
0x86F9, 0x0A43,
0x86FD, 0x0A47,
0x06F9, 0x0A43,
0x06EA, 0x0A45,
0x86EA, 0x0A45,
0x86EE, 0x0A49,
0x06EA, 0x0A45,
0x070E, 0x0A37,
0x870E, 0x0A37,
0x8713, 0x0A3B,
0x070E, 0x0A37,
0x06EA, 0x0A3F,
0x86EA, 0x0A3F,
0x86EE, 0x0A43,
0x06EA, 0x0A3F,
0x06F7, 0x0A35,
0x86F7, 0x0A35,
0x86FB, 0x0A39,
0x06F7, 0x0A35,
0x06FE, 0x0A30,
0x86FE, 0x0A30,
0x8702, 0x0A34,
0x06FE, 0x0A30,
0x06EA, 0x0A3A,
0x86EA, 0x0A3A,
0x86EE, 0x0A3F,
0x06EA, 0x0A3A,
0x06F8, 0x0A33,
0x86F8, 0x0A33,
0x86FC, 0x0A37,
0x06F8, 0x0A33,
0x0700, 0x0A33,
0x8700, 0x0A33,
0x8704, 0x0A37,
0x0700, 0x0A33,
0x06F6, 0x0A2E,
0x86F6, 0x0A2E,
0x86FA, 0x0A32,
0x06F6, 0x0A2E,
0x06F1, 0x0A31,
0x86F1, 0x0A31,
0x86F5, 0x0A36,
0x06F1, 0x0A31,
0x06F9, 0x0A2E,
0x86F9, 0x0A2E,
0x86FD, 0x0A32,
0x06F9, 0x0A2E,
0x06EB, 0x0A28,
0x86EB, 0x0A28,
0x86EF, 0x0A2C,
0x06EB, 0x0A28,
0x06EE, 0x0A22,
0x86EE, 0x0A22,
0x86F2, 0x0A26,
0x06EE, 0x0A22,
0x06E5, 0x0A27,
0x86E5, 0x0A27,
0x86E9, 0x0A2B,
0x06E5, 0x0A27,
0x06E9, 0x0A25,
0x86E9, 0x0A25,
0x86ED, 0x0A29,
0x06E9, 0x0A25,
0x06E7, 0x0A9F,
0x86E7, 0x0A9F,
0x86EC, 0x0AA3,
0x06E7, 0x0A9F,
0x06E7, 0x0AA0,
0x86E7, 0x0AA0,
0x86EB, 0x0AA4,
0x06E7, 0x0AA0,
0x06E4, 0x0A9F,
0x86E4, 0x0A9F,
0x86E8, 0x0AA4,
0x06E4, 0x0A9F,
0x06E7, 0x0AA4,
0x86E7, 0x0AA4,
0x86EB, 0x0AA8,
0x06E7, 0x0AA4,
0x06E3, 0x0AB4,
0x86E3, 0x0AB4,
0x86E8, 0x0AB8,
0x06E3, 0x0AB4,
0x06EC, 0x0AAD,
0x86EC, 0x0AAD,
0x86F0, 0x0AB1,
0x06EC, 0x0AAD,
0x06EB, 0x0AB0,
0x86EB, 0x0AB0,
0x86EF, 0x0AB4,
0x06EB, 0x0AB0,
0x06E6, 0x0AC7,
0x86E6, 0x0AC7,
0x86EA, 0x0ACB,
0x06E6, 0x0AC7,
0x06E6, 0x0AB9,
0x86E6, 0x0AB9,
0x86EA, 0x0ABD,
0x06E6, 0x0AB9,
0x06E7, 0x0AAF,
0x86E7, 0x0AAF,
0x86EB, 0x0AB3,
0x06E7, 0x0AAF,
0x06EB, 0x0AC4,
0x86EB, 0x0AC4,
0x86EF, 0x0AC8,
0x06EB, 0x0AC4,
0x06E8, 0x0AD1,
0x86E8, 0x0AD1,
0x86EC, 0x0AD5,
0x06E8, 0x0AD1,
0x06E9, 0x0AD1,
0x86E9, 0x0AD1,
0x86ED, 0x0AD5,
0x06E9, 0x0AD1,
0x06E6, 0x0A96,
0x86E6, 0x0A96,
0x86EA, 0x0A9A,
0x06E6, 0x0A96,
0x06E9, 0x0A97,
0x86E9, 0x0A97,
0x86ED, 0x0A9B,
0x06E9, 0x0A97,
0x06E4, 0x0A96,
0x86E4, 0x0A96,
0x86E8, 0x0A9A,
0x06E4, 0x0A96,
0x06E4, 0x0A93,
0x86E4, 0x0A93,
0x86E8, 0x0A97,
0x06E4, 0x0A93,
0x06E4, 0x0A94,
0x86E4, 0x0A94,
0x86E8, 0x0A98,
0x06E4, 0x0A94,
0x06E4, 0x0A8C,
0x86E4, 0x0A8C,
0x86E8, 0x0A90,
0x06E4, 0x0A8C,
0x06E8, 0x0A89,
0x86E8, 0x0A89,
0x86EC, 0x0A8D,
0x06E8, 0x0A89,
0x06E6, 0x0A8A,
0x86E6, 0x0A8A,
0x86EA, 0x0A8E,
0x06E6, 0x0A8A,
0x06E5, 0x0A8B,
0x86E5, 0x0A8B,
0x86E9, 0x0A8F,
0x06E5, 0x0A8B,
0x06E9, 0x0A78,
0x86E9, 0x0A78,
0x86ED, 0x0A7C,
0x06E9, 0x0A78,
0x06EA, 0x0A6F,
0x86EA, 0x0A6F,
0x86EE, 0x0A73,
0x06EA, 0x0A6F,
0x06EA, 0x0A6B,
0x86EA, 0x0A6B,
0x86EE, 0x0A6F,
0x06EA, 0x0A6B,
0x06E9, 0x0A66,
0x86E9, 0x0A66,
0x86ED, 0x0A6A,
0x06E9, 0x0A66,
0x06E4, 0x0A68,
0x86E4, 0x0A68,
0x86E8, 0x0A6C,
0x06E4, 0x0A68,
0x06E2, 0x0A65,
0x86E2, 0x0A65,
0x86E6, 0x0A69,
0x06E2, 0x0A65,
0x06EB, 0x0B22,
0x86EB, 0x0B22,
0x86EF, 0x0B26,
0x06EB, 0x0B22,
0x06E8, 0x0B1E,
0x86E8, 0x0B1E,
0x86EC, 0x0B22,
0x06E8, 0x0B1E,
0x0719, 0x0B39,
0x8719, 0x0B39,
0x871D, 0x0B3D,
0x0719, 0x0B39,
0x06E3, 0x0B47,
0x86E3, 0x0B47,
0x86E7, 0x0B4C,
0x06E3, 0x0B47,
0x06E9, 0x0B41,
0x86E9, 0x0B41,
0x86ED, 0x0B46,
0x06E9, 0x0B41,
0x06FF, 0x0B4C,
0x86FF, 0x0B4C,
0x8703, 0x0B50,
0x06FF, 0x0B4C,
0x06EB, 0x0B45,
0x86EB, 0x0B45,
0x86F0, 0x0B4A,
0x06EB, 0x0B45,
0x06E4, 0x0B37,
0x86E4, 0x0B37,
0x86E8, 0x0B3B,
0x06E4, 0x0B37,
0x06FC, 0x0B4D,
0x86FC, 0x0B4D,
0x8700, 0x0B52,
0x06FC, 0x0B4D,
0x06E8, 0x0B3C,
0x86E8, 0x0B3C,
0x86EC, 0x0B40,
0x06E8, 0x0B3C,
0x06FA, 0x0B46,
0x86FA, 0x0B46,
0x86FE, 0x0B4A,
0x06FA, 0x0B46,
0x06E9, 0x0B36,
0x86E9, 0x0B36,
0x86ED, 0x0B3B,
0x06E9, 0x0B36,
0x0716, 0x0B41,
0x8716, 0x0B41,
0x871A, 0x0B45,
0x0716, 0x0B41,
0x06E9, 0x0B30,
0x86E9, 0x0B30,
0x86ED, 0x0B34,
0x06E9, 0x0B30,
0x0702, 0x0B36,
0x8702, 0x0B36,
0x8706, 0x0B3A,
0x0702, 0x0B36,
0x06F1, 0x0B2E,
0x86F1, 0x0B2E,
0x86F5, 0x0B32,
0x06F1, 0x0B2E,
0x06E8, 0x0B50,
0x86E8, 0x0B50,
0x86EC, 0x0B55,
0x06E8, 0x0B50,
0x06E6, 0x0B52,
0x86E6, 0x0B52,
0x86EA, 0x0B56,
0x06E6, 0x0B52,
0x06E7, 0x0B53,
0x86E7, 0x0B53,
0x86EB, 0x0B57,
0x06E7, 0x0B53
};

const unsigned short draw_16[] PROGMEM = {
0x08CD, 0x0A1A,
0x88CD, 0x0A1A,
0x88D6, 0x0A1C,
0x88DA, 0x0A23,
0x88DA, 0x0A2C,
0x88D8, 0x0A34,
0x88D8, 0x0A3D,
0x88D8, 0x0A45,
0x88D8, 0x0A4E,
0x88D8, 0x0A57,
0x88D8, 0x0A5F,
0x88D8, 0x0A68,
0x88D8, 0x0A71,
0x88D8, 0x0A79,
0x88D8, 0x0A82,
0x88D8, 0x0A8A,
0x88D7, 0x0A92,
0x88D6, 0x0A9B,
0x88D5, 0x0AA3,
0x88D5, 0x0AAC,
0x88D5, 0x0AB5,
0x88D4, 0x0ABD,
0x88D1, 0x0AC3,
0x88D0, 0x0ACB,
0x88D5, 0x0AD3,
0x88D7, 0x0ADB,
0x88D8, 0x0AE3,
0x88DA, 0x0AEA,
0x88DF, 0x0AF2,
0x88E1, 0x0AFA,
0x88E2, 0x0B02,
0x88E6, 0x0B0A,
0x88E8, 0x0B12,
0x88EC, 0x0B1A,
0x88F0, 0x0B21,
0x88F3, 0x0B29,
0x88FA, 0x0B2A,
0x88FE, 0x0B22,
0x8901, 0x0B1A,
0x8906, 0x0B13,
0x8912, 0x0B1B,
0x8910, 0x0B23,
0x890E, 0x0B2A,
0x890A, 0x0B32,
0x890B, 0x0B3A,
0x8911, 0x0B3D,
0x8919, 0x0B3D,
0x8921, 0x0B3D,
0x8928, 0x0B40,
0x8930, 0x0B40,
0x8930, 0x0B39,
0x892C, 0x0B31,
0x892B, 0x0B29,
0x8928, 0x0B22,
0x8925, 0x0B1B,
0x8921, 0x0B14,
0x8920, 0x0B0C,
0x891D, 0x0B05,
0x891C, 0x0B05,
0x891A, 0x0B0E,
0x8918, 0x0B15,
0x8912, 0x0B1B,
0x8906, 0x0B13,
0x890A, 0x0B0C,
0x890B, 0x0B04,
0x890D, 0x0AFB,
0x890D, 0x0AF3,
0x890D, 0x0AEA,
0x890B, 0x0AE4,
0x8903, 0x0AE3,
0x88FD, 0x0ADE,
0x88FE, 0x0AD6,
0x8900, 0x0ACE,
0x8905, 0x0AC7,
0x8908, 0x0ABF,
0x890A, 0x0AB7,
0x890A, 0x0AAE,
0x890D, 0x0AA6,
0x890D, 0x0A9E,
0x890D, 0x0A95,
0x890E, 0x0A8D,
0x8912, 0x0A86,
0x8913, 0x0A7D,
0x8913, 0x0A75,
0x8913, 0x0A6C,
0x8913, 0x0A63,
0x8914, 0x0A5B,
0x8915, 0x0A52,
0x8913, 0x0A4A,
0x8913, 0x0A41,
0x8913, 0x0A39,
0x8913, 0x0A30,
0x8914, 0x0A28,
0x8919, 0x0A21,
0x8921, 0x0A20,
0x8925, 0x0A27,
0x8926, 0x0A2F,
0x8925, 0x0A38,
0x8925, 0x0A41,
0x8925, 0x0A49,
0x8927, 0x0A52,
0x8928, 0x0A5A,
0x892B, 0x0A62,
0x892E, 0x0A69,
0x8930, 0x0A72,
0x8933, 0x0A79,
0x8934, 0x0A82,
0x8938, 0x0A89,
0x893B, 0x0A91,
0x892C, 0x0A9A,
0x8929, 0x0A93,
0x8924, 0x0A8C,
0x8922, 0x0A8C,
0x8922, 0x0A96,
0x8922, 0x0A9E,
0x8921, 0x0AA7,
0x891D, 0x0AAD,
0x891C, 0x0AB6,
0x891C, 0x0ABF,
0x891F, 0x0AC6,
0x8928, 0x0AC5,
0x8930, 0x0AC5,
0x8937, 0x0AC2,
0x8936, 0x0ABA,
0x8932, 0x0AB2,
0x8930, 0x0AAA,
0x892C, 0x0AA3,
0x892C, 0x0A9A,
0x893B, 0x0A91,
0x893D, 0x0A99,
0x8940, 0x0AA1,
0x8943, 0x0AA8,
0x8946, 0x0AB1,
0x894B, 0x0AB7,
0x8950, 0x0ABF,
0x8953, 0x0AC6,
0x8957, 0x0ACE,
0x8957, 0x0AD5,
0x894F, 0x0ADB,
0x8947, 0x0ADB,
0x893E, 0x0ADB,
0x8936, 0x0ADB,
0x892D, 0x0ADB,
0x8926, 0x0ADF,
0x8926, 0x0AE7,
0x8928, 0x0AEF,
0x892C, 0x0AF7,
0x8930, 0x0AFF,
0x8932, 0x0B07,
0x8934, 0x0B0F,
0x8938, 0x0B16,
0x8939, 0x0B1E,
0x893C, 0x0B26,
0x8940, 0x0B2E,
0x8944, 0x0B35,
0x8947, 0x0B3D,
0x894D, 0x0B42,
0x8951, 0x0B4A,
0x894F, 0x0B51,
0x8949, 0x0B58,
0x8940, 0x0B59,
0x8938, 0x0B59,
0x8930, 0x0B57,
0x8928, 0x0B53,
0x891F, 0x0B53,
0x8917, 0x0B53,
0x890E, 0x0B53,
0x8905, 0x0B53,
0x88FD, 0x0B51,
0x88F5, 0x0B51,
0x88EC, 0x0B52,
0x88E4, 0x0B53,
0x88DC, 0x0B54,
0x88D4, 0x0B59,
0x88CC, 0x0B58,
0x88C3, 0x0B59,
0x88BB, 0x0B58,
0x88B2, 0x0B59,
0x88AA, 0x0B58,
0x88A4, 0x0B52,
0x88A2, 0x0B4A,
0x88A7, 0x0B43,
0x88A9, 0x0B3B,
0x88AE, 0x0B33,
0x88AE, 0x0B2B,
0x88AF, 0x0B22,
0x88B3, 0x0B1B,
0x88C3, 0x0B1B,
0x88C2, 0x0B23,
0x88C1, 0x0B2C,
0x88BD, 0x0B33,
0x88BD, 0x0B3B,
0x88BF, 0x0B41,
0x88C7, 0x0B41,
0x88CF, 0x0B44,
0x88D6, 0x0B41,
0x88DD, 0x0B3D,
0x88E2, 0x0B39,
0x88DF, 0x0B31,
0x88DD, 0x0B29,
0x88DD, 0x0B21,
0x88D9, 0x0B1A,
0x88D4, 0x0B14,
0x88D3, 0x0B0B,
0x88D2, 0x0B03,
0x88D0, 0x0AFC,
0x88CD, 0x0AFC,
0x88CC, 0x0B05,
0x88C9, 0x0B0D,
0x88C7, 0x0B15,
0x88C3, 0x0B1B,
0x88B3, 0x0B1B,
0x88B4, 0x0B12,
0x88B6, 0x0B0A,
0x88BA, 0x0B03,
0x88BC, 0x0AFB,
0x88BC, 0x0AF2,
0x88BC, 0x0AE9,
0x88BE, 0x0AE1,
0x88C0, 0x0AD9,
0x88C0, 0x0AD1,
0x88BF, 0x0AC8,
0x88BE, 0x0AC0,
0x88C0, 0x0AB8,
0x88C2, 0x0AB0,
0x88C6, 0x0AA9,
0x88C6, 0x0AA0,
0x88C6, 0x0A98,
0x88C6, 0x0A8F,
0x88C6, 0x0A86,
0x88C6, 0x0A7E,
0x88C6, 0x0A75,
0x88C6, 0x0A6C,
0x88C6, 0x0A64,
0x88C6, 0x0A5B,
0x88C6, 0x0A53,
0x88C6, 0x0A4A,
0x88C6, 0x0A41,
0x88C6, 0x0A39,
0x88C6, 0x0A30,
0x88C6, 0x0A27,
0x88C7, 0x0A1F,
0x88CD, 0x0A1A,
0x08CD, 0x0A1A,
0x08C9, 0x0A7A,
0x88C9, 0x0A7A,
0x88CE, 0x0A7E,
0x08C9, 0x0A7A,
0x0946, 0x0ABC,
0x8946, 0x0ABC,
0x894A, 0x0AC0,
0x0946, 0x0ABC,
0x093B, 0x0AC2,
0x893B, 0x0AC2,
0x893F, 0x0AC6,
0x093B, 0x0AC2,
0x094A, 0x0ABE,
0x894A, 0x0ABE,
0x894F, 0x0AC2,
0x094A, 0x0ABE,
0x093F, 0x0ABF,
0x893F, 0x0ABF,
0x8943, 0x0AC3,
0x093F, 0x0ABF,
0x093F, 0x0AC0,
0x893F, 0x0AC0,
0x8943, 0x0AC4,
0x093F, 0x0AC0,
0x0940, 0x0ABB,
0x8940, 0x0ABB,
0x8944, 0x0ABF,
0x0940, 0x0ABB,
0x0944, 0x0ABB,
0x8944, 0x0ABB,
0x8948, 0x0ABF,
0x0944, 0x0ABB,
0x093A, 0x0AB8,
0x893A, 0x0AB8,
0x893E, 0x0ABC,
0x093A, 0x0AB8,
0x0947, 0x0AB8,
0x8947, 0x0AB8,
0x894B, 0x0ABC,
0x0947, 0x0AB8,
0x0941, 0x0AB5,
0x8941, 0x0AB5,
0x8946, 0x0AB9,
0x0941, 0x0AB5,
0x0943, 0x0ABB,
0x8943, 0x0ABB,
0x8947, 0x0ABF,
0x0943, 0x0ABB,
0x093D, 0x0AB6,
0x893D, 0x0AB6,
0x8941, 0x0ABA,
0x093D, 0x0AB6,
0x0939, 0x0AB4,
0x8939, 0x0AB4,
0x893D, 0x0AB8,
0x0939, 0x0AB4,
0x0942, 0x0AB5,
0x8942, 0x0AB5,
0x8946, 0x0AB9,
0x0942, 0x0AB5,
0x093B, 0x0AB4,
0x893B, 0x0AB4,
0x893F, 0x0AB8,
0x093B, 0x0AB4,
0x093C, 0x0AA9,
0x893C, 0x0AA9,
0x8940, 0x0AAD,
0x093C, 0x0AA9,
0x093E, 0x0AA8,
0x893E, 0x0AA8,
0x8942, 0x0AAC,
0x093E, 0x0AA8,
0x0932, 0x0AA0,
0x8932, 0x0AA0,
0x8936, 0x0AA5,
0x0932, 0x0AA0,
0x0938, 0x0A9E,
0x8938, 0x0A9E,
0x893C, 0x0AA2,
0x0938, 0x0A9E,
0x0938, 0x0AA0,
0x8938, 0x0AA0,
0x893C, 0x0AA4,
0x0938, 0x0AA0,
0x0932, 0x0A9C,
0x8932, 0x0A9C,
0x8936, 0x0AA0,
0x0932, 0x0A9C,
0x0935, 0x0A9C,
0x8935, 0x0A9C,
0x8939, 0x0AA0,
0x0935, 0x0A9C,
0x093E, 0x0ACC,
0x893E, 0x0ACC,
0x8942, 0x0AD0,
0x093E, 0x0ACC,
0x0937, 0x0ACC,
0x8937, 0x0ACC,
0x893B, 0x0AD0,
0x0937, 0x0ACC,
0x093B, 0x0AD1,
0x893B, 0x0AD1,
0x893F, 0x0AD5,
0x093B, 0x0AD1,
0x094F, 0x0AC7,
0x894F, 0x0AC7,
0x8953, 0x0ACB,
0x094F, 0x0AC7,
0x093D, 0x0AC6,
0x893D, 0x0AC6,
0x8941, 0x0ACA,
0x093D, 0x0AC6,
0x0948, 0x0AC6,
0x8948, 0x0AC6,
0x894C, 0x0ACA,
0x0948, 0x0AC6,
0x0944, 0x0AC5,
0x8944, 0x0AC5,
0x8948, 0x0AC9,
0x0944, 0x0AC5,
0x0926, 0x0AD0,
0x8926, 0x0AD0,
0x892A, 0x0AD4,
0x0926, 0x0AD0,
0x0925, 0x0ACA,
0x8925, 0x0ACA,
0x892A, 0x0ACF,
0x0925, 0x0ACA,
0x0926, 0x0AD2,
0x8926, 0x0AD2,
0x892A, 0x0AD6,
0x0926, 0x0AD2,
0x0928, 0x0ACA,
0x8928, 0x0ACA,
0x892C, 0x0ACE,
0x0928, 0x0ACA,
0x0927, 0x0ACD,
0x8927, 0x0ACD,
0x892B, 0x0AD1,
0x0927, 0x0ACD,
0x0929, 0x0B0C,
0x8929, 0x0B0C,
0x892D, 0x0B10,
0x0929, 0x0B0C,
0x0929, 0x0AFF,
0x8929, 0x0AFF,
0x892D, 0x0B03,
0x0929, 0x0AFF,
0x092A, 0x0B0E,
0x892A, 0x0B0E,
0x892E, 0x0B12,
0x092A, 0x0B0E,
0x0928, 0x0AD1,
0x8928, 0x0AD1,
0x892C, 0x0AD5,
0x0928, 0x0AD1,
0x092B, 0x0B1C,
0x892B, 0x0B1C,
0x892F, 0x0B20,
0x092B, 0x0B1C,
0x092B, 0x0B1F,
0x892B, 0x0B1F,
0x892F, 0x0B23,
0x092B, 0x0B1F,
0x0932, 0x0B2D,
0x8932, 0x0B2D,
0x8936, 0x0B31,
0x0932, 0x0B2D,
0x0934, 0x0B2D,
0x8934, 0x0B2D,
0x8938, 0x0B31,
0x0934, 0x0B2D,
0x0931, 0x0B32,
0x8931, 0x0B32,
0x8935, 0x0B36,
0x0931, 0x0B32,
0x0932, 0x0B29,
0x8932, 0x0B29,
0x8936, 0x0B2D,
0x0932, 0x0B29,
0x093C, 0x0B32,
0x893C, 0x0B32,
0x8940, 0x0B36,
0x093C, 0x0B32,
0x0933, 0x0B3E,
0x8933, 0x0B3E,
0x8937, 0x0B42,
0x0933, 0x0B3E,
0x093A, 0x0B38,
0x893A, 0x0B38,
0x893E, 0x0B3C,
0x093A, 0x0B38,
0x0933, 0x0B3B,
0x8933, 0x0B3B,
0x8937, 0x0B3F,
0x0933, 0x0B3B,
0x093B, 0x0B37,
0x893B, 0x0B37,
0x8940, 0x0B3B,
0x093B, 0x0B37,
0x093A, 0x0B3F,
0x893A, 0x0B3F,
0x893E, 0x0B44,
0x093A, 0x0B3F,
0x093B, 0x0B44,
0x893B, 0x0B44,
0x893F, 0x0B49,
0x093B, 0x0B44,
0x0939, 0x0B41,
0x8939, 0x0B41,
0x893D, 0x0B45,
0x0939, 0x0B41,
0x0942, 0x0B40,
0x8942, 0x0B40,
0x8946, 0x0B44,
0x0942, 0x0B40,
0x0935, 0x0B40,
0x8935, 0x0B40,
0x893A, 0x0B45,
0x0935, 0x0B40,
0x093B, 0x0B43,
0x893B, 0x0B43,
0x893F, 0x0B47,
0x093B, 0x0B43,
0x0943, 0x0B41,
0x8943, 0x0B41,
0x8947, 0x0B46,
0x0943, 0x0B41,
0x0939, 0x0B42,
0x8939, 0x0B42,
0x893D, 0x0B46,
0x0939, 0x0B42,
0x0940, 0x0B49,
0x8940, 0x0B49,
0x8944, 0x0B4D,
0x0940, 0x0B49,
0x0941, 0x0B42,
0x8941, 0x0B42,
0x8945, 0x0B46,
0x0941, 0x0B42,
0x093F, 0x0B44,
0x893F, 0x0B44,
0x8943, 0x0B48,
0x093F, 0x0B44,
0x0942, 0x0B48,
0x8942, 0x0B48,
0x8946, 0x0B4D,
0x0942, 0x0B48,
0x093D, 0x0B47,
0x893D, 0x0B47,
0x8941, 0x0B4B,
0x093D, 0x0B47,
0x093C, 0x0B44,
0x893C, 0x0B44,
0x8940, 0x0B48,
0x093C, 0x0B44,
0x0946, 0x0B48,
0x8946, 0x0B48,
0x894B, 0x0B4C,
0x0946, 0x0B48,
0x0923, 0x0B41,
0x8923, 0x0B41,
0x8928, 0x0B46,
0x0923, 0x0B41,
0x091C, 0x0B40,
0x891C, 0x0B40,
0x8920, 0x0B44,
0x091C, 0x0B40,
0x0920, 0x0B43,
0x8920, 0x0B43,
0x8924, 0x0B47,
0x0920, 0x0B43,
0x0935, 0x0B4D,
0x8935, 0x0B4D,
0x8939, 0x0B51,
0x0935, 0x0B4D,
0x0924, 0x0B48,
0x8924, 0x0B48,
0x8929, 0x0B4D,
0x0924, 0x0B48,
0x092A, 0x0B49,
0x892A, 0x0B49,
0x892E, 0x0B4D,
0x092A, 0x0B49,
0x0926, 0x0B49,
0x8926, 0x0B49,
0x892A, 0x0B4D,
0x0926, 0x0B49,
0x092B, 0x0B4F,
0x892B, 0x0B4F,
0x892F, 0x0B53,
0x092B, 0x0B4F,
0x0923, 0x0B46,
0x8923, 0x0B46,
0x8927, 0x0B4A,
0x0923, 0x0B46,
0x091D, 0x0B40,
0x891D, 0x0B40,
0x8921, 0x0B44,
0x091D, 0x0B40,
0x092B, 0x0B4F,
0x892B, 0x0B4F,
0x892F, 0x0B53,
0x092B, 0x0B4F,
0x0924, 0x0B47,
0x8924, 0x0B47,
0x8928, 0x0B4C,
0x0924, 0x0B47,
0x0903, 0x0B23,
0x8903, 0x0B23,
0x8907, 0x0B27,
0x0903, 0x0B23,
0x0903, 0x0B22,
0x8903, 0x0B22,
0x8907, 0x0B26,
0x0903, 0x0B22,
0x0903, 0x0B22,
0x8903, 0x0B22,
0x8907, 0x0B26,
0x0903, 0x0B22,
0x090F, 0x0B42,
0x890F, 0x0B42,
0x8913, 0x0B47,
0x090F, 0x0B42,
0x0911, 0x0B47,
0x8911, 0x0B47,
0x8915, 0x0B4B,
0x0911, 0x0B47,
0x0917, 0x0B48,
0x8917, 0x0B48,
0x891C, 0x0B4D,
0x0917, 0x0B48,
0x0905, 0x0B24,
0x8905, 0x0B24,
0x890A, 0x0B28,
0x0905, 0x0B24,
0x0921, 0x0B49,
0x8921, 0x0B49,
0x8926, 0x0B4D,
0x0921, 0x0B49,
0x091B, 0x0B45,
0x891B, 0x0B45,
0x891F, 0x0B49,
0x091B, 0x0B45,
0x090C, 0x0B12,
0x890C, 0x0B12,
0x8910, 0x0B16,
0x090C, 0x0B12,
0x0906, 0x0B4C,
0x8906, 0x0B4C,
0x890A, 0x0B50,
0x0906, 0x0B4C,
0x0900, 0x0B44,
0x8900, 0x0B44,
0x8905, 0x0B48,
0x0900, 0x0B44,
0x08F7, 0x0B32,
0x88F7, 0x0B32,
0x88FB, 0x0B36,
0x08F7, 0x0B32,
0x08F7, 0x0B31,
0x88F7, 0x0B31,
0x88FB, 0x0B35,
0x08F7, 0x0B31,
0x08FF, 0x0B3E,
0x88FF, 0x0B3E,
0x8903, 0x0B43,
0x08FF, 0x0B3E,
0x090B, 0x0B45,
0x890B, 0x0B45,
0x890F, 0x0B49,
0x090B, 0x0B45,
0x090B, 0x0B49,
0x890B, 0x0B49,
0x890F, 0x0B4E,
0x090B, 0x0B49,
0x0903, 0x0B46,
0x8903, 0x0B46,
0x8907, 0x0B4A,
0x0903, 0x0B46,
0x0902, 0x0B44,
0x8902, 0x0B44,
0x8906, 0x0B48,
0x0902, 0x0B44,
0x08FD, 0x0B2D,
0x88FD, 0x0B2D,
0x8901, 0x0B31,
0x08FD, 0x0B2D,
0x0920, 0x0B00,
0x8920, 0x0B00,
0x8924, 0x0B04,
0x0920, 0x0B00,
0x091E, 0x0AF0,
0x891E, 0x0AF0,
0x8923, 0x0AF4,
0x091E, 0x0AF0,
0x091E, 0x0AE1,
0x891E, 0x0AE1,
0x8922, 0x0AE5,
0x091E, 0x0AE1,
0x0926, 0x0B11,
0x8926, 0x0B11,
0x892A, 0x0B15,
0x0926, 0x0B11,
0x091E, 0x0AD0,
0x891E, 0x0AD0,
0x8922, 0x0AD4,
0x091E, 0x0AD0,
0x091E, 0x0ACF,
0x891E, 0x0ACF,
0x8922, 0x0AD3,
0x091E, 0x0ACF,
0x0920, 0x0AED,
0x8920, 0x0AED,
0x8924, 0x0AF1,
0x0920, 0x0AED,
0x0922, 0x0B03,
0x8922, 0x0B03,
0x8926, 0x0B08,
0x0922, 0x0B03,
0x0921, 0x0AFA,
0x8921, 0x0AFA,
0x8925, 0x0AFE,
0x0921, 0x0AFA,
0x0919, 0x0AA1,
0x8919, 0x0AA1,
0x891D, 0x0AA5,
0x0919, 0x0AA1,
0x0916, 0x0A89,
0x8916, 0x0A89,
0x891A, 0x0A8D,
0x0916, 0x0A89,
0x0919, 0x0A9E,
0x8919, 0x0A9E,
0x891D, 0x0AA3,
0x0919, 0x0A9E,
0x0930, 0x0A88,
0x8930, 0x0A88,
0x8934, 0x0A8C,
0x0930, 0x0A88,
0x0930, 0x0A8B,
0x8930, 0x0A8B,
0x8934, 0x0A8F,
0x0930, 0x0A8B,
0x092F, 0x0A89,
0x892F, 0x0A89,
0x8933, 0x0A8D,
0x092F, 0x0A89,
0x092C, 0x0A88,
0x892C, 0x0A88,
0x8930, 0x0A8C,
0x092C, 0x0A88,
0x092C, 0x0A8A,
0x892C, 0x0A8A,
0x8930, 0x0A8E,
0x092C, 0x0A8A,
0x092E, 0x0A84,
0x892E, 0x0A84,
0x8932, 0x0A88,
0x092E, 0x0A84,
0x092D, 0x0A83,
0x892D, 0x0A83,
0x8931, 0x0A87,
0x092D, 0x0A83,
0x092C, 0x0A7B,
0x892C, 0x0A7B,
0x8930, 0x0A7F,
0x092C, 0x0A7B,
0x092C, 0x0A8B,
0x892C, 0x0A8B,
0x8930, 0x0A8F,
0x092C, 0x0A8B,
0x0928, 0x0A7F,
0x8928, 0x0A7F,
0x892C, 0x0A83,
0x0928, 0x0A7F,
0x0927, 0x0A82,
0x8927, 0x0A82,
0x892B, 0x0A86,
0x0927, 0x0A82,
0x0928, 0x0A7D,
0x8928, 0x0A7D,
0x892C, 0x0A81,
0x0928, 0x0A7D,
0x091B, 0x0A95,
0x891B, 0x0A95,
0x891F, 0x0A99,
0x091B, 0x0A95,
0x0917, 0x0A81,
0x8917, 0x0A81,
0x891B, 0x0A85,
0x0917, 0x0A81,
0x0924, 0x0A7C,
0x8924, 0x0A7C,
0x8928, 0x0A80,
0x0924, 0x0A7C,
0x0924, 0x0A80,
0x8924, 0x0A80,
0x8928, 0x0A85,
0x0924, 0x0A80,
0x0925, 0x0A82,
0x8925, 0x0A82,
0x8929, 0x0A86,
0x0925, 0x0A82,
0x0925, 0x0A84,
0x8925, 0x0A84,
0x8929, 0x0A88,
0x0925, 0x0A84,
0x091D, 0x0A65,
0x891D, 0x0A65,
0x8921, 0x0A69,
0x091D, 0x0A65,
0x091C, 0x0A60,
0x891C, 0x0A60,
0x8920, 0x0A65,
0x091C, 0x0A60,
0x091E, 0x0A63,
0x891E, 0x0A63,
0x8922, 0x0A67,
0x091E, 0x0A63,
0x091D, 0x0A63,
0x891D, 0x0A63,
0x8921, 0x0A67,
0x091D, 0x0A63,
0x091B, 0x0A64,
0x891B, 0x0A64,
0x891F, 0x0A68,
0x091B, 0x0A64,
0x0917, 0x0A69,
0x8917, 0x0A69,
0x891B, 0x0A6D,
0x0917, 0x0A69,
0x091D, 0x0A4F,
0x891D, 0x0A4F,
0x8921, 0x0A53,
0x091D, 0x0A4F,
0x0919, 0x0A5C,
0x8919, 0x0A5C,
0x891D, 0x0A60,
0x0919, 0x0A5C,
0x091A, 0x0A4F,
0x891A, 0x0A4F,
0x891E, 0x0A53,
0x091A, 0x0A4F,
0x091C, 0x0A54,
0x891C, 0x0A54,
0x8920, 0x0A58,
0x091C, 0x0A54,
0x0918, 0x0A49,
0x8918, 0x0A49,
0x891C, 0x0A4D,
0x0918, 0x0A49,
0x0917, 0x0A47,
0x8917, 0x0A47,
0x891B, 0x0A4B,
0x0917, 0x0A47,
0x0919, 0x0A46,
0x8919, 0x0A46,
0x891D, 0x0A4A,
0x0919, 0x0A46,
0x0919, 0x0A3E,
0x8919, 0x0A3E,
0x891D, 0x0A42,
0x0919, 0x0A3E,
0x091B, 0x0A3A,
0x891B, 0x0A3A,
0x891F, 0x0A3E,
0x091B, 0x0A3A,
0x091B, 0x0A3A,
0x891B, 0x0A3A,
0x891F, 0x0A3F,
0x091B, 0x0A3A,
0x091E, 0x0A38,
0x891E, 0x0A38,
0x8922, 0x0A3C,
0x091E, 0x0A38,
0x091B, 0x0A32,
0x891B, 0x0A32,
0x891F, 0x0A36,
0x091B, 0x0A32,
0x0918, 0x0A2C,
0x8918, 0x0A2C,
0x891C, 0x0A30,
0x0918, 0x0A2C,
0x0918, 0x0A34,
0x8918, 0x0A34,
0x891C, 0x0A38,
0x0918, 0x0A34,
0x0918, 0x0A2E,
0x8918, 0x0A2E,
0x891C, 0x0A32,
0x0918, 0x0A2E,
0x091A, 0x0A29,
0x891A, 0x0A29,
0x891E, 0x0A2D,
0x091A, 0x0A29,
0x091D, 0x0AE9,
0x891D, 0x0AE9,
0x8921, 0x0AEE,
0x091D, 0x0AE9,
0x091A, 0x0AC8,
0x891A, 0x0AC8,
0x891E, 0x0ACC,
0x091A, 0x0AC8,
0x0917, 0x0AA3,
0x8917, 0x0AA3,
0x891B, 0x0AA7,
0x0917, 0x0AA3,
0x0915, 0x0A97,
0x8915, 0x0A97,
0x8919, 0x0A9B,
0x0915, 0x0A97,
0x0916, 0x0AA3,
0x8916, 0x0AA3,
0x891B, 0x0AA7,
0x0916, 0x0AA3,
0x0915, 0x0A90,
0x8915, 0x0A90,
0x8919, 0x0A94,
0x0915, 0x0A90,
0x0910, 0x0AB1,
0x8910, 0x0AB1,
0x8914, 0x0AB5,
0x0910, 0x0AB1,
0x090F, 0x0AC1,
0x890F, 0x0AC1,
0x8914, 0x0AC5,
0x090F, 0x0AC1,
0x0910, 0x0ABA,
0x8910, 0x0ABA,
0x8914, 0x0ABE,
0x0910, 0x0ABA,
0x0911, 0x0A93,
0x8911, 0x0A93,
0x8916, 0x0A97,
0x0911, 0x0A93,
0x090F, 0x0AC3,
0x890F, 0x0AC3,
0x8913, 0x0AC7,
0x090F, 0x0AC3,
0x0911, 0x0A9A,
0x8911, 0x0A9A,
0x8915, 0x0A9E,
0x0911, 0x0A9A,
0x090F, 0x0AAE,
0x890F, 0x0AAE,
0x8913, 0x0AB2,
0x090F, 0x0AAE,
0x0910, 0x0AB0,
0x8910, 0x0AB0,
0x8914, 0x0AB4,
0x0910, 0x0AB0,
0x0911, 0x0AF8,
0x8911, 0x0AF8,
0x8915, 0x0AFC,
0x0911, 0x0AF8,
0x0912, 0x0AFB,
0x8912, 0x0AFB,
0x8916, 0x0AFF,
0x0912, 0x0AFB,
0x0911, 0x0B04,
0x8911, 0x0B04,
0x8915, 0x0B08,
0x0911, 0x0B04,
0x0913, 0x0B02,
0x8913, 0x0B02,
0x8917, 0x0B06,
0x0913, 0x0B02,
0x090B, 0x0ACC,
0x890B, 0x0ACC,
0x8910, 0x0AD0,
0x090B, 0x0ACC,
0x090C, 0x0AD3,
0x890C, 0x0AD3,
0x8910, 0x0AD8,
0x090C, 0x0AD3,
0x090C, 0x0AD8,
0x890C, 0x0AD8,
0x8910, 0x0ADC,
0x090C, 0x0AD8,
0x090B, 0x0AD0,
0x890B, 0x0AD0,
0x890F, 0x0AD4,
0x090B, 0x0AD0,
0x0902, 0x0ADB,
0x8902, 0x0ADB,
0x8906, 0x0ADF,
0x0902, 0x0ADB,
0x0904, 0x0AD9,
0x8904, 0x0AD9,
0x8908, 0x0ADD,
0x0904, 0x0AD9,
0x0904, 0x0AD7,
0x8904, 0x0AD7,
0x8908, 0x0ADB,
0x0904, 0x0AD7,
0x0909, 0x0AD2,
0x8909, 0x0AD2,
0x890D, 0x0AD6,
0x0909, 0x0AD2,
0x0906, 0x0AD8,
0x8906, 0x0AD8,
0x890A, 0x0ADC,
0x0906, 0x0AD8,
0x08CA, 0x0A47,
0x88CA, 0x0A47,
0x88CE, 0x0A4B,
0x08CA, 0x0A47,
0x08D1, 0x0A3D,
0x88D1, 0x0A3D,
0x88D5, 0x0A41,
0x08D1, 0x0A3D,
0x08CA, 0x0A51,
0x88CA, 0x0A51,
0x88CE, 0x0A55,
0x08CA, 0x0A51,
0x08CF, 0x0A40,
0x88CF, 0x0A40,
0x88D3, 0x0A44,
0x08CF, 0x0A40,
0x08CA, 0x0A49,
0x88CA, 0x0A49,
0x88CE, 0x0A4D,
0x08CA, 0x0A49,
0x08CF, 0x0A4B,
0x88CF, 0x0A4B,
0x88D3, 0x0A4F,
0x08CF, 0x0A4B,
0x08CB, 0x0A4D,
0x88CB, 0x0A4D,
0x88CF, 0x0A51,
0x08CB, 0x0A4D,
0x08CD, 0x0A4C,
0x88CD, 0x0A4C,
0x88D1, 0x0A50,
0x08CD, 0x0A4C,
0x08CC, 0x0A59,
0x88CC, 0x0A59,
0x88D0, 0x0A5E,
0x08CC, 0x0A59,
0x08CA, 0x0A63,
0x88CA, 0x0A63,
0x88CE, 0x0A67,
0x08CA, 0x0A63,
0x08CB, 0x0A25,
0x88CB, 0x0A25,
0x88CF, 0x0A29,
0x08CB, 0x0A25,
0x08CD, 0x0A21,
0x88CD, 0x0A21,
0x88D2, 0x0A25,
0x08CD, 0x0A21,
0x08CD, 0x0A20,
0x88CD, 0x0A20,
0x88D1, 0x0A25,
0x08CD, 0x0A20,
0x08D0, 0x0A21,
0x88D0, 0x0A21,
0x88D4, 0x0A25,
0x08D0, 0x0A21,
0x08CD, 0x0A27,
0x88CD, 0x0A27,
0x88D1, 0x0A2C,
0x08CD, 0x0A27,
0x08CF, 0x0A27,
0x88CF, 0x0A27,
0x88D3, 0x0A2B,
0x08CF, 0x0A27,
0x08CD, 0x0A20,
0x88CD, 0x0A20,
0x88D1, 0x0A25,
0x08CD, 0x0A20,
0x08CD, 0x0A2E,
0x88CD, 0x0A2E,
0x88D1, 0x0A32,
0x08CD, 0x0A2E,
0x08CB, 0x0A34,
0x88CB, 0x0A34,
0x88CF, 0x0A38,
0x08CB, 0x0A34,
0x08CD, 0x0A39,
0x88CD, 0x0A39,
0x88D1, 0x0A3D,
0x08CD, 0x0A39,
0x08CA, 0x0A3C,
0x88CA, 0x0A3C,
0x88CE, 0x0A41,
0x08CA, 0x0A3C,
0x08CA, 0x0A3A,
0x88CA, 0x0A3A,
0x88CE, 0x0A3E,
0x08CA, 0x0A3A,
0x08CD, 0x0AD7,
0x88CD, 0x0AD7,
0x88D1, 0x0ADB,
0x08CD, 0x0AD7,
0x08C8, 0x0AB5,
0x88C8, 0x0AB5,
0x88CD, 0x0AB9,
0x08C8, 0x0AB5,
0x08CC, 0x0ACF,
0x88CC, 0x0ACF,
0x88D0, 0x0AD3,
0x08CC, 0x0ACF,
0x08CF, 0x0AEB,
0x88CF, 0x0AEB,
0x88D3, 0x0AEF,
0x08CF, 0x0AEB,
0x08CD, 0x0AD5,
0x88CD, 0x0AD5,
0x88D1, 0x0AD9,
0x08CD, 0x0AD5,
0x08D0, 0x0AE4,
0x88D0, 0x0AE4,
0x88D4, 0x0AE8,
0x08D0, 0x0AE4,
0x08CE, 0x0AD9,
0x88CE, 0x0AD9,
0x88D2, 0x0ADD,
0x08CE, 0x0AD9,
0x08D4, 0x0AFF,
0x88D4, 0x0AFF,
0x88D8, 0x0B03,
0x08D4, 0x0AFF,
0x08CF, 0x0AE4,
0x88CF, 0x0AE4,
0x88D3, 0x0AE8,
0x08CF, 0x0AE4,
0x08CE, 0x0ADD,
0x88CE, 0x0ADD,
0x88D2, 0x0AE1,
0x08CE, 0x0ADD,
0x08CF, 0x0ADF,
0x88CF, 0x0ADF,
0x88D3, 0x0AE3,
0x08CF, 0x0ADF,
0x08CA, 0x0AB2,
0x88CA, 0x0AB2,
0x88CE, 0x0AB6,
0x08CA, 0x0AB2,
0x08D5, 0x0AF8,
0x88D5, 0x0AF8,
0x88D9, 0x0AFC,
0x08D5, 0x0AF8,
0x08D5, 0x0AEB,
0x88D5, 0x0AEB,
0x88D9, 0x0AEF,
0x08D5, 0x0AEB,
0x08DA, 0x0B06,
0x88DA, 0x0B06,
0x88DE, 0x0B0A,
0x08DA, 0x0B06,
0x08CB, 0x0A9A,
0x88CB, 0x0A9A,
0x88CF, 0x0A9E,
0x08CB, 0x0A9A,
0x08CD, 0x0AA4,
0x88CD, 0x0AA4,
0x88D1, 0x0AA8,
0x08CD, 0x0AA4,
0x08D4, 0x0ACD,
0x88D4, 0x0ACD,
0x88D8, 0x0AD1,
0x08D4, 0x0ACD,
0x08DE, 0x0B0D,
0x88DE, 0x0B0D,
0x88E2, 0x0B11,
0x08DE, 0x0B0D,
0x08DE, 0x0B14,
0x88DE, 0x0B14,
0x88E2, 0x0B18,
0x08DE, 0x0B14,
0x08DE, 0x0B0B,
0x88DE, 0x0B0B,
0x88E2, 0x0B0F,
0x08DE, 0x0B0B,
0x08DF, 0x0B11,
0x88DF, 0x0B11,
0x88E3, 0x0B15,
0x08DF, 0x0B11,
0x08DE, 0x0B02,
0x88DE, 0x0B02,
0x88E2, 0x0B06,
0x08DE, 0x0B02,
0x08DF, 0x0B0E,
0x88DF, 0x0B0E,
0x88E3, 0x0B12,
0x08DF, 0x0B0E,
0x08DF, 0x0B16,
0x88DF, 0x0B16,
0x88E3, 0x0B1A,
0x08DF, 0x0B16,
0x08E3, 0x0B25,
0x88E3, 0x0B25,
0x88E7, 0x0B29,
0x08E3, 0x0B25,
0x08E5, 0x0B22,
0x88E5, 0x0B22,
0x88E9, 0x0B26,
0x08E5, 0x0B22,
0x08E9, 0x0B2B,
0x88E9, 0x0B2B,
0x88ED, 0x0B2F,
0x08E9, 0x0B2B,
0x08EB, 0x0B21,
0x88EB, 0x0B21,
0x88EF, 0x0B25,
0x08EB, 0x0B21,
0x08EC, 0x0B2E,
0x88EC, 0x0B2E,
0x88F0, 0x0B32,
0x08EC, 0x0B2E,
0x08E7, 0x0B2F,
0x88E7, 0x0B2F,
0x88EB, 0x0B33,
0x08E7, 0x0B2F,
0x08EF, 0x0B33,
0x88EF, 0x0B33,
0x88F3, 0x0B37,
0x08EF, 0x0B33,
0x08EE, 0x0B37,
0x88EE, 0x0B37,
0x88F2, 0x0B3B,
0x08EE, 0x0B37,
0x08EB, 0x0B33,
0x88EB, 0x0B33,
0x88EF, 0x0B37,
0x08EB, 0x0B33,
0x08EE, 0x0B40,
0x88EE, 0x0B40,
0x88F2, 0x0B44,
0x08EE, 0x0B40,
0x08E9, 0x0B2C,
0x88E9, 0x0B2C,
0x88ED, 0x0B30,
0x08E9, 0x0B2C,
0x08F1, 0x0B35,
0x88F1, 0x0B35,
0x88F5, 0x0B39,
0x08F1, 0x0B35,
0x08EA, 0x0B3C,
0x88EA, 0x0B3C,
0x88EE, 0x0B40,
0x08EA, 0x0B3C,
0x08EC, 0x0B3D,
0x88EC, 0x0B3D,
0x88F0, 0x0B41,
0x08EC, 0x0B3D,
0x08DF, 0x0B44,
0x88DF, 0x0B44,
0x88E3, 0x0B49,
0x08DF, 0x0B44,
0x08E5, 0x0B3D,
0x88E5, 0x0B3D,
0x88E9, 0x0B41,
0x08E5, 0x0B3D,
0x08EB, 0x0B26,
0x88EB, 0x0B26,
0x88EF, 0x0B2A,
0x08EB, 0x0B26,
0x08E4, 0x0B47,
0x88E4, 0x0B47,
0x88E8, 0x0B4B,
0x08E4, 0x0B47,
0x08EC, 0x0B48,
0x88EC, 0x0B48,
0x88F0, 0x0B4C,
0x08EC, 0x0B48,
0x08D7, 0x0B46,
0x88D7, 0x0B46,
0x88DC, 0x0B4A,
0x08D7, 0x0B46,
0x08DB, 0x0B48,
0x88DB, 0x0B48,
0x88DF, 0x0B4D,
0x08DB, 0x0B48,
0x08D9, 0x0B49,
0x88D9, 0x0B49,
0x88DD, 0x0B4D,
0x08D9, 0x0B49,
0x08D7, 0x0B48,
0x88D7, 0x0B48,
0x88DB, 0x0B4C,
0x08D7, 0x0B48,
0x08DA, 0x0B48,
0x88DA, 0x0B48,
0x88DE, 0x0B4C,
0x08DA, 0x0B48,
0x08DB, 0x0B4C,
0x88DB, 0x0B4C,
0x88DF, 0x0B50,
0x08DB, 0x0B4C,
0x08DD, 0x0B4C,
0x88DD, 0x0B4C,
0x88E2, 0x0B50,
0x08DD, 0x0B4C,
0x08D9, 0x0B4B,
0x88D9, 0x0B4B,
0x88DD, 0x0B4F,
0x08D9, 0x0B4B,
0x08D7, 0x0B4B,
0x88D7, 0x0B4B,
0x88DC, 0x0B4F,
0x08D7, 0x0B4B,
0x08D0, 0x0B49,
0x88D0, 0x0B49,
0x88D4, 0x0B4D,
0x08D0, 0x0B49,
0x08CE, 0x0B4A,
0x88CE, 0x0B4A,
0x88D2, 0x0B4E,
0x08CE, 0x0B4A,
0x08CF, 0x0B4F,
0x88CF, 0x0B4F,
0x88D4, 0x0B53,
0x08CF, 0x0B4F,
0x08CD, 0x0B49,
0x88CD, 0x0B49,
0x88D2, 0x0B4D,
0x08CD, 0x0B49,
0x08C9, 0x0B3B,
0x88C9, 0x0B3B,
0x88CD, 0x0B40,
0x08C9, 0x0B3B,
0x08C8, 0x0B48,
0x88C8, 0x0B48,
0x88CC, 0x0B4C,
0x08C8, 0x0B48,
0x08CE, 0x0B4A,
0x88CE, 0x0B4A,
0x88D2, 0x0B4E,
0x08CE, 0x0B4A,
0x08CC, 0x0B4D,
0x88CC, 0x0B4D,
0x88D0, 0x0B51,
0x08CC, 0x0B4D,
0x08D3, 0x0B46,
0x88D3, 0x0B46,
0x88D7, 0x0B4A,
0x08D3, 0x0B46,
0x08C2, 0x0B4B,
0x88C2, 0x0B4B,
0x88C6, 0x0B4F,
0x08C2, 0x0B4B,
0x08B7, 0x0B3D,
0x88B7, 0x0B3D,
0x88BB, 0x0B41,
0x08B7, 0x0B3D,
0x08AC, 0x0B50,
0x88AC, 0x0B50,
0x88B0, 0x0B54,
0x08AC, 0x0B50,
0x08AA, 0x0B48,
0x88AA, 0x0B48,
0x88AE, 0x0B4C,
0x08AA, 0x0B48,
0x08A9, 0x0B4B,
0x88A9, 0x0B4B,
0x88AD, 0x0B4F,
0x08A9, 0x0B4B,
0x08AB, 0x0B4A,
0x88AB, 0x0B4A,
0x88AF, 0x0B4E,
0x08AB, 0x0B4A,
0x08B1, 0x0B4B,
0x88B1, 0x0B4B,
0x88B5, 0x0B50,
0x08B1, 0x0B4B,
0x08B7, 0x0B4D,
0x88B7, 0x0B4D,
0x88BB, 0x0B51,
0x08B7, 0x0B4D,
0x08AC, 0x0B51,
0x88AC, 0x0B51,
0x88B0, 0x0B55,
0x08AC, 0x0B51,
0x08B4, 0x0B49,
0x88B4, 0x0B49,
0x88B8, 0x0B4D,
0x08B4, 0x0B49,
0x08C9, 0x0AEC,
0x88C9, 0x0AEC,
0x88CD, 0x0AF0,
0x08C9, 0x0AEC,
0x08CA, 0x0AED,
0x88CA, 0x0AED,
0x88CE, 0x0AF2,
0x08CA, 0x0AED,
0x08CA, 0x0AEC,
0x88CA, 0x0AEC,
0x88CE, 0x0AF0,
0x08CA, 0x0AEC,
0x08C8, 0x0AC3,
0x88C8, 0x0AC3,
0x88CC, 0x0AC7,
0x08C8, 0x0AC3,
0x08C7, 0x0AD5,
0x88C7, 0x0AD5,
0x88CB, 0x0ADA,
0x08C7, 0x0AD5,
0x08C5, 0x0ACD,
0x88C5, 0x0ACD,
0x88C9, 0x0AD1,
0x08C5, 0x0ACD,
0x08C3, 0x0ACA,
0x88C3, 0x0ACA,
0x88C7, 0x0ACE,
0x08C3, 0x0ACA,
0x08C5, 0x0AC5,
0x88C5, 0x0AC5,
0x88C9, 0x0AC9,
0x08C5, 0x0AC5,
0x08CC, 0x0AE2,
0x88CC, 0x0AE2,
0x88D0, 0x0AE6,
0x08CC, 0x0AE2,
0x08C6, 0x0AC5,
0x88C6, 0x0AC5,
0x88CA, 0x0AC9,
0x08C6, 0x0AC5,
0x08C7, 0x0AD5,
0x88C7, 0x0AD5,
0x88CB, 0x0AD9,
0x08C7, 0x0AD5,
0x08C8, 0x0AD8,
0x88C8, 0x0AD8,
0x88CC, 0x0ADC,
0x08C8, 0x0AD8,
0x08C7, 0x0AF1,
0x88C7, 0x0AF1,
0x88CB, 0x0AF5,
0x08C7, 0x0AF1,
0x08C2, 0x0AF7,
0x88C2, 0x0AF7,
0x88C6, 0x0AFC,
0x08C2, 0x0AF7,
0x08C2, 0x0AFA,
0x88C2, 0x0AFA,
0x88C6, 0x0AFE,
0x08C2, 0x0AFA,
0x08BF, 0x0AF6,
0x88BF, 0x0AF6,
0x88C3, 0x0AFA,
0x08BF, 0x0AF6,
0x08C4, 0x0AFA,
0x88C4, 0x0AFA,
0x88C8, 0x0AFE,
0x08C4, 0x0AFA,
0x08C3, 0x0AFB,
0x88C3, 0x0AFB,
0x88C7, 0x0AFF,
0x08C3, 0x0AFB,
0x08BE, 0x0B00,
0x88BE, 0x0B00,
0x88C2, 0x0B04,
0x08BE, 0x0B00,
0x08BC, 0x0B0A,
0x88BC, 0x0B0A,
0x88C0, 0x0B0E,
0x08BC, 0x0B0A,
0x08BE, 0x0B0C,
0x88BE, 0x0B0C,
0x88C2, 0x0B10,
0x08BE, 0x0B0C,
0x08B6, 0x0B27,
0x88B6, 0x0B27,
0x88BA, 0x0B2B,
0x08B6, 0x0B27,
0x08B5, 0x0B2B,
0x88B5, 0x0B2B,
0x88B9, 0x0B2F,
0x08B5, 0x0B2B,
0x08B2, 0x0B2F,
0x88B2, 0x0B2F,
0x88B6, 0x0B33,
0x08B2, 0x0B2F
};

const unsigned short draw_17[] PROGMEM = {
0x028B, 0x0A1D,
0x828B, 0x0A1D,
0x8293, 0x0A1F,
0x829A, 0x0A24,
0x829F, 0x0A2A,
0x82A5, 0x0A30,
0x82AB, 0x0A36,
0x82B1, 0x0A3C,
0x82B7, 0x0A41,
0x82BF, 0x0A45,
0x82C5, 0x0A4A,
0x82CD, 0x0A4E,
0x82D4, 0x0A50,
0x82DA, 0x0A55,
0x82E0, 0x0A5B,
0x82E7, 0x0A5E,
0x82EF, 0x0A61,
0x82F6, 0x0A5D,
0x82FE, 0x0A5B,
0x8306, 0x0A5C,
0x830F, 0x0A5C,
0x8316, 0x0A58,
0x8319, 0x0A51,
0x8318, 0x0A49,
0x831A, 0x0A41,
0x831F, 0x0A3B,
0x8327, 0x0A3A,
0x832D, 0x0A3F,
0x8332, 0x0A45,
0x8337, 0x0A4C,
0x833C, 0x0A52,
0x8342, 0x0A58,
0x8346, 0x0A5F,
0x833C, 0x0A6B,
0x8336, 0x0A66,
0x8334, 0x0A66,
0x832E, 0x0A6B,
0x832A, 0x0A73,
0x832B, 0x0A7A,
0x832B, 0x0A82,
0x832B, 0x0A8A,
0x832B, 0x0A91,
0x8330, 0x0A95,
0x8337, 0x0A92,
0x833E, 0x0A90,
0x8344, 0x0A8C,
0x834B, 0x0A87,
0x8352, 0x0A85,
0x8353, 0x0A7E,
0x834C, 0x0A7B,
0x8347, 0x0A75,
0x8341, 0x0A70,
0x833C, 0x0A6B,
0x8346, 0x0A5F,
0x834D, 0x0A63,
0x8354, 0x0A66,
0x835A, 0x0A6C,
0x8361, 0x0A6E,
0x8369, 0x0A72,
0x8371, 0x0A74,
0x8377, 0x0A78,
0x837F, 0x0A7C,
0x8387, 0x0A7B,
0x838F, 0x0A7B,
0x8397, 0x0A7B,
0x839E, 0x0A7E,
0x83A6, 0x0A7F,
0x83AE, 0x0A7D,
0x83B6, 0x0A7B,
0x83BE, 0x0A7A,
0x83C6, 0x0A7C,
0x83CD, 0x0A80,
0x83D2, 0x0A86,
0x83D1, 0x0A8E,
0x83CB, 0x0A93,
0x83C2, 0x0A93,
0x83BA, 0x0A93,
0x83B2, 0x0A93,
0x83AA, 0x0A94,
0x83A2, 0x0A96,
0x839B, 0x0A94,
0x8393, 0x0A93,
0x838A, 0x0A93,
0x8382, 0x0A93,
0x837A, 0x0A93,
0x8371, 0x0A93,
0x8369, 0x0A93,
0x8362, 0x0A94,
0x8359, 0x0A96,
0x8354, 0x0A9C,
0x834D, 0x0AA1,
0x8346, 0x0AA2,
0x833F, 0x0AA7,
0x8339, 0x0AAD,
0x833A, 0x0AB5,
0x8340, 0x0ABB,
0x8344, 0x0AC2,
0x8349, 0x0AC8,
0x8350, 0x0ACB,
0x8357, 0x0AD0,
0x835E, 0x0AD5,
0x8363, 0x0ADB,
0x836B, 0x0ADE,
0x8373, 0x0AE0,
0x8379, 0x0AE3,
0x8382, 0x0AE4,
0x8389, 0x0ADF,
0x8391, 0x0ADF,
0x8399, 0x0ADF,
0x83A2, 0x0ADF,
0x83AA, 0x0ADF,
0x83B2, 0x0ADF,
0x83BA, 0x0AE1,
0x83C0, 0x0AE6,
0x83C6, 0x0AEC,
0x83C5, 0x0AF4,
0x83BF, 0x0AF9,
0x83B7, 0x0AF9,
0x83AF, 0x0AF8,
0x83A7, 0x0AF8,
0x83A0, 0x0AF5,
0x8398, 0x0AF3,
0x8391, 0x0AF6,
0x8389, 0x0AF8,
0x8380, 0x0AF8,
0x8378, 0x0AF9,
0x8370, 0x0AFA,
0x8369, 0x0AFE,
0x8361, 0x0AFF,
0x8359, 0x0AFF,
0x8351, 0x0B00,
0x834A, 0x0B04,
0x8342, 0x0B06,
0x8335, 0x0AFA,
0x833C, 0x0AF5,
0x8343, 0x0AF1,
0x8349, 0x0AED,
0x8351, 0x0AEB,
0x8351, 0x0AE4,
0x834A, 0x0AE0,
0x8344, 0x0ADB,
0x833F, 0x0AD6,
0x8339, 0x0AD0,
0x8333, 0x0ACB,
0x832D, 0x0ACA,
0x8329, 0x0AD1,
0x8327, 0x0AD9,
0x8327, 0x0AE1,
0x8327, 0x0AE9,
0x8327, 0x0AF0,
0x8318, 0x0AED,
0x8318, 0x0AE5,
0x8318, 0x0ADD,
0x8318, 0x0AD5,
0x8318, 0x0ACD,
0x8318, 0x0AC5,
0x8318, 0x0ABD,
0x8314, 0x0AB7,
0x830C, 0x0AB6,
0x8304, 0x0AB6,
0x82FD, 0x0AB4,
0x82F5, 0x0AB2,
0x82F3, 0x0AB2,
0x82EC, 0x0AB7,
0x82E4, 0x0AB8,
0x82DE, 0x0ABC,
0x82D6, 0x0ABE,
0x82CF, 0x0AC1,
0x82C7, 0x0AC3,
0x82C1, 0x0AC7,
0x82BA, 0x0ACA,
0x82B3, 0x0ACF,
0x82AE, 0x0AD5,
0x82A8, 0x0ADB,
0x82A5, 0x0AE2,
0x82AB, 0x0AE8,
0x82B0, 0x0AED,
0x82B8, 0x0AF1,
0x82BF, 0x0AF3,
0x82C6, 0x0AF7,
0x82CB, 0x0AFC,
0x82D1, 0x0B01,
0x82DA, 0x0B02,
0x82E2, 0x0B02,
0x82E9, 0x0B04,
0x82F1, 0x0B02,
0x82F9, 0x0B02,
0x8301, 0x0B02,
0x8309, 0x0B02,
0x8310, 0x0B03,
0x8313, 0x0AFB,
0x8317, 0x0AF5,
0x8318, 0x0AED,
0x8327, 0x0AF0,
0x8327, 0x0AF8,
0x8328, 0x0AFF,
0x832F, 0x0AFE,
0x8335, 0x0AFA,
0x8342, 0x0B06,
0x833E, 0x0B0E,
0x8339, 0x0B13,
0x8333, 0x0B1A,
0x8331, 0x0B22,
0x832C, 0x0B27,
0x8325, 0x0B2C,
0x831E, 0x0B2E,
0x8318, 0x0B29,
0x8314, 0x0B22,
0x830F, 0x0B1C,
0x8307, 0x0B1B,
0x82FE, 0x0B1B,
0x82F8, 0x0B17,
0x82EF, 0x0B18,
0x82E7, 0x0B1A,
0x82DF, 0x0B1A,
0x82D7, 0x0B1B,
0x82CF, 0x0B1B,
0x82C7, 0x0B1B,
0x82BF, 0x0B1D,
0x82B8, 0x0B20,
0x82B2, 0x0B26,
0x82AD, 0x0B2D,
0x82A7, 0x0B31,
0x82A1, 0x0B37,
0x829E, 0x0B3F,
0x829A, 0x0B46,
0x8293, 0x0B49,
0x828B, 0x0B4A,
0x8286, 0x0B45,
0x8286, 0x0B3D,
0x8288, 0x0B35,
0x8288, 0x0B2D,
0x8288, 0x0B25,
0x8288, 0x0B1C,
0x8288, 0x0B14,
0x8288, 0x0B0C,
0x8288, 0x0B03,
0x829A, 0x0B01,
0x829A, 0x0B09,
0x829A, 0x0B11,
0x829A, 0x0B19,
0x829F, 0x0B1C,
0x82A4, 0x0B17,
0x82AA, 0x0B11,
0x82B1, 0x0B0E,
0x82B7, 0x0B0A,
0x82B4, 0x0B04,
0x82AD, 0x0B01,
0x82A5, 0x0AFF,
0x829F, 0x0AFA,
0x829D, 0x0AFA,
0x829A, 0x0B01,
0x8288, 0x0B03,
0x8288, 0x0AFB,
0x8287, 0x0AF4,
0x8283, 0x0AED,
0x8283, 0x0AE4,
0x8283, 0x0ADC,
0x8283, 0x0AD4,
0x8283, 0x0ACB,
0x8283, 0x0AC3,
0x8285, 0x0ABB,
0x8288, 0x0AB4,
0x8298, 0x0AB0,
0x829A, 0x0AB7,
0x8298, 0x0ABE,
0x829A, 0x0AC5,
0x82A0, 0x0AC5,
0x82A6, 0x0AC0,
0x82AB, 0x0ABB,
0x82B1, 0x0AB5,
0x82B7, 0x0AB2,
0x82B4, 0x0AAC,
0x82AE, 0x0AA7,
0x82B3, 0x0A97,
0x82BB, 0x0A9A,
0x82C2, 0x0A9D,
0x82C9, 0x0AA2,
0x82D0, 0x0AA4,
0x82D8, 0x0AA2,
0x82E0, 0x0AA2,
0x82E9, 0x0AA2,
0x82F0, 0x0AA0,
0x82F8, 0x0A9D,
0x8300, 0x0A9D,
0x8307, 0x0AA0,
0x830F, 0x0AA2,
0x8314, 0x0A9C,
0x8318, 0x0A95,
0x8318, 0x0A8C,
0x8318, 0x0A84,
0x8318, 0x0A7B,
0x8316, 0x0A74,
0x830F, 0x0A70,
0x8306, 0x0A70,
0x8305, 0x0A70,
0x82FC, 0x0A74,
0x82F4, 0x0A74,
0x82EC, 0x0A74,
0x82E3, 0x0A74,
0x82DB, 0x0A74,
0x82D3, 0x0A74,
0x82CB, 0x0A76,
0x82C2, 0x0A76,
0x82BB, 0x0A78,
0x82B3, 0x0A7C,
0x82AC, 0x0A7F,
0x82A5, 0x0A85,
0x82A6, 0x0A8C,
0x82AD, 0x0A91,
0x82B3, 0x0A97,
0x82AE, 0x0AA7,
0x82A6, 0x0AA6,
0x82A0, 0x0AA2,
0x829F, 0x0AA2,
0x8299, 0x0AA8,
0x8298, 0x0AB0,
0x8288, 0x0AB4,
0x8286, 0x0AAC,
0x8283, 0x0AA5,
0x8284, 0x0A9D,
0x8288, 0x0A96,
0x8287, 0x0A8F,
0x8283, 0x0A87,
0x8283, 0x0A7F,
0x8283, 0x0A77,
0x8286, 0x0A6F,
0x828A, 0x0A68,
0x828A, 0x0A60,
0x828A, 0x0A57,
0x829A, 0x0A56,
0x829C, 0x0A5C,
0x829E, 0x0A64,
0x82A0, 0x0A6C,
0x82A7, 0x0A6A,
0x82AD, 0x0A66,
0x82B4, 0x0A63,
0x82BC, 0x0A64,
0x82BF, 0x0A5E,
0x82BA, 0x0A59,
0x82B4, 0x0A54,
0x82AD, 0x0A50,
0x82A7, 0x0A4C,
0x82A1, 0x0A48,
0x829A, 0x0A45,
0x829A, 0x0A45,
0x829A, 0x0A4E,
0x829A, 0x0A56,
0x828A, 0x0A57,
0x8289, 0x0A4F,
0x8288, 0x0A47,
0x8288, 0x0A3F,
0x8285, 0x0A38,
0x8283, 0x0A30,
0x8284, 0x0A28,
0x8289, 0x0A21,
0x828B, 0x0A1D,
0x028B, 0x0A1D,
0x03C0, 0x0A81,
0x83C0, 0x0A81,
0x83C5, 0x0A85,
0x03C0, 0x0A81,
0x03C5, 0x0A81,
0x83C5, 0x0A81,
0x83C9, 0x0A85,
0x03C5, 0x0A81,
0x03BD, 0x0A86,
0x83BD, 0x0A86,
0x83C1, 0x0A8A,
0x03BD, 0x0A86,
0x03C9, 0x0A81,
0x83C9, 0x0A81,
0x83CD, 0x0A85,
0x03C9, 0x0A81,
0x03BC, 0x0A86,
0x83BC, 0x0A86,
0x83C0, 0x0A8A,
0x03BC, 0x0A86,
0x03C0, 0x0A7F,
0x83C0, 0x0A7F,
0x83C4, 0x0A83,
0x03C0, 0x0A7F,
0x03C2, 0x0A7F,
0x83C2, 0x0A7F,
0x83C6, 0x0A83,
0x03C2, 0x0A7F,
0x032A, 0x0A9B,
0x832A, 0x0A9B,
0x832E, 0x0A9F,
0x032A, 0x0A9B,
0x0329, 0x0AC1,
0x8329, 0x0AC1,
0x832D, 0x0AC5,
0x0329, 0x0AC1,
0x032A, 0x0AA6,
0x832A, 0x0AA6,
0x832E, 0x0AAA,
0x032A, 0x0AA6,
0x032A, 0x0A9A,
0x832A, 0x0A9A,
0x832E, 0x0A9E,
0x032A, 0x0A9A,
0x0320, 0x0A60,
0x8320, 0x0A60,
0x8324, 0x0A64,
0x0320, 0x0A60,
0x0321, 0x0A64,
0x8321, 0x0A64,
0x8325, 0x0A68,
0x0321, 0x0A64,
0x0322, 0x0A68,
0x8322, 0x0A68,
0x8326, 0x0A6C,
0x0322, 0x0A68,
0x0334, 0x0A59,
0x8334, 0x0A59,
0x8338, 0x0A5D,
0x0334, 0x0A59,
0x0334, 0x0A59,
0x8334, 0x0A59,
0x8338, 0x0A5D,
0x0334, 0x0A59,
0x0335, 0x0A5A,
0x8335, 0x0A5A,
0x8339, 0x0A5E,
0x0335, 0x0A5A,
0x0331, 0x0A6F,
0x8331, 0x0A6F,
0x8335, 0x0A73,
0x0331, 0x0A6F,
0x033A, 0x0A58,
0x833A, 0x0A58,
0x833F, 0x0A5C,
0x033A, 0x0A58,
0x0339, 0x0A5C,
0x8339, 0x0A5C,
0x833D, 0x0A60,
0x0339, 0x0A5C,
0x034A, 0x0A67,
0x834A, 0x0A67,
0x834E, 0x0A6B,
0x034A, 0x0A67,
0x0346, 0x0A6C,
0x8346, 0x0A6C,
0x834A, 0x0A70,
0x0346, 0x0A6C,
0x0351, 0x0A6D,
0x8351, 0x0A6D,
0x8355, 0x0A71,
0x0351, 0x0A6D,
0x0355, 0x0A6F,
0x8355, 0x0A6F,
0x8359, 0x0A74,
0x0355, 0x0A6F,
0x0355, 0x0A6F,
0x8355, 0x0A6F,
0x8359, 0x0A73,
0x0355, 0x0A6F,
0x0350, 0x0A73,
0x8350, 0x0A73,
0x8354, 0x0A77,
0x0350, 0x0A73,
0x0354, 0x0A70,
0x8354, 0x0A70,
0x8359, 0x0A74,
0x0354, 0x0A70,
0x0357, 0x0A76,
0x8357, 0x0A76,
0x835B, 0x0A7A,
0x0357, 0x0A76,
0x0358, 0x0A76,
0x8358, 0x0A76,
0x835C, 0x0A7A,
0x0358, 0x0A76,
0x0361, 0x0A78,
0x8361, 0x0A78,
0x8365, 0x0A7D,
0x0361, 0x0A78,
0x0364, 0x0A73,
0x8364, 0x0A73,
0x8369, 0x0A78,
0x0364, 0x0A73,
0x035D, 0x0A8A,
0x835D, 0x0A8A,
0x8361, 0x0A8E,
0x035D, 0x0A8A,
0x035B, 0x0A8B,
0x835B, 0x0A8B,
0x835F, 0x0A8F,
0x035B, 0x0A8B,
0x0356, 0x0A81,
0x8356, 0x0A81,
0x835A, 0x0A85,
0x0356, 0x0A81,
0x035B, 0x0A76,
0x835B, 0x0A76,
0x835F, 0x0A7A,
0x035B, 0x0A76,
0x0363, 0x0A8A,
0x8363, 0x0A8A,
0x8367, 0x0A8E,
0x0363, 0x0A8A,
0x0363, 0x0A89,
0x8363, 0x0A89,
0x8367, 0x0A8D,
0x0363, 0x0A89,
0x036E, 0x0A81,
0x836E, 0x0A81,
0x8372, 0x0A85,
0x036E, 0x0A81,
0x036B, 0x0A85,
0x836B, 0x0A85,
0x836F, 0x0A89,
0x036B, 0x0A85,
0x0378, 0x0A85,
0x8378, 0x0A85,
0x837D, 0x0A89,
0x0378, 0x0A85,
0x037C, 0x0A84,
0x837C, 0x0A84,
0x8380, 0x0A88,
0x037C, 0x0A84,
0x0377, 0x0A87,
0x8377, 0x0A87,
0x837B, 0x0A8B,
0x0377, 0x0A87,
0x0382, 0x0A82,
0x8382, 0x0A82,
0x8386, 0x0A86,
0x0382, 0x0A82,
0x0375, 0x0A88,
0x8375, 0x0A88,
0x837A, 0x0A8C,
0x0375, 0x0A88,
0x0386, 0x0A89,
0x8386, 0x0A89,
0x838A, 0x0A8D,
0x0386, 0x0A89,
0x0383, 0x0A8A,
0x8383, 0x0A8A,
0x8388, 0x0A8E,
0x0383, 0x0A8A,
0x0391, 0x0A80,
0x8391, 0x0A80,
0x8395, 0x0A84,
0x0391, 0x0A80,
0x0395, 0x0A7F,
0x8395, 0x0A7F,
0x8399, 0x0A83,
0x0395, 0x0A7F,
0x0393, 0x0A8A,
0x8393, 0x0A8A,
0x8397, 0x0A8E,
0x0393, 0x0A8A,
0x0393, 0x0A8B,
0x8393, 0x0A8B,
0x8397, 0x0A90,
0x0393, 0x0A8B,
0x03A0, 0x0A89,
0x83A0, 0x0A89,
0x83A4, 0x0A8D,
0x03A0, 0x0A89,
0x03A0, 0x0A8D,
0x83A0, 0x0A8D,
0x83A4, 0x0A91,
0x03A0, 0x0A8D,
0x0332, 0x0A4D,
0x8332, 0x0A4D,
0x8336, 0x0A51,
0x0332, 0x0A4D,
0x032B, 0x0A49,
0x832B, 0x0A49,
0x832F, 0x0A4D,
0x032B, 0x0A49,
0x032D, 0x0A4A,
0x832D, 0x0A4A,
0x8332, 0x0A4E,
0x032D, 0x0A4A,
0x0325, 0x0A47,
0x8325, 0x0A47,
0x832A, 0x0A4B,
0x0325, 0x0A47,
0x0328, 0x0A45,
0x8328, 0x0A45,
0x832C, 0x0A49,
0x0328, 0x0A45,
0x0327, 0x0A45,
0x8327, 0x0A45,
0x832B, 0x0A49,
0x0327, 0x0A45,
0x032F, 0x0A45,
0x832F, 0x0A45,
0x8333, 0x0A4A,
0x032F, 0x0A45,
0x0322, 0x0A44,
0x8322, 0x0A44,
0x8326, 0x0A48,
0x0322, 0x0A44,
0x0345, 0x0A93,
0x8345, 0x0A93,
0x8349, 0x0A97,
0x0345, 0x0A93,
0x0341, 0x0A94,
0x8341, 0x0A94,
0x8345, 0x0A98,
0x0341, 0x0A94,
0x0333, 0x0AC1,
0x8333, 0x0AC1,
0x8337, 0x0AC5,
0x0333, 0x0AC1,
0x0334, 0x0ABE,
0x8334, 0x0ABE,
0x8338, 0x0AC3,
0x0334, 0x0ABE,
0x0345, 0x0A92,
0x8345, 0x0A92,
0x8349, 0x0A96,
0x0345, 0x0A92,
0x0334, 0x0AB8,
0x8334, 0x0AB8,
0x8338, 0x0ABC,
0x0334, 0x0AB8,
0x032D, 0x0A9E,
0x832D, 0x0A9E,
0x8331, 0x0AA2,
0x032D, 0x0A9E,
0x032C, 0x0AB4,
0x832C, 0x0AB4,
0x8330, 0x0AB8,
0x032C, 0x0AB4,
0x032D, 0x0A9B,
0x832D, 0x0A9B,
0x8331, 0x0A9F,
0x032D, 0x0A9B,
0x032E, 0x0AA0,
0x832E, 0x0AA0,
0x8332, 0x0AA5,
0x032E, 0x0AA0,
0x032A, 0x0ABF,
0x832A, 0x0ABF,
0x832E, 0x0AC3,
0x032A, 0x0ABF,
0x0349, 0x0A97,
0x8349, 0x0A97,
0x834D, 0x0A9B,
0x0349, 0x0A97,
0x0347, 0x0A99,
0x8347, 0x0A99,
0x834B, 0x0A9D,
0x0347, 0x0A99,
0x034A, 0x0AD8,
0x834A, 0x0AD8,
0x834E, 0x0ADC,
0x034A, 0x0AD8,
0x034C, 0x0ADC,
0x834C, 0x0ADC,
0x8350, 0x0AE0,
0x034C, 0x0ADC,
0x0348, 0x0AD5,
0x8348, 0x0AD5,
0x834C, 0x0AD9,
0x0348, 0x0AD5,
0x0348, 0x0AD1,
0x8348, 0x0AD1,
0x834D, 0x0AD5,
0x0348, 0x0AD1,
0x0341, 0x0ACB,
0x8341, 0x0ACB,
0x8345, 0x0ACF,
0x0341, 0x0ACB,
0x033C, 0x0ABE,
0x833C, 0x0ABE,
0x8340, 0x0AC2,
0x033C, 0x0ABE,
0x0344, 0x0AD4,
0x8344, 0x0AD4,
0x8348, 0x0AD9,
0x0344, 0x0AD4,
0x0345, 0x0AD6,
0x8345, 0x0AD6,
0x8349, 0x0ADA,
0x0345, 0x0AD6,
0x0345, 0x0AD5,
0x8345, 0x0AD5,
0x8349, 0x0AD9,
0x0345, 0x0AD5,
0x0346, 0x0AD5,
0x8346, 0x0AD5,
0x834A, 0x0AD9,
0x0346, 0x0AD5,
0x034B, 0x0ADC,
0x834B, 0x0ADC,
0x834F, 0x0AE0,
0x034B, 0x0ADC,
0x034F, 0x0ADD,
0x834F, 0x0ADD,
0x8353, 0x0AE1,
0x034F, 0x0ADD,
0x034D, 0x0AD5,
0x834D, 0x0AD5,
0x8351, 0x0AD9,
0x034D, 0x0AD5,
0x034D, 0x0ACE,
0x834D, 0x0ACE,
0x8351, 0x0AD2,
0x034D, 0x0ACE,
0x034E, 0x0ACF,
0x834E, 0x0ACF,
0x8353, 0x0AD4,
0x034E, 0x0ACF,
0x03BA, 0x0AE6,
0x83BA, 0x0AE6,
0x83BE, 0x0AEA,
0x03BA, 0x0AE6,
0x03BE, 0x0AE7,
0x83BE, 0x0AE7,
0x83C2, 0x0AEB,
0x03BE, 0x0AE7,
0x03BB, 0x0AE8,
0x83BB, 0x0AE8,
0x83BF, 0x0AEC,
0x03BB, 0x0AE8,
0x03BC, 0x0AEE,
0x83BC, 0x0AEE,
0x83C0, 0x0AF2,
0x03BC, 0x0AEE,
0x03B8, 0x0AE6,
0x83B8, 0x0AE6,
0x83BC, 0x0AEA,
0x03B8, 0x0AE6,
0x03B9, 0x0AED,
0x83B9, 0x0AED,
0x83BD, 0x0AF1,
0x03B9, 0x0AED,
0x03AD, 0x0AE3,
0x83AD, 0x0AE3,
0x83B1, 0x0AE7,
0x03AD, 0x0AE3,
0x03B8, 0x0AE9,
0x83B8, 0x0AE9,
0x83BD, 0x0AED,
0x03B8, 0x0AE9,
0x03BC, 0x0AEE,
0x83BC, 0x0AEE,
0x83C0, 0x0AF2,
0x03BC, 0x0AEE,
0x03AD, 0x0AE4,
0x83AD, 0x0AE4,
0x83B1, 0x0AE8,
0x03AD, 0x0AE4,
0x03B4, 0x0AE6,
0x83B4, 0x0AE6,
0x83B8, 0x0AEA,
0x03B4, 0x0AE6,
0x03B3, 0x0AE8,
0x83B3, 0x0AE8,
0x83B7, 0x0AEC,
0x03B3, 0x0AE8,
0x03AD, 0x0AE3,
0x83AD, 0x0AE3,
0x83B1, 0x0AE7,
0x03AD, 0x0AE3,
0x03AA, 0x0AEA,
0x83AA, 0x0AEA,
0x83AE, 0x0AEE,
0x03AA, 0x0AEA,
0x03B9, 0x0AEE,
0x83B9, 0x0AEE,
0x83BD, 0x0AF2,
0x03B9, 0x0AEE,
0x03A5, 0x0AE6,
0x83A5, 0x0AE6,
0x83A9, 0x0AEA,
0x03A5, 0x0AE6,
0x03A4, 0x0AEB,
0x83A4, 0x0AEB,
0x83A8, 0x0AEF,
0x03A4, 0x0AEB,
0x03A3, 0x0AEE,
0x83A3, 0x0AEE,
0x83A7, 0x0AF2,
0x03A3, 0x0AEE,
0x03A2, 0x0AEB,
0x83A2, 0x0AEB,
0x83A6, 0x0AEF,
0x03A2, 0x0AEB,
0x03A1, 0x0AE5,
0x83A1, 0x0AE5,
0x83A5, 0x0AE9,
0x03A1, 0x0AE5,
0x039F, 0x0AE9,
0x839F, 0x0AE9,
0x83A3, 0x0AED,
0x039F, 0x0AE9,
0x039D, 0x0AED,
0x839D, 0x0AED,
0x83A1, 0x0AF1,
0x039D, 0x0AED,
0x0397, 0x0AEA,
0x8397, 0x0AEA,
0x839B, 0x0AEE,
0x0397, 0x0AEA,
0x039A, 0x0AE8,
0x839A, 0x0AE8,
0x839E, 0x0AEC,
0x039A, 0x0AE8,
0x039F, 0x0AE6,
0x839F, 0x0AE6,
0x83A3, 0x0AEB,
0x039F, 0x0AE6,
0x039A, 0x0AE9,
0x839A, 0x0AE9,
0x839E, 0x0AED,
0x039A, 0x0AE9,
0x039D, 0x0AE6,
0x839D, 0x0AE6,
0x83A1, 0x0AEA,
0x039D, 0x0AE6,
0x0397, 0x0AE9,
0x8397, 0x0AE9,
0x839B, 0x0AED,
0x0397, 0x0AE9,
0x0392, 0x0AE7,
0x8392, 0x0AE7,
0x8396, 0x0AEB,
0x0392, 0x0AE7,
0x038C, 0x0AE6,
0x838C, 0x0AE6,
0x8391, 0x0AEA,
0x038C, 0x0AE6,
0x0386, 0x0AEB,
0x8386, 0x0AEB,
0x838B, 0x0AEF,
0x0386, 0x0AEB,
0x0384, 0x0AE9,
0x8384, 0x0AE9,
0x8388, 0x0AED,
0x0384, 0x0AE9,
0x037F, 0x0AEF,
0x837F, 0x0AEF,
0x8383, 0x0AF3,
0x037F, 0x0AEF,
0x037A, 0x0AED,
0x837A, 0x0AED,
0x837E, 0x0AF1,
0x037A, 0x0AED,
0x037C, 0x0AEB,
0x837C, 0x0AEB,
0x8380, 0x0AEF,
0x037C, 0x0AEB,
0x0378, 0x0AF1,
0x8378, 0x0AF1,
0x837C, 0x0AF5,
0x0378, 0x0AF1,
0x036B, 0x0AE4,
0x836B, 0x0AE4,
0x8370, 0x0AE8,
0x036B, 0x0AE4,
0x036A, 0x0AEA,
0x836A, 0x0AEA,
0x836E, 0x0AEE,
0x036A, 0x0AEA,
0x0369, 0x0AE6,
0x8369, 0x0AE6,
0x836D, 0x0AEA,
0x0369, 0x0AE6,
0x0369, 0x0AE6,
0x8369, 0x0AE6,
0x836D, 0x0AEA,
0x0369, 0x0AE6,
0x036A, 0x0AED,
0x836A, 0x0AED,
0x836E, 0x0AF1,
0x036A, 0x0AED,
0x0369, 0x0AF1,
0x8369, 0x0AF1,
0x836D, 0x0AF5,
0x0369, 0x0AF1,
0x0368, 0x0AE3,
0x8368, 0x0AE3,
0x836C, 0x0AE7,
0x0368, 0x0AE3,
0x0364, 0x0AE2,
0x8364, 0x0AE2,
0x8368, 0x0AE6,
0x0364, 0x0AE2,
0x0360, 0x0AF4,
0x8360, 0x0AF4,
0x8364, 0x0AF8,
0x0360, 0x0AF4,
0x0366, 0x0AE5,
0x8366, 0x0AE5,
0x836A, 0x0AE9,
0x0366, 0x0AE5,
0x0366, 0x0AE4,
0x8366, 0x0AE4,
0x836A, 0x0AE8,
0x0366, 0x0AE4,
0x0359, 0x0AF0,
0x8359, 0x0AF0,
0x835D, 0x0AF5,
0x0359, 0x0AF0,
0x0355, 0x0AF4,
0x8355, 0x0AF4,
0x8359, 0x0AF8,
0x0355, 0x0AF4,
0x032B, 0x0B09,
0x832B, 0x0B09,
0x832F, 0x0B0D,
0x032B, 0x0B09,
0x0345, 0x0AFC,
0x8345, 0x0AFC,
0x8349, 0x0B00,
0x0345, 0x0AFC,
0x034B, 0x0AF8,
0x834B, 0x0AF8,
0x834F, 0x0AFC,
0x034B, 0x0AF8,
0x031C, 0x0A6A,
0x831C, 0x0A6A,
0x8320, 0x0A6E,
0x031C, 0x0A6A,
0x0320, 0x0A85,
0x8320, 0x0A85,
0x8324, 0x0A89,
0x0320, 0x0A85,
0x031A, 0x0A63,
0x831A, 0x0A63,
0x831E, 0x0A67,
0x031A, 0x0A63,
0x031F, 0x0AC7,
0x831F, 0x0AC7,
0x8323, 0x0ACB,
0x031F, 0x0AC7,
0x031B, 0x0AB0,
0x831B, 0x0AB0,
0x831F, 0x0AB4,
0x031B, 0x0AB0,
0x031E, 0x0AA4,
0x831E, 0x0AA4,
0x8322, 0x0AA8,
0x031E, 0x0AA4,
0x0322, 0x0ABE,
0x8322, 0x0ABE,
0x8326, 0x0AC2,
0x0322, 0x0ABE,
0x0325, 0x0AC4,
0x8325, 0x0AC4,
0x8329, 0x0AC8,
0x0325, 0x0AC4,
0x0322, 0x0AB5,
0x8322, 0x0AB5,
0x8326, 0x0AB9,
0x0322, 0x0AB5,
0x0321, 0x0AB4,
0x8321, 0x0AB4,
0x8325, 0x0AB8,
0x0321, 0x0AB4,
0x0324, 0x0ABF,
0x8324, 0x0ABF,
0x8328, 0x0AC3,
0x0324, 0x0ABF,
0x031E, 0x0AA6,
0x831E, 0x0AA6,
0x8322, 0x0AAA,
0x031E, 0x0AA6,
0x030F, 0x0A6B,
0x830F, 0x0A6B,
0x8313, 0x0A6F,
0x030F, 0x0A6B,
0x0314, 0x0A67,
0x8314, 0x0A67,
0x8318, 0x0A6B,
0x0314, 0x0A67,
0x0317, 0x0A5F,
0x8317, 0x0A5F,
0x831B, 0x0A63,
0x0317, 0x0A5F,
0x0313, 0x0A6A,
0x8313, 0x0A6A,
0x8317, 0x0A6E,
0x0313, 0x0A6A,
0x0316, 0x0A6F,
0x8316, 0x0A6F,
0x831A, 0x0A73,
0x0316, 0x0A6F,
0x030A, 0x0A64,
0x830A, 0x0A64,
0x830E, 0x0A68,
0x030A, 0x0A64,
0x030A, 0x0A63,
0x830A, 0x0A63,
0x830E, 0x0A67,
0x030A, 0x0A63,
0x0300, 0x0A65,
0x8300, 0x0A65,
0x8304, 0x0A69,
0x0300, 0x0A65,
0x02F4, 0x0A6C,
0x82F4, 0x0A6C,
0x82F8, 0x0A70,
0x02F4, 0x0A6C,
0x02EA, 0x0A6D,
0x82EA, 0x0A6D,
0x82EF, 0x0A71,
0x02EA, 0x0A6D,
0x02AD, 0x0A44,
0x82AD, 0x0A44,
0x82B1, 0x0A48,
0x02AD, 0x0A44,
0x02AE, 0x0A4B,
0x82AE, 0x0A4B,
0x82B2, 0x0A50,
0x02AE, 0x0A4B,
0x02AA, 0x0A48,
0x82AA, 0x0A48,
0x82AF, 0x0A4C,
0x02AA, 0x0A48,
0x02B4, 0x0A51,
0x82B4, 0x0A51,
0x82B8, 0x0A55,
0x02B4, 0x0A51,
0x02AF, 0x0A48,
0x82AF, 0x0A48,
0x82B3, 0x0A4C,
0x02AF, 0x0A48,
0x02B7, 0x0A4F,
0x82B7, 0x0A4F,
0x82BC, 0x0A53,
0x02B7, 0x0A4F,
0x02BA, 0x0A4E,
0x82BA, 0x0A4E,
0x82BE, 0x0A52,
0x02BA, 0x0A4E,
0x02AF, 0x0A4C,
0x82AF, 0x0A4C,
0x82B3, 0x0A50,
0x02AF, 0x0A4C,
0x02C0, 0x0A4C,
0x82C0, 0x0A4C,
0x82C5, 0x0A50,
0x02C0, 0x0A4C,
0x02C0, 0x0A59,
0x82C0, 0x0A59,
0x82C4, 0x0A5D,
0x02C0, 0x0A59,
0x02C4, 0x0A58,
0x82C4, 0x0A58,
0x82C8, 0x0A5D,
0x02C4, 0x0A58,
0x02BF, 0x0A69,
0x82BF, 0x0A69,
0x82C3, 0x0A6D,
0x02BF, 0x0A69,
0x02BE, 0x0A69,
0x82BE, 0x0A69,
0x82C2, 0x0A6D,
0x02BE, 0x0A69,
0x02C7, 0x0A5C,
0x82C7, 0x0A5C,
0x82CC, 0x0A60,
0x02C7, 0x0A5C,
0x02C5, 0x0A60,
0x82C5, 0x0A60,
0x82CA, 0x0A64,
0x02C5, 0x0A60,
0x02D8, 0x0A57,
0x82D8, 0x0A57,
0x82DC, 0x0A5C,
0x02D8, 0x0A57,
0x02C6, 0x0A6C,
0x82C6, 0x0A6C,
0x82CA, 0x0A70,
0x02C6, 0x0A6C,
0x02D4, 0x0A69,
0x82D4, 0x0A69,
0x82D8, 0x0A6D,
0x02D4, 0x0A69,
0x02D6, 0x0A5F,
0x82D6, 0x0A5F,
0x82DA, 0x0A63,
0x02D6, 0x0A5F,
0x02CF, 0x0A64,
0x82CF, 0x0A64,
0x82D3, 0x0A68,
0x02CF, 0x0A64,
0x02D9, 0x0A66,
0x82D9, 0x0A66,
0x82DD, 0x0A6A,
0x02D9, 0x0A66,
0x02DA, 0x0A6B,
0x82DA, 0x0A6B,
0x82DE, 0x0A6F,
0x02DA, 0x0A6B,
0x02EA, 0x0A66,
0x82EA, 0x0A66,
0x82EE, 0x0A6A,
0x02EA, 0x0A66,
0x02A4, 0x0A38,
0x82A4, 0x0A38,
0x82A8, 0x0A3C,
0x02A4, 0x0A38,
0x02A9, 0x0A39,
0x82A9, 0x0A39,
0x82AD, 0x0A3D,
0x02A9, 0x0A39,
0x02A1, 0x0A39,
0x82A1, 0x0A39,
0x82A5, 0x0A3D,
0x02A1, 0x0A39,
0x029D, 0x0A3A,
0x829D, 0x0A3A,
0x82A1, 0x0A3E,
0x029D, 0x0A3A,
0x02A2, 0x0A39,
0x82A2, 0x0A39,
0x82A6, 0x0A3D,
0x02A2, 0x0A39,
0x029F, 0x0A38,
0x829F, 0x0A38,
0x82A3, 0x0A3C,
0x029F, 0x0A38,
0x02A3, 0x0A3A,
0x82A3, 0x0A3A,
0x82A7, 0x0A3E,
0x02A3, 0x0A3A,
0x02A8, 0x0A36,
0x82A8, 0x0A36,
0x82AC, 0x0A3A,
0x02A8, 0x0A36,
0x029A, 0x0A3B,
0x829A, 0x0A3B,
0x829E, 0x0A3F,
0x029A, 0x0A3B,
0x02A3, 0x0A3A,
0x82A3, 0x0A3A,
0x82A7, 0x0A3E,
0x02A3, 0x0A3A,
0x0290, 0x0A45,
0x8290, 0x0A45,
0x8294, 0x0A49,
0x0290, 0x0A45,
0x0291, 0x0A42,
0x8291, 0x0A42,
0x8295, 0x0A46,
0x0291, 0x0A42,
0x0296, 0x0A2F,
0x8296, 0x0A2F,
0x829A, 0x0A33,
0x0296, 0x0A2F,
0x0291, 0x0A2E,
0x8291, 0x0A2E,
0x8295, 0x0A32,
0x0291, 0x0A2E,
0x0293, 0x0A2A,
0x8293, 0x0A2A,
0x8297, 0x0A2E,
0x0293, 0x0A2A,
0x0290, 0x0A2E,
0x8290, 0x0A2E,
0x8294, 0x0A32,
0x0290, 0x0A2E,
0x028D, 0x0A43,
0x828D, 0x0A43,
0x8291, 0x0A47,
0x028D, 0x0A43,
0x0292, 0x0A2F,
0x8292, 0x0A2F,
0x8296, 0x0A33,
0x0292, 0x0A2F,
0x0294, 0x0A24,
0x8294, 0x0A24,
0x8298, 0x0A28,
0x0294, 0x0A24,
0x0290, 0x0A2C,
0x8290, 0x0A2C,
0x8294, 0x0A30,
0x0290, 0x0A2C,
0x028B, 0x0A2C,
0x828B, 0x0A2C,
0x828F, 0x0A30,
0x028B, 0x0A2C,
0x0291, 0x0A2A,
0x8291, 0x0A2A,
0x8295, 0x0A2E,
0x0291, 0x0A2A,
0x028B, 0x0A27,
0x828B, 0x0A27,
0x828F, 0x0A2B,
0x028B, 0x0A27,
0x028A, 0x0A37,
0x828A, 0x0A37,
0x828E, 0x0A3B,
0x028A, 0x0A37,
0x0293, 0x0A2D,
0x8293, 0x0A2D,
0x8297, 0x0A31,
0x0293, 0x0A2D,
0x0289, 0x0A34,
0x8289, 0x0A34,
0x828D, 0x0A38,
0x0289, 0x0A34,
0x0289, 0x0A2D,
0x8289, 0x0A2D,
0x828D, 0x0A31,
0x0289, 0x0A2D,
0x0293, 0x0A2B,
0x8293, 0x0A2B,
0x8297, 0x0A2F,
0x0293, 0x0A2B,
0x0320, 0x0B10,
0x8320, 0x0B10,
0x8324, 0x0B14,
0x0320, 0x0B10,
0x031A, 0x0B1F,
0x831A, 0x0B1F,
0x831F, 0x0B23,
0x031A, 0x0B1F,
0x031E, 0x0B05,
0x831E, 0x0B05,
0x8323, 0x0B0A,
0x031E, 0x0B05,
0x031C, 0x0B0D,
0x831C, 0x0B0D,
0x8320, 0x0B11,
0x031C, 0x0B0D,
0x0320, 0x0B02,
0x8320, 0x0B02,
0x8324, 0x0B06,
0x0320, 0x0B02,
0x031F, 0x0B04,
0x831F, 0x0B04,
0x8323, 0x0B08,
0x031F, 0x0B04,
0x0323, 0x0B00,
0x8323, 0x0B00,
0x8327, 0x0B04,
0x0323, 0x0B00,
0x031F, 0x0B0D,
0x831F, 0x0B0D,
0x8323, 0x0B11,
0x031F, 0x0B0D,
0x031F, 0x0B0E,
0x831F, 0x0B0E,
0x8323, 0x0B12,
0x031F, 0x0B0E,
0x031E, 0x0B01,
0x831E, 0x0B01,
0x8322, 0x0B05,
0x031E, 0x0B01,
0x0321, 0x0B03,
0x8321, 0x0B03,
0x8325, 0x0B07,
0x0321, 0x0B03,
0x0322, 0x0B09,
0x8322, 0x0B09,
0x8326, 0x0B0D,
0x0322, 0x0B09,
0x031C, 0x0AE0,
0x831C, 0x0AE0,
0x8321, 0x0AE4,
0x031C, 0x0AE0,
0x031E, 0x0AE1,
0x831E, 0x0AE1,
0x8322, 0x0AE5,
0x031E, 0x0AE1,
0x031C, 0x0ADA,
0x831C, 0x0ADA,
0x8320, 0x0ADE,
0x031C, 0x0ADA,
0x031E, 0x0AD9,
0x831E, 0x0AD9,
0x8322, 0x0ADD,
0x031E, 0x0AD9,
0x031E, 0x0AD3,
0x831E, 0x0AD3,
0x8322, 0x0AD7,
0x031E, 0x0AD3,
0x0327, 0x0B0C,
0x8327, 0x0B0C,
0x832B, 0x0B10,
0x0327, 0x0B0C,
0x032A, 0x0B16,
0x832A, 0x0B16,
0x832E, 0x0B1A,
0x032A, 0x0B16,
0x0327, 0x0B1B,
0x8327, 0x0B1B,
0x832B, 0x0B1F,
0x0327, 0x0B1B,
0x0328, 0x0B08,
0x8328, 0x0B08,
0x832C, 0x0B0C,
0x0328, 0x0B08,
0x0309, 0x0AAE,
0x8309, 0x0AAE,
0x830D, 0x0AB2,
0x0309, 0x0AAE,
0x030D, 0x0AAC,
0x830D, 0x0AAC,
0x8311, 0x0AB0,
0x030D, 0x0AAC,
0x030E, 0x0AA8,
0x830E, 0x0AA8,
0x8312, 0x0AAC,
0x030E, 0x0AA8,
0x0310, 0x0AAE,
0x8310, 0x0AAE,
0x8314, 0x0AB2,
0x0310, 0x0AAE,
0x0313, 0x0AB0,
0x8313, 0x0AB0,
0x8317, 0x0AB4,
0x0313, 0x0AB0,
0x0316, 0x0AB1,
0x8316, 0x0AB1,
0x831B, 0x0AB6,
0x0316, 0x0AB1,
0x0312, 0x0AA6,
0x8312, 0x0AA6,
0x8316, 0x0AAA,
0x0312, 0x0AA6,
0x02FF, 0x0AAC,
0x82FF, 0x0AAC,
0x8303, 0x0AB0,
0x02FF, 0x0AAC,
0x0301, 0x0AAB,
0x8301, 0x0AAB,
0x8305, 0x0AAF,
0x0301, 0x0AAB,
0x0308, 0x0AA7,
0x8308, 0x0AA7,
0x830C, 0x0AAC,
0x0308, 0x0AA7,
0x02E1, 0x0AAB,
0x82E1, 0x0AAB,
0x82E5, 0x0AB0,
0x02E1, 0x0AAB,
0x02DB, 0x0AB1,
0x82DB, 0x0AB1,
0x82DF, 0x0AB5,
0x02DB, 0x0AB1,
0x02E9, 0x0AA7,
0x82E9, 0x0AA7,
0x82ED, 0x0AAB,
0x02E9, 0x0AA7,
0x02EC, 0x0AAC,
0x82EC, 0x0AAC,
0x82F0, 0x0AB0,
0x02EC, 0x0AAC,
0x02EA, 0x0AAA,
0x82EA, 0x0AAA,
0x82EE, 0x0AAE,
0x02EA, 0x0AAA,
0x02EB, 0x0AA8,
0x82EB, 0x0AA8,
0x82EF, 0x0AAC,
0x02EB, 0x0AA8,
0x02E2, 0x0AAE,
0x82E2, 0x0AAE,
0x82E6, 0x0AB2,
0x02E2, 0x0AAE,
0x02FD, 0x0AA6,
0x82FD, 0x0AA6,
0x8301, 0x0AAA,
0x02FD, 0x0AA6,
0x02F8, 0x0AA3,
0x82F8, 0x0AA3,
0x82FC, 0x0AA7,
0x02F8, 0x0AA3,
0x02E5, 0x0AAE,
0x82E5, 0x0AAE,
0x82E9, 0x0AB2,
0x02E5, 0x0AAE,
0x02B9, 0x0A69,
0x82B9, 0x0A69,
0x82BD, 0x0A6D,
0x02B9, 0x0A69,
0x02B8, 0x0A6B,
0x82B8, 0x0A6B,
0x82BC, 0x0A70,
0x02B8, 0x0A6B,
0x02B0, 0x0A6D,
0x82B0, 0x0A6D,
0x82B4, 0x0A71,
0x02B0, 0x0A6D,
0x02B6, 0x0A6F,
0x82B6, 0x0A6F,
0x82BA, 0x0A73,
0x02B6, 0x0A6F,
0x02AA, 0x0A6E,
0x82AA, 0x0A6E,
0x82AE, 0x0A72,
0x02AA, 0x0A6E,
0x02B6, 0x0A6F,
0x82B6, 0x0A6F,
0x82BA, 0x0A73,
0x02B6, 0x0A6F,
0x02B1, 0x0A6B,
0x82B1, 0x0A6B,
0x82B5, 0x0A6F,
0x02B1, 0x0A6B,
0x02AD, 0x0A70,
0x82AD, 0x0A70,
0x82B1, 0x0A75,
0x02AD, 0x0A70,
0x02AC, 0x0A70,
0x82AC, 0x0A70,
0x82B1, 0x0A74,
0x02AC, 0x0A70,
0x02AF, 0x0A70,
0x82AF, 0x0A70,
0x82B3, 0x0A74,
0x02AF, 0x0A70,
0x02A4, 0x0A93,
0x82A4, 0x0A93,
0x82A9, 0x0A97,
0x02A4, 0x0A93,
0x02A2, 0x0A79,
0x82A2, 0x0A79,
0x82A6, 0x0A7D,
0x02A2, 0x0A79,
0x02AA, 0x0A93,
0x82AA, 0x0A93,
0x82AE, 0x0A97,
0x02AA, 0x0A93,
0x02B9, 0x0A90,
0x82B9, 0x0A90,
0x82BD, 0x0A94,
0x02B9, 0x0A90,
0x02B1, 0x0A8B,
0x82B1, 0x0A8B,
0x82B5, 0x0A8F,
0x02B1, 0x0A8B,
0x02B6, 0x0A90,
0x82B6, 0x0A90,
0x82BA, 0x0A94,
0x02B6, 0x0A90,
0x02A7, 0x0A76,
0x82A7, 0x0A76,
0x82AC, 0x0A7A,
0x02A7, 0x0A76,
0x02D9, 0x0AAF,
0x82D9, 0x0AAF,
0x82DE, 0x0AB3,
0x02D9, 0x0AAF,
0x02E1, 0x0AA9,
0x82E1, 0x0AA9,
0x82E5, 0x0AAD,
0x02E1, 0x0AA9,
0x02D1, 0x0AB6,
0x82D1, 0x0AB6,
0x82D5, 0x0ABA,
0x02D1, 0x0AB6,
0x02DB, 0x0AAC,
0x82DB, 0x0AAC,
0x82E0, 0x0AB0,
0x02DB, 0x0AAC,
0x02DC, 0x0AAD,
0x82DC, 0x0AAD,
0x82E0, 0x0AB1,
0x02DC, 0x0AAD,
0x02CA, 0x0AB7,
0x82CA, 0x0AB7,
0x82CE, 0x0ABB,
0x02CA, 0x0AB7,
0x02CD, 0x0AA7,
0x82CD, 0x0AA7,
0x82D1, 0x0AAB,
0x02CD, 0x0AA7,
0x02CA, 0x0AA7,
0x82CA, 0x0AA7,
0x82CE, 0x0AAB,
0x02CA, 0x0AA7,
0x02B6, 0x0ABA,
0x82B6, 0x0ABA,
0x82BA, 0x0ABE,
0x02B6, 0x0ABA,
0x02B8, 0x0ABF,
0x82B8, 0x0ABF,
0x82BC, 0x0AC3,
0x02B8, 0x0ABF,
0x0291, 0x0AF8,
0x8291, 0x0AF8,
0x8295, 0x0AFC,
0x0291, 0x0AF8,
0x0297, 0x0ADD,
0x8297, 0x0ADD,
0x829B, 0x0AE1,
0x0297, 0x0ADD,
0x0295, 0x0AE6,
0x8295, 0x0AE6,
0x829A, 0x0AEB,
0x0295, 0x0AE6,
0x0299, 0x0AEA,
0x8299, 0x0AEA,
0x829D, 0x0AEE,
0x0299, 0x0AEA,
0x0296, 0x0AF0,
0x8296, 0x0AF0,
0x829A, 0x0AF4,
0x0296, 0x0AF0,
0x029B, 0x0AF1,
0x829B, 0x0AF1,
0x829F, 0x0AF5,
0x029B, 0x0AF1,
0x029C, 0x0AD3,
0x829C, 0x0AD3,
0x82A0, 0x0AD7,
0x029C, 0x0AD3,
0x0298, 0x0AE9,
0x8298, 0x0AE9,
0x829C, 0x0AED,
0x0298, 0x0AE9,
0x029B, 0x0AE2,
0x829B, 0x0AE2,
0x829F, 0x0AE6,
0x029B, 0x0AE2,
0x029E, 0x0AEA,
0x829E, 0x0AEA,
0x82A2, 0x0AEE,
0x029E, 0x0AEA,
0x029D, 0x0AD6,
0x829D, 0x0AD6,
0x82A1, 0x0ADA,
0x029D, 0x0AD6,
0x02A2, 0x0AE5,
0x82A2, 0x0AE5,
0x82A6, 0x0AE9,
0x02A2, 0x0AE5,
0x02A5, 0x0ACC,
0x82A5, 0x0ACC,
0x82A9, 0x0AD0,
0x02A5, 0x0ACC,
0x0291, 0x0AF1,
0x8291, 0x0AF1,
0x8295, 0x0AF5,
0x0291, 0x0AF1,
0x0295, 0x0AF1,
0x8295, 0x0AF1,
0x8299, 0x0AF5,
0x0295, 0x0AF1,
0x02B3, 0x0ABD,
0x82B3, 0x0ABD,
0x82B7, 0x0AC1,
0x02B3, 0x0ABD,
0x02B1, 0x0AC0,
0x82B1, 0x0AC0,
0x82B5, 0x0AC4,
0x02B1, 0x0AC0,
0x0292, 0x0B1D,
0x8292, 0x0B1D,
0x8296, 0x0B21,
0x0292, 0x0B1D,
0x028F, 0x0B1A,
0x828F, 0x0B1A,
0x8293, 0x0B1E,
0x028F, 0x0B1A,
0x028E, 0x0B20,
0x828E, 0x0B20,
0x8293, 0x0B24,
0x028E, 0x0B20,
0x0295, 0x0B19,
0x8295, 0x0B19,
0x8299, 0x0B1D,
0x0295, 0x0B19,
0x028D, 0x0B16,
0x828D, 0x0B16,
0x8292, 0x0B1A,
0x028D, 0x0B16,
0x028C, 0x0B10,
0x828C, 0x0B10,
0x8290, 0x0B14,
0x028C, 0x0B10,
0x0290, 0x0B14,
0x8290, 0x0B14,
0x8294, 0x0B18,
0x0290, 0x0B14,
0x0291, 0x0B06,
0x8291, 0x0B06,
0x8295, 0x0B0B,
0x0291, 0x0B06,
0x02A1, 0x0AF3,
0x82A1, 0x0AF3,
0x82A5, 0x0AF7,
0x02A1, 0x0AF3,
0x02A4, 0x0AF1,
0x82A4, 0x0AF1,
0x82A8, 0x0AF5,
0x02A4, 0x0AF1,
0x02A7, 0x0AF6,
0x82A7, 0x0AF6,
0x82AB, 0x0AFA,
0x02A7, 0x0AF6,
0x02A2, 0x0AF6,
0x82A2, 0x0AF6,
0x82A6, 0x0AFB,
0x02A2, 0x0AF6,
0x02AC, 0x0AEE,
0x82AC, 0x0AEE,
0x82B0, 0x0AF2,
0x02AC, 0x0AEE,
0x02A7, 0x0AF9,
0x82A7, 0x0AF9,
0x82AB, 0x0AFD,
0x02A7, 0x0AF9,
0x02A9, 0x0AF6,
0x82A9, 0x0AF6,
0x82AD, 0x0AFA,
0x02A9, 0x0AF6,
0x02B7, 0x0B00,
0x82B7, 0x0B00,
0x82BB, 0x0B04,
0x02B7, 0x0B00,
0x02B8, 0x0AFD,
0x82B8, 0x0AFD,
0x82BC, 0x0B01,
0x02B8, 0x0AFD,
0x02B9, 0x0B11,
0x82B9, 0x0B11,
0x82BD, 0x0B15,
0x02B9, 0x0B11,
0x02BD, 0x0B12,
0x82BD, 0x0B12,
0x82C1, 0x0B16,
0x02BD, 0x0B12,
0x02BC, 0x0B0E,
0x82BC, 0x0B0E,
0x82C0, 0x0B12,
0x02BC, 0x0B0E,
0x02BB, 0x0B08,
0x82BB, 0x0B08,
0x82BF, 0x0B0C,
0x02BB, 0x0B08,
0x02C1, 0x0B0C,
0x82C1, 0x0B0C,
0x82C5, 0x0B10,
0x02C1, 0x0B0C,
0x02C1, 0x0B02,
0x82C1, 0x0B02,
0x82C5, 0x0B06,
0x02C1, 0x0B02,
0x02C0, 0x0B0B,
0x82C0, 0x0B0B,
0x82C4, 0x0B0F,
0x02C0, 0x0B0B,
0x02C2, 0x0B08,
0x82C2, 0x0B08,
0x82C6, 0x0B0D,
0x02C2, 0x0B08,
0x02C2, 0x0B0F,
0x82C2, 0x0B0F,
0x82C7, 0x0B13,
0x02C2, 0x0B0F,
0x02C7, 0x0B0D,
0x82C7, 0x0B0D,
0x82CB, 0x0B11,
0x02C7, 0x0B0D,
0x02C2, 0x0B0F,
0x82C2, 0x0B0F,
0x82C6, 0x0B13,
0x02C2, 0x0B0F,
0x02C2, 0x0B07,
0x82C2, 0x0B07,
0x82C6, 0x0B0B,
0x02C2, 0x0B07,
0x02CA, 0x0B0D,
0x82CA, 0x0B0D,
0x82CE, 0x0B11,
0x02CA, 0x0B0D,
0x02CA, 0x0B0B,
0x82CA, 0x0B0B,
0x82CE, 0x0B0F,
0x02CA, 0x0B0B,
0x02D1, 0x0B09,
0x82D1, 0x0B09,
0x82D5, 0x0B0E,
0x02D1, 0x0B09,
0x02D6, 0x0B10,
0x82D6, 0x0B10,
0x82DA, 0x0B14,
0x02D6, 0x0B10,
0x02DC, 0x0B12,
0x82DC, 0x0B12,
0x82E0, 0x0B16,
0x02DC, 0x0B12,
0x02E2, 0x0B11,
0x82E2, 0x0B11,
0x82E6, 0x0B16,
0x02E2, 0x0B11,
0x02E5, 0x0B12,
0x82E5, 0x0B12,
0x82E9, 0x0B16,
0x02E5, 0x0B12,
0x02E2, 0x0B0C,
0x82E2, 0x0B0C,
0x82E6, 0x0B10,
0x02E2, 0x0B0C,
0x02F7, 0x0B08,
0x82F7, 0x0B08,
0x82FB, 0x0B0C,
0x02F7, 0x0B08,
0x02FA, 0x0B0A,
0x82FA, 0x0B0A,
0x82FE, 0x0B0E,
0x02FA, 0x0B0A,
0x02FF, 0x0B0F,
0x82FF, 0x0B0F,
0x8303, 0x0B13,
0x02FF, 0x0B0F,
0x02FD, 0x0B0C,
0x82FD, 0x0B0C,
0x8301, 0x0B10,
0x02FD, 0x0B0C,
0x02FA, 0x0B12,
0x82FA, 0x0B12,
0x82FE, 0x0B16,
0x02FA, 0x0B12,
0x02F9, 0x0B10,
0x82F9, 0x0B10,
0x82FD, 0x0B14,
0x02F9, 0x0B10,
0x02F9, 0x0B11,
0x82F9, 0x0B11,
0x82FD, 0x0B15,
0x02F9, 0x0B11,
0x0306, 0x0B13,
0x8306, 0x0B13,
0x830A, 0x0B17,
0x0306, 0x0B13,
0x030D, 0x0B08,
0x830D, 0x0B08,
0x8311, 0x0B0C,
0x030D, 0x0B08,
0x0304, 0x0B0D,
0x8304, 0x0B0D,
0x8308, 0x0B11,
0x0304, 0x0B0D,
0x0311, 0x0B0D,
0x8311, 0x0B0D,
0x8315, 0x0B11,
0x0311, 0x0B0D,
0x0312, 0x0B18,
0x8312, 0x0B18,
0x8316, 0x0B1C,
0x0312, 0x0B18,
0x0312, 0x0B0B,
0x8312, 0x0B0B,
0x8316, 0x0B0F,
0x0312, 0x0B0B,
0x0310, 0x0B16,
0x8310, 0x0B16,
0x8314, 0x0B1A,
0x0310, 0x0B16,
0x02B6, 0x0B15,
0x82B6, 0x0B15,
0x82BA, 0x0B19,
0x02B6, 0x0B15,
0x02B5, 0x0B12,
0x82B5, 0x0B12,
0x82B9, 0x0B16,
0x02B5, 0x0B12,
0x02AA, 0x0B1D,
0x82AA, 0x0B1D,
0x82AE, 0x0B21,
0x02AA, 0x0B1D,
0x02B1, 0x0B16,
0x82B1, 0x0B16,
0x82B5, 0x0B1B,
0x02B1, 0x0B16,
0x02AD, 0x0B17,
0x82AD, 0x0B17,
0x82B1, 0x0B1B,
0x02AD, 0x0B17,
0x02B1, 0x0B14,
0x82B1, 0x0B14,
0x82B5, 0x0B18,
0x02B1, 0x0B14,
0x02B0, 0x0B13,
0x82B0, 0x0B13,
0x82B4, 0x0B17,
0x02B0, 0x0B13,
0x0294, 0x0A7A,
0x8294, 0x0A7A,
0x8298, 0x0A7E,
0x0294, 0x0A7A,
0x0293, 0x0A77,
0x8293, 0x0A77,
0x8297, 0x0A7B,
0x0293, 0x0A77,
0x0294, 0x0A5B,
0x8294, 0x0A5B,
0x8298, 0x0A5F,
0x0294, 0x0A5B,
0x02A0, 0x0A95,
0x82A0, 0x0A95,
0x82A4, 0x0A99,
0x02A0, 0x0A95,
0x0299, 0x0A79,
0x8299, 0x0A79,
0x829D, 0x0A7D,
0x0299, 0x0A79,
0x029D, 0x0A8B,
0x829D, 0x0A8B,
0x82A1, 0x0A8F,
0x029D, 0x0A8B,
0x029B, 0x0A6E,
0x829B, 0x0A6E,
0x829F, 0x0A72,
0x029B, 0x0A6E,
0x029E, 0x0A71,
0x829E, 0x0A71,
0x82A2, 0x0A75,
0x029E, 0x0A71,
0x0290, 0x0A61,
0x8290, 0x0A61,
0x8294, 0x0A65,
0x0290, 0x0A61,
0x0298, 0x0A65,
0x8298, 0x0A65,
0x829C, 0x0A69,
0x0298, 0x0A65,
0x0295, 0x0A63,
0x8295, 0x0A63,
0x8299, 0x0A67,
0x0295, 0x0A63,
0x029D, 0x0A99,
0x829D, 0x0A99,
0x82A1, 0x0A9D,
0x029D, 0x0A99,
0x0290, 0x0A75,
0x8290, 0x0A75,
0x8294, 0x0A79,
0x0290, 0x0A75,
0x028F, 0x0A70,
0x828F, 0x0A70,
0x8293, 0x0A74,
0x028F, 0x0A70,
0x028B, 0x0A84,
0x828B, 0x0A84,
0x828F, 0x0A88,
0x028B, 0x0A84,
0x0290, 0x0A82,
0x8290, 0x0A82,
0x8294, 0x0A86,
0x0290, 0x0A82,
0x028C, 0x0A77,
0x828C, 0x0A77,
0x8290, 0x0A7B,
0x028C, 0x0A77,
0x0294, 0x0A9C,
0x8294, 0x0A9C,
0x8298, 0x0AA0,
0x0294, 0x0A9C,
0x028A, 0x0A86,
0x828A, 0x0A86,
0x828E, 0x0A8A,
0x028A, 0x0A86,
0x0290, 0x0A98,
0x8290, 0x0A98,
0x8294, 0x0A9C,
0x0290, 0x0A98,
0x0292, 0x0B25,
0x8292, 0x0B25,
0x8296, 0x0B29,
0x0292, 0x0B25,
0x029D, 0x0B23,
0x829D, 0x0B23,
0x82A1, 0x0B27,
0x029D, 0x0B23,
0x029F, 0x0B27,
0x829F, 0x0B27,
0x82A3, 0x0B2B,
0x029F, 0x0B27,
0x029E, 0x0B20,
0x829E, 0x0B20,
0x82A2, 0x0B24,
0x029E, 0x0B20,
0x029F, 0x0B24,
0x829F, 0x0B24,
0x82A3, 0x0B28,
0x029F, 0x0B24,
0x028D, 0x0B39,
0x828D, 0x0B39,
0x8291, 0x0B3D,
0x028D, 0x0B39,
0x028B, 0x0B3D,
0x828B, 0x0B3D,
0x828F, 0x0B41,
0x028B, 0x0B3D,
0x028B, 0x0B39,
0x828B, 0x0B39,
0x828F, 0x0B3D,
0x028B, 0x0B39,
0x028B, 0x0B40,
0x828B, 0x0B40,
0x828F, 0x0B44,
0x028B, 0x0B40,
0x0288, 0x0AA5,
0x8288, 0x0AA5,
0x828C, 0x0AA9,
0x0288, 0x0AA5,
0x028B, 0x0AC3,
0x828B, 0x0AC3,
0x828F, 0x0AC7,
0x028B, 0x0AC3,
0x0287, 0x0ACE,
0x8287, 0x0ACE,
0x828B, 0x0AD2,
0x0287, 0x0ACE,
0x028B, 0x0AC9,
0x828B, 0x0AC9,
0x8290, 0x0ACD,
0x028B, 0x0AC9,
0x0293, 0x0AC6,
0x8293, 0x0AC6,
0x8298, 0x0ACA,
0x0293, 0x0AC6,
0x028D, 0x0AC6,
0x828D, 0x0AC6,
0x8292, 0x0ACA,
0x028D, 0x0AC6,
0x028C, 0x0ACE,
0x828C, 0x0ACE,
0x8290, 0x0AD2,
0x028C, 0x0ACE
};

const unsigned short draw_18[] PROGMEM = {
0x0A46, 0x0A22,
0x8A46, 0x0A22,
0x8A4F, 0x0A22,
0x8A52, 0x0A29,
0x8A52, 0x0A31,
0x8A51, 0x0A39,
0x8A52, 0x0A42,
0x8A51, 0x0A4A,
0x8A50, 0x0A52,
0x8A50, 0x0A5A,
0x8A50, 0x0A63,
0x8A51, 0x0A6B,
0x8A52, 0x0A73,
0x8A52, 0x0A7C,
0x8A56, 0x0A83,
0x8A57, 0x0A8B,
0x8A58, 0x0A93,
0x8A58, 0x0A9C,
0x8A58, 0x0AA4,
0x8A5A, 0x0AAC,
0x8A5C, 0x0AB4,
0x8A5F, 0x0ABB,
0x8A67, 0x0ABD,
0x8A6F, 0x0ABE,
0x8A77, 0x0AC0,
0x8A7F, 0x0ABD,
0x8A87, 0x0ABC,
0x8A8F, 0x0ABD,
0x8A98, 0x0ABB,
0x8AA0, 0x0ABA,
0x8AA8, 0x0ABA,
0x8AB0, 0x0AB8,
0x8AB7, 0x0AB5,
0x8AC0, 0x0AB5,
0x8AC8, 0x0AB5,
0x8AD0, 0x0AB5,
0x8AD7, 0x0ABA,
0x8AE0, 0x0ABA,
0x8AE7, 0x0ABA,
0x8AEF, 0x0ABD,
0x8AF8, 0x0ABC,
0x8B00, 0x0ABC,
0x8B09, 0x0ABD,
0x8B11, 0x0ABD,
0x8B19, 0x0ABC,
0x8B21, 0x0AB9,
0x8B29, 0x0AB9,
0x8B31, 0x0ABA,
0x8B37, 0x0AC0,
0x8B39, 0x0AC8,
0x8B33, 0x0ACC,
0x8B2B, 0x0ACD,
0x8B22, 0x0ACE,
0x8B1A, 0x0AD0,
0x8B12, 0x0AD0,
0x8B0A, 0x0AD0,
0x8B01, 0x0AD0,
0x8AF9, 0x0AD0,
0x8AF1, 0x0AD0,
0x8AE8, 0x0AD0,
0x8AE0, 0x0ACF,
0x8AD8, 0x0ACD,
0x8AD1, 0x0ACC,
0x8AC8, 0x0ACA,
0x8AC0, 0x0ACD,
0x8AB8, 0x0ACD,
0x8AB0, 0x0ACD,
0x8AA7, 0x0ACD,
0x8A9F, 0x0ACE,
0x8A97, 0x0AD0,
0x8A8F, 0x0AD0,
0x8A86, 0x0AD0,
0x8A7E, 0x0AD0,
0x8A76, 0x0AD0,
0x8A6D, 0x0AD0,
0x8A66, 0x0AD2,
0x8A60, 0x0AD8,
0x8A5E, 0x0AE0,
0x8A5E, 0x0AE8,
0x8A54, 0x0AE6,
0x8A51, 0x0AE3,
0x8A4C, 0x0AEC,
0x8A4C, 0x0AF5,
0x8A4B, 0x0AFD,
0x8A47, 0x0B05,
0x8A39, 0x0B05,
0x8A3B, 0x0AFE,
0x8A3B, 0x0AF7,
0x8A3D, 0x0AEF,
0x8A3D, 0x0AE7,
0x8A3D, 0x0ADF,
0x8A3D, 0x0AD7,
0x8A36, 0x0AD5,
0x8A35, 0x0AD5,
0x8A2D, 0x0AD8,
0x8A25, 0x0AD8,
0x8A1D, 0x0ADB,
0x8A16, 0x0ADD,
0x8A11, 0x0AE3,
0x8A0E, 0x0AEC,
0x8A0C, 0x0AF3,
0x8A0B, 0x0AFB,
0x89F8, 0x0AF9,
0x89F3, 0x0AF4,
0x89F2, 0x0AF4,
0x89ED, 0x0AFB,
0x89F0, 0x0B00,
0x89F6, 0x0B00,
0x89F8, 0x0AF9,
0x8A0B, 0x0AFB,
0x8A0B, 0x0B03,
0x8A0C, 0x0B0B,
0x8A0C, 0x0B13,
0x8A11, 0x0B19,
0x8A17, 0x0B1E,
0x8A1B, 0x0B25,
0x8A20, 0x0B2C,
0x8A26, 0x0B31,
0x8A2B, 0x0B38,
0x8A31, 0x0B34,
0x8A34, 0x0B2D,
0x8A35, 0x0B25,
0x8A35, 0x0B1C,
0x8A37, 0x0B15,
0x8A38, 0x0B0C,
0x8A39, 0x0B05,
0x8A47, 0x0B05,
0x8A47, 0x0B0E,
0x8A47, 0x0B16,
0x8A47, 0x0B1F,
0x8A47, 0x0B28,
0x8A45, 0x0B31,
0x8A43, 0x0B39,
0x8A40, 0x0B41,
0x8A3F, 0x0B4A,
0x8A44, 0x0B50,
0x8A4D, 0x0B4F,
0x8A56, 0x0B50,
0x8A5E, 0x0B4D,
0x8A61, 0x0B45,
0x8A61, 0x0B3C,
0x8A60, 0x0B34,
0x8A5B, 0x0B2D,
0x8A5B, 0x0B23,
0x8A5A, 0x0B1B,
0x8A57, 0x0B12,
0x8A57, 0x0B0A,
0x8A57, 0x0B01,
0x8A55, 0x0AF8,
0x8A55, 0x0AEF,
0x8A54, 0x0AE6,
0x8A5E, 0x0AE8,
0x8A63, 0x0AEF,
0x8A64, 0x0AF7,
0x8A64, 0x0B00,
0x8A65, 0x0B07,
0x8A68, 0x0B0F,
0x8A6A, 0x0B17,
0x8A6A, 0x0B20,
0x8A6F, 0x0B27,
0x8A6F, 0x0B2F,
0x8A70, 0x0B37,
0x8A74, 0x0B3E,
0x8A76, 0x0B46,
0x8A7C, 0x0B4C,
0x8A7E, 0x0B54,
0x8A7B, 0x0B5B,
0x8A73, 0x0B5E,
0x8A6D, 0x0B63,
0x8A64, 0x0B64,
0x8A5C, 0x0B64,
0x8A55, 0x0B67,
0x8A4D, 0x0B67,
0x8A45, 0x0B67,
0x8A3D, 0x0B64,
0x8A35, 0x0B65,
0x8A2E, 0x0B66,
0x8A29, 0x0B5F,
0x8A28, 0x0B57,
0x8A2A, 0x0B4F,
0x8A27, 0x0B48,
0x8A21, 0x0B44,
0x8A1A, 0x0B3E,
0x8A13, 0x0B3A,
0x8A0E, 0x0B34,
0x8A0A, 0x0B2D,
0x8A04, 0x0B28,
0x89FE, 0x0B22,
0x89F8, 0x0B1D,
0x89F1, 0x0B19,
0x89EA, 0x0B14,
0x89E2, 0x0B11,
0x89DC, 0x0B0B,
0x89D6, 0x0B06,
0x89D0, 0x0B00,
0x89C9, 0x0AFD,
0x89C2, 0x0AF8,
0x89C0, 0x0AF0,
0x89C6, 0x0AEA,
0x89CD, 0x0AE6,
0x89D4, 0x0AE6,
0x89DC, 0x0AE7,
0x89E3, 0x0AE4,
0x89EB, 0x0AE0,
0x89F3, 0x0ADF,
0x89F9, 0x0AD9,
0x89FE, 0x0AD2,
0x8A06, 0x0AD1,
0x8A0D, 0x0ACD,
0x8A14, 0x0AC8,
0x8A1B, 0x0AC6,
0x8A20, 0x0AC0,
0x8A19, 0x0ABC,
0x8A12, 0x0AB8,
0x8A0A, 0x0AB4,
0x8A03, 0x0AB1,
0x89FC, 0x0AAD,
0x89F5, 0x0AA8,
0x89ED, 0x0AA5,
0x89E7, 0x0AA0,
0x89E0, 0x0A9B,
0x89D9, 0x0A96,
0x89D3, 0x0A92,
0x89CC, 0x0A8D,
0x89C4, 0x0A8B,
0x89BC, 0x0A89,
0x89B4, 0x0A88,
0x89AF, 0x0A82,
0x89AF, 0x0A7A,
0x89B4, 0x0A74,
0x89BC, 0x0A73,
0x89C4, 0x0A73,
0x89CC, 0x0A72,
0x89D3, 0x0A6E,
0x89DA, 0x0A69,
0x89E2, 0x0A67,
0x89E7, 0x0A77,
0x89E7, 0x0A77,
0x89E3, 0x0A7E,
0x89E5, 0x0A84,
0x89EA, 0x0A83,
0x89EB, 0x0A7C,
0x89E7, 0x0A77,
0x89E2, 0x0A67,
0x89E9, 0x0A62,
0x89F0, 0x0A5F,
0x89F7, 0x0A5A,
0x89FF, 0x0A58,
0x8A07, 0x0A58,
0x8A0F, 0x0A55,
0x8A16, 0x0A51,
0x8A1D, 0x0A4D,
0x8A26, 0x0A59,
0x8A20, 0x0A5E,
0x8A1A, 0x0A63,
0x8A13, 0x0A68,
0x8A0C, 0x0A6B,
0x8A06, 0x0A70,
0x8A03, 0x0A78,
0x8A00, 0x0A7F,
0x89FF, 0x0A87,
0x8A00, 0x0A8F,
0x8A04, 0x0A97,
0x8A0A, 0x0A9C,
0x8A10, 0x0AA0,
0x8A18, 0x0AA3,
0x8A1F, 0x0AA7,
0x8A25, 0x0AAC,
0x8A2D, 0x0AB0,
0x8A33, 0x0AB5,
0x8A3A, 0x0AB1,
0x8A3D, 0x0AAA,
0x8A3D, 0x0AA2,
0x8A3D, 0x0A99,
0x8A3D, 0x0A91,
0x8A3D, 0x0A89,
0x8A3D, 0x0A81,
0x8A3D, 0x0A79,
0x8A3D, 0x0A70,
0x8A3D, 0x0A68,
0x8A3D, 0x0A60,
0x8A3D, 0x0A58,
0x8A38, 0x0A53,
0x8A36, 0x0A53,
0x8A2E, 0x0A57,
0x8A26, 0x0A59,
0x8A1D, 0x0A4D,
0x8A23, 0x0A46,
0x8A2B, 0x0A44,
0x8A32, 0x0A42,
0x8A38, 0x0A3D,
0x8A3D, 0x0A36,
0x8A3E, 0x0A2E,
0x8A41, 0x0A26,
0x8A46, 0x0A22,
0x0A46, 0x0A22,
0x0B31, 0x0AC0,
0x8B31, 0x0AC0,
0x8B35, 0x0AC4,
0x0B31, 0x0AC0,
0x0B2E, 0x0ABD,
0x8B2E, 0x0ABD,
0x8B32, 0x0AC1,
0x0B2E, 0x0ABD,
0x0B2E, 0x0ABF,
0x8B2E, 0x0ABF,
0x8B32, 0x0AC3,
0x0B2E, 0x0ABF,
0x0B2D, 0x0ABD,
0x8B2D, 0x0ABD,
0x8B31, 0x0AC1,
0x0B2D, 0x0ABD,
0x0B2D, 0x0AC3,
0x8B2D, 0x0AC3,
0x8B31, 0x0AC7,
0x0B2D, 0x0AC3,
0x0B2A, 0x0AC0,
0x8B2A, 0x0AC0,
0x8B2E, 0x0AC4,
0x0B2A, 0x0AC0,
0x0B28, 0x0AC1,
0x8B28, 0x0AC1,
0x8B2C, 0x0AC5,
0x0B28, 0x0AC1,
0x0B2C, 0x0AC0,
0x8B2C, 0x0AC0,
0x8B30, 0x0AC5,
0x0B2C, 0x0AC0,
0x0B2B, 0x0AC2,
0x8B2B, 0x0AC2,
0x8B2F, 0x0AC6,
0x0B2B, 0x0AC2,
0x0B16, 0x0AC2,
0x8B16, 0x0AC2,
0x8B1A, 0x0AC6,
0x0B16, 0x0AC2,
0x0B0E, 0x0AC0,
0x8B0E, 0x0AC0,
0x8B12, 0x0AC4,
0x0B0E, 0x0AC0,
0x0B0D, 0x0AC0,
0x8B0D, 0x0AC0,
0x8B11, 0x0AC4,
0x0B0D, 0x0AC0,
0x0B14, 0x0AC6,
0x8B14, 0x0AC6,
0x8B18, 0x0ACA,
0x0B14, 0x0AC6,
0x0B0C, 0x0AC0,
0x8B0C, 0x0AC0,
0x8B10, 0x0AC4,
0x0B0C, 0x0AC0,
0x0B10, 0x0AC8,
0x8B10, 0x0AC8,
0x8B14, 0x0ACC,
0x0B10, 0x0AC8,
0x0B0F, 0x0AC6,
0x8B0F, 0x0AC6,
0x8B13, 0x0ACA,
0x0B0F, 0x0AC6,
0x0AF4, 0x0AC6,
0x8AF4, 0x0AC6,
0x8AF8, 0x0ACA,
0x0AF4, 0x0AC6,
0x0AF2, 0x0AC6,
0x8AF2, 0x0AC6,
0x8AF6, 0x0ACA,
0x0AF2, 0x0AC6,
0x0AF7, 0x0AC6,
0x8AF7, 0x0AC6,
0x8AFB, 0x0ACA,
0x0AF7, 0x0AC6,
0x0AEF, 0x0AC4,
0x8AEF, 0x0AC4,
0x8AF3, 0x0AC8,
0x0AEF, 0x0AC4,
0x0AEB, 0x0AC5,
0x8AEB, 0x0AC5,
0x8AEF, 0x0AC9,
0x0AEB, 0x0AC5,
0x0AEB, 0x0AC4,
0x8AEB, 0x0AC4,
0x8AEF, 0x0AC8,
0x0AEB, 0x0AC4,
0x0AEC, 0x0AC6,
0x8AEC, 0x0AC6,
0x8AF0, 0x0ACA,
0x0AEC, 0x0AC6,
0x0ADA, 0x0AC1,
0x8ADA, 0x0AC1,
0x8ADE, 0x0AC5,
0x0ADA, 0x0AC1,
0x0ADC, 0x0AC3,
0x8ADC, 0x0AC3,
0x8AE0, 0x0AC7,
0x0ADC, 0x0AC3,
0x0AD6, 0x0AC5,
0x8AD6, 0x0AC5,
0x8ADA, 0x0AC9,
0x0AD6, 0x0AC5,
0x0AD6, 0x0ABE,
0x8AD6, 0x0ABE,
0x8ADB, 0x0AC2,
0x0AD6, 0x0ABE,
0x0AD7, 0x0AC0,
0x8AD7, 0x0AC0,
0x8ADB, 0x0AC4,
0x0AD7, 0x0AC0,
0x0ACC, 0x0ABF,
0x8ACC, 0x0ABF,
0x8AD0, 0x0AC3,
0x0ACC, 0x0ABF,
0x0ACC, 0x0AC1,
0x8ACC, 0x0AC1,
0x8AD0, 0x0AC5,
0x0ACC, 0x0AC1,
0x0ACA, 0x0AC5,
0x8ACA, 0x0AC5,
0x8ACE, 0x0AC9,
0x0ACA, 0x0AC5,
0x0AC2, 0x0ABC,
0x8AC2, 0x0ABC,
0x8AC6, 0x0AC0,
0x0AC2, 0x0ABC,
0x0AC3, 0x0ABA,
0x8AC3, 0x0ABA,
0x8AC7, 0x0ABF,
0x0AC3, 0x0ABA,
0x0ACE, 0x0AC0,
0x8ACE, 0x0AC0,
0x8AD2, 0x0AC4,
0x0ACE, 0x0AC0,
0x0ACE, 0x0ABD,
0x8ACE, 0x0ABD,
0x8AD2, 0x0AC1,
0x0ACE, 0x0ABD,
0x0ACC, 0x0AC3,
0x8ACC, 0x0AC3,
0x8AD0, 0x0AC7,
0x0ACC, 0x0AC3,
0x0ACC, 0x0ABC,
0x8ACC, 0x0ABC,
0x8AD1, 0x0AC0,
0x0ACC, 0x0ABC,
0x0ABC, 0x0ABE,
0x8ABC, 0x0ABE,
0x8AC0, 0x0AC2,
0x0ABC, 0x0ABE,
0x0ABD, 0x0AB8,
0x8ABD, 0x0AB8,
0x8AC1, 0x0ABC,
0x0ABD, 0x0AB8,
0x0AB9, 0x0ABD,
0x8AB9, 0x0ABD,
0x8ABD, 0x0AC2,
0x0AB9, 0x0ABD,
0x0AB2, 0x0AC3,
0x8AB2, 0x0AC3,
0x8AB6, 0x0AC7,
0x0AB2, 0x0AC3,
0x0AB7, 0x0AC1,
0x8AB7, 0x0AC1,
0x8ABB, 0x0AC5,
0x0AB7, 0x0AC1,
0x0AAE, 0x0AC0,
0x8AAE, 0x0AC0,
0x8AB2, 0x0AC4,
0x0AAE, 0x0AC0,
0x0AAA, 0x0AC3,
0x8AAA, 0x0AC3,
0x8AAF, 0x0AC7,
0x0AAA, 0x0AC3,
0x0AA9, 0x0AC4,
0x8AA9, 0x0AC4,
0x8AAD, 0x0AC8,
0x0AA9, 0x0AC4,
0x0AA2, 0x0AC2,
0x8AA2, 0x0AC2,
0x8AA6, 0x0AC6,
0x0AA2, 0x0AC2,
0x0A94, 0x0AC8,
0x8A94, 0x0AC8,
0x8A98, 0x0ACC,
0x0A94, 0x0AC8,
0x0A94, 0x0AC4,
0x8A94, 0x0AC4,
0x8A98, 0x0AC9,
0x0A94, 0x0AC4,
0x0A8B, 0x0AC7,
0x8A8B, 0x0AC7,
0x8A90, 0x0ACB,
0x0A8B, 0x0AC7,
0x0A87, 0x0AC3,
0x8A87, 0x0AC3,
0x8A8B, 0x0AC7,
0x0A87, 0x0AC3,
0x0A84, 0x0AC4,
0x8A84, 0x0AC4,
0x8A88, 0x0AC8,
0x0A84, 0x0AC4,
0x0A7F, 0x0AC6,
0x8A7F, 0x0AC6,
0x8A83, 0x0ACA,
0x0A7F, 0x0AC6,
0x0A7B, 0x0AC2,
0x8A7B, 0x0AC2,
0x8A7F, 0x0AC6,
0x0A7B, 0x0AC2,
0x0A79, 0x0AC4,
0x8A79, 0x0AC4,
0x8A7D, 0x0AC8,
0x0A79, 0x0AC4,
0x0A72, 0x0AC5,
0x8A72, 0x0AC5,
0x8A77, 0x0AC9,
0x0A72, 0x0AC5,
0x0A74, 0x0AC6,
0x8A74, 0x0AC6,
0x8A78, 0x0ACB,
0x0A74, 0x0AC6,
0x0A6F, 0x0AC5,
0x8A6F, 0x0AC5,
0x8A73, 0x0AC9,
0x0A6F, 0x0AC5,
0x0A55, 0x0ACB,
0x8A55, 0x0ACB,
0x8A59, 0x0ACF,
0x0A55, 0x0ACB,
0x0A56, 0x0AB4,
0x8A56, 0x0AB4,
0x8A5A, 0x0AB8,
0x0A56, 0x0AB4,
0x0A56, 0x0AB6,
0x8A56, 0x0AB6,
0x8A5A, 0x0ABA,
0x0A56, 0x0AB6,
0x0A5B, 0x0AC3,
0x8A5B, 0x0AC3,
0x8A5F, 0x0AC8,
0x0A5B, 0x0AC3,
0x0A5C, 0x0AC7,
0x8A5C, 0x0AC7,
0x8A60, 0x0ACB,
0x0A5C, 0x0AC7,
0x0A5D, 0x0AC8,
0x8A5D, 0x0AC8,
0x8A61, 0x0ACC,
0x0A5D, 0x0AC8,
0x0A5D, 0x0ACA,
0x8A5D, 0x0ACA,
0x8A61, 0x0ACE,
0x0A5D, 0x0ACA,
0x0A5F, 0x0AC1,
0x8A5F, 0x0AC1,
0x8A63, 0x0AC6,
0x0A5F, 0x0AC1,
0x0A63, 0x0B2B,
0x8A63, 0x0B2B,
0x8A67, 0x0B2F,
0x0A63, 0x0B2B,
0x0A62, 0x0B2C,
0x8A62, 0x0B2C,
0x8A67, 0x0B30,
0x0A62, 0x0B2C,
0x0A63, 0x0B2A,
0x8A63, 0x0B2A,
0x8A67, 0x0B2E,
0x0A63, 0x0B2A,
0x0A61, 0x0B2C,
0x8A61, 0x0B2C,
0x8A65, 0x0B30,
0x0A61, 0x0B2C,
0x0A61, 0x0B2F,
0x8A61, 0x0B2F,
0x8A65, 0x0B33,
0x0A61, 0x0B2F,
0x0A5F, 0x0B23,
0x8A5F, 0x0B23,
0x8A63, 0x0B28,
0x0A5F, 0x0B23,
0x0A63, 0x0B19,
0x8A63, 0x0B19,
0x8A67, 0x0B1D,
0x0A63, 0x0B19,
0x0A5F, 0x0B20,
0x8A5F, 0x0B20,
0x8A63, 0x0B24,
0x0A5F, 0x0B20,
0x0A60, 0x0B28,
0x8A60, 0x0B28,
0x8A64, 0x0B2C,
0x0A60, 0x0B28,
0x0A5F, 0x0B15,
0x8A5F, 0x0B15,
0x8A64, 0x0B19,
0x0A5F, 0x0B15,
0x0A5E, 0x0B1F,
0x8A5E, 0x0B1F,
0x8A62, 0x0B23,
0x0A5E, 0x0B1F,
0x0A60, 0x0B11,
0x8A60, 0x0B11,
0x8A64, 0x0B15,
0x0A60, 0x0B11,
0x0A5F, 0x0B20,
0x8A5F, 0x0B20,
0x8A63, 0x0B24,
0x0A5F, 0x0B20,
0x0A5F, 0x0B1C,
0x8A5F, 0x0B1C,
0x8A64, 0x0B20,
0x0A5F, 0x0B1C,
0x0A5C, 0x0B11,
0x8A5C, 0x0B11,
0x8A60, 0x0B15,
0x0A5C, 0x0B11,
0x0A5D, 0x0B07,
0x8A5D, 0x0B07,
0x8A61, 0x0B0B,
0x0A5D, 0x0B07,
0x0A5B, 0x0AEA,
0x8A5B, 0x0AEA,
0x8A5F, 0x0AEF,
0x0A5B, 0x0AEA,
0x0A47, 0x0A5A,
0x8A47, 0x0A5A,
0x8A4B, 0x0A5E,
0x0A47, 0x0A5A,
0x0A44, 0x0A5F,
0x8A44, 0x0A5F,
0x8A48, 0x0A63,
0x0A44, 0x0A5F,
0x0A43, 0x0A6F,
0x8A43, 0x0A6F,
0x8A47, 0x0A73,
0x0A43, 0x0A6F,
0x0A41, 0x0A79,
0x8A41, 0x0A79,
0x8A45, 0x0A7D,
0x0A41, 0x0A79,
0x0A42, 0x0A6D,
0x8A42, 0x0A6D,
0x8A46, 0x0A71,
0x0A42, 0x0A6D,
0x0A43, 0x0A68,
0x8A43, 0x0A68,
0x8A47, 0x0A6C,
0x0A43, 0x0A68,
0x0A43, 0x0A6B,
0x8A43, 0x0A6B,
0x8A47, 0x0A6F,
0x0A43, 0x0A6B,
0x0A4A, 0x0A71,
0x8A4A, 0x0A71,
0x8A4E, 0x0A75,
0x0A4A, 0x0A71,
0x0A3D, 0x0ABD,
0x8A3D, 0x0ABD,
0x8A41, 0x0AC1,
0x0A3D, 0x0ABD,
0x0A44, 0x0A79,
0x8A44, 0x0A79,
0x8A48, 0x0A7D,
0x0A44, 0x0A79,
0x0A47, 0x0A92,
0x8A47, 0x0A92,
0x8A4B, 0x0A96,
0x0A47, 0x0A92,
0x0A46, 0x0AA0,
0x8A46, 0x0AA0,
0x8A4A, 0x0AA4,
0x0A46, 0x0AA0,
0x0A4B, 0x0A91,
0x8A4B, 0x0A91,
0x8A4F, 0x0A95,
0x0A4B, 0x0A91,
0x0A43, 0x0AC6,
0x8A43, 0x0AC6,
0x8A47, 0x0ACA,
0x0A43, 0x0AC6,
0x0A4C, 0x0A99,
0x8A4C, 0x0A99,
0x8A50, 0x0A9D,
0x0A4C, 0x0A99,
0x0A4E, 0x0A89,
0x8A4E, 0x0A89,
0x8A52, 0x0A8D,
0x0A4E, 0x0A89,
0x0A44, 0x0ADE,
0x8A44, 0x0ADE,
0x8A48, 0x0AE2,
0x0A44, 0x0ADE,
0x0A4E, 0x0AD5,
0x8A4E, 0x0AD5,
0x8A52, 0x0AD9,
0x0A4E, 0x0AD5,
0x0A42, 0x0AE3,
0x8A42, 0x0AE3,
0x8A46, 0x0AE7,
0x0A42, 0x0AE3,
0x0A4A, 0x0ABE,
0x8A4A, 0x0ABE,
0x8A4E, 0x0AC2,
0x0A4A, 0x0ABE,
0x0A4F, 0x0AA2,
0x8A4F, 0x0AA2,
0x8A53, 0x0AA6,
0x0A4F, 0x0AA2,
0x0A4E, 0x0AB6,
0x8A4E, 0x0AB6,
0x8A52, 0x0ABA,
0x0A4E, 0x0AB6,
0x0A4B, 0x0AB4,
0x8A4B, 0x0AB4,
0x8A4F, 0x0AB8,
0x0A4B, 0x0AB4,
0x0A4A, 0x0A96,
0x8A4A, 0x0A96,
0x8A4E, 0x0A9B,
0x0A4A, 0x0A96,
0x0A45, 0x0ACD,
0x8A45, 0x0ACD,
0x8A49, 0x0AD1,
0x0A45, 0x0ACD,
0x0A48, 0x0AAA,
0x8A48, 0x0AAA,
0x8A4C, 0x0AAE,
0x0A48, 0x0AAA,
0x0A47, 0x0AAD,
0x8A47, 0x0AAD,
0x8A4B, 0x0AB1,
0x0A47, 0x0AAD,
0x0A4E, 0x0A8C,
0x8A4E, 0x0A8C,
0x8A52, 0x0A90,
0x0A4E, 0x0A8C,
0x0A43, 0x0AC5,
0x8A43, 0x0AC5,
0x8A47, 0x0AC9,
0x0A43, 0x0AC5,
0x0A43, 0x0AC6,
0x8A43, 0x0AC6,
0x8A47, 0x0ACA,
0x0A43, 0x0AC6,
0x0A45, 0x0AEC,
0x8A45, 0x0AEC,
0x8A49, 0x0AF1,
0x0A45, 0x0AEC,
0x0A43, 0x0AED,
0x8A43, 0x0AED,
0x8A47, 0x0AF1,
0x0A43, 0x0AED,
0x0A41, 0x0AF3,
0x8A41, 0x0AF3,
0x8A45, 0x0AF7,
0x0A41, 0x0AF3,
0x0A3D, 0x0AC9,
0x8A3D, 0x0AC9,
0x8A41, 0x0ACD,
0x0A3D, 0x0AC9,
0x0A3D, 0x0ABC,
0x8A3D, 0x0ABC,
0x8A41, 0x0AC0,
0x0A3D, 0x0ABC,
0x0A3D, 0x0ACE,
0x8A3D, 0x0ACE,
0x8A41, 0x0AD2,
0x0A3D, 0x0ACE,
0x0A3D, 0x0ACF,
0x8A3D, 0x0ACF,
0x8A41, 0x0AD3,
0x0A3D, 0x0ACF,
0x0A39, 0x0AB9,
0x8A39, 0x0AB9,
0x8A3D, 0x0ABD,
0x0A39, 0x0AB9,
0x0A38, 0x0AC3,
0x8A38, 0x0AC3,
0x8A3C, 0x0AC7,
0x0A38, 0x0AC3,
0x0A36, 0x0ACF,
0x8A36, 0x0ACF,
0x8A3A, 0x0AD3,
0x0A36, 0x0ACF,
0x0A36, 0x0ACF,
0x8A36, 0x0ACF,
0x8A3A, 0x0AD3,
0x0A36, 0x0ACF,
0x0A37, 0x0AC4,
0x8A37, 0x0AC4,
0x8A3B, 0x0AC8,
0x0A37, 0x0AC4,
0x0A38, 0x0ABB,
0x8A38, 0x0ABB,
0x8A3C, 0x0ABF,
0x0A38, 0x0ABB,
0x0A35, 0x0ACA,
0x8A35, 0x0ACA,
0x8A39, 0x0ACE,
0x0A35, 0x0ACA,
0x0A33, 0x0ACB,
0x8A33, 0x0ACB,
0x8A37, 0x0ACF,
0x0A33, 0x0ACB,
0x0A36, 0x0ACD,
0x8A36, 0x0ACD,
0x8A3A, 0x0AD1,
0x0A36, 0x0ACD,
0x0A34, 0x0AC1,
0x8A34, 0x0AC1,
0x8A38, 0x0AC5,
0x0A34, 0x0AC1,
0x0A31, 0x0AC1,
0x8A31, 0x0AC1,
0x8A35, 0x0AC5,
0x0A31, 0x0AC1,
0x0A2D, 0x0ACB,
0x8A2D, 0x0ACB,
0x8A31, 0x0ACF,
0x0A2D, 0x0ACB,
0x0A31, 0x0ABF,
0x8A31, 0x0ABF,
0x8A35, 0x0AC3,
0x0A31, 0x0ABF,
0x0A2C, 0x0AC1,
0x8A2C, 0x0AC1,
0x8A30, 0x0AC5,
0x0A2C, 0x0AC1,
0x0A27, 0x0ACD,
0x8A27, 0x0ACD,
0x8A2B, 0x0AD1,
0x0A27, 0x0ACD,
0x0A2C, 0x0AC1,
0x8A2C, 0x0AC1,
0x8A30, 0x0AC5,
0x0A2C, 0x0AC1,
0x0A26, 0x0AC7,
0x8A26, 0x0AC7,
0x8A2A, 0x0ACB,
0x0A26, 0x0AC7,
0x0A29, 0x0AC1,
0x8A29, 0x0AC1,
0x8A2D, 0x0AC5,
0x0A29, 0x0AC1,
0x0A23, 0x0AB1,
0x8A23, 0x0AB1,
0x8A27, 0x0AB5,
0x0A23, 0x0AB1,
0x0A23, 0x0AB8,
0x8A23, 0x0AB8,
0x8A27, 0x0ABC,
0x0A23, 0x0AB8,
0x0A24, 0x0ABE,
0x8A24, 0x0ABE,
0x8A28, 0x0AC2,
0x0A24, 0x0ABE,
0x0A1B, 0x0AA9,
0x8A1B, 0x0AA9,
0x8A1F, 0x0AAD,
0x0A1B, 0x0AA9,
0x0A1E, 0x0AB1,
0x8A1E, 0x0AB1,
0x8A22, 0x0AB5,
0x0A1E, 0x0AB1,
0x0A1D, 0x0AB2,
0x8A1D, 0x0AB2,
0x8A21, 0x0AB6,
0x0A1D, 0x0AB2,
0x0A19, 0x0AB1,
0x8A19, 0x0AB1,
0x8A1D, 0x0AB6,
0x0A19, 0x0AB1,
0x0A1B, 0x0AA7,
0x8A1B, 0x0AA7,
0x8A1F, 0x0AAB,
0x0A1B, 0x0AA7,
0x0A14, 0x0AAB,
0x8A14, 0x0AAB,
0x8A18, 0x0AAF,
0x0A14, 0x0AAB,
0x0A19, 0x0AA8,
0x8A19, 0x0AA8,
0x8A1D, 0x0AAC,
0x0A19, 0x0AA8,
0x0A21, 0x0AC7,
0x8A21, 0x0AC7,
0x8A25, 0x0ACB,
0x0A21, 0x0AC7,
0x0A1C, 0x0AD1,
0x8A1C, 0x0AD1,
0x8A20, 0x0AD5,
0x0A1C, 0x0AD1,
0x0A1A, 0x0AD0,
0x8A1A, 0x0AD0,
0x8A1E, 0x0AD4,
0x0A1A, 0x0AD0,
0x0A0E, 0x0AD4,
0x8A0E, 0x0AD4,
0x8A12, 0x0AD8,
0x0A0E, 0x0AD4,
0x09FC, 0x0AF2,
0x89FC, 0x0AF2,
0x8A00, 0x0AF6,
0x09FC, 0x0AF2,
0x0A02, 0x0AEC,
0x8A02, 0x0AEC,
0x8A06, 0x0AF0,
0x0A02, 0x0AEC,
0x0A01, 0x0AE3,
0x8A01, 0x0AE3,
0x8A05, 0x0AE7,
0x0A01, 0x0AE3,
0x09FF, 0x0ADF,
0x89FF, 0x0ADF,
0x8A03, 0x0AE3,
0x09FF, 0x0ADF,
0x0A05, 0x0AD7,
0x8A05, 0x0AD7,
0x8A09, 0x0ADB,
0x0A05, 0x0AD7,
0x09F8, 0x0AEB,
0x89F8, 0x0AEB,
0x89FC, 0x0AEF,
0x09F8, 0x0AEB,
0x09FC, 0x0ADE,
0x89FC, 0x0ADE,
0x8A00, 0x0AE2,
0x09FC, 0x0ADE,
0x09F6, 0x0AE6,
0x89F6, 0x0AE6,
0x89FA, 0x0AEA,
0x09F6, 0x0AE6,
0x09FD, 0x0ADC,
0x89FD, 0x0ADC,
0x8A01, 0x0AE0,
0x09FD, 0x0ADC,
0x09FB, 0x0AE4,
0x89FB, 0x0AE4,
0x89FF, 0x0AE8,
0x09FB, 0x0AE4,
0x0A01, 0x0AD6,
0x8A01, 0x0AD6,
0x8A05, 0x0ADA,
0x0A01, 0x0AD6,
0x0A08, 0x0A5D,
0x8A08, 0x0A5D,
0x8A0C, 0x0A62,
0x0A08, 0x0A5D,
0x0A0F, 0x0A5A,
0x8A0F, 0x0A5A,
0x8A13, 0x0A5E,
0x0A0F, 0x0A5A,
0x09F9, 0x0A98,
0x89F9, 0x0A98,
0x89FE, 0x0A9C,
0x09F9, 0x0A98,
0x09FA, 0x0A94,
0x89FA, 0x0A94,
0x89FE, 0x0A99,
0x09FA, 0x0A94,
0x09FA, 0x0A94,
0x89FA, 0x0A94,
0x89FE, 0x0A98,
0x09FA, 0x0A94,
0x09FD, 0x0AA0,
0x89FD, 0x0AA0,
0x8A01, 0x0AA4,
0x09FD, 0x0AA0,
0x0A04, 0x0A82,
0x8A04, 0x0A82,
0x8A08, 0x0A86,
0x0A04, 0x0A82,
0x0A02, 0x0A9D,
0x8A02, 0x0A9D,
0x8A06, 0x0AA1,
0x0A02, 0x0A9D,
0x0A01, 0x0AA1,
0x8A01, 0x0AA1,
0x8A05, 0x0AA5,
0x0A01, 0x0AA1,
0x0A05, 0x0A8C,
0x8A05, 0x0A8C,
0x8A09, 0x0A90,
0x0A05, 0x0A8C,
0x0A02, 0x0AA1,
0x8A02, 0x0AA1,
0x8A06, 0x0AA5,
0x0A02, 0x0AA1,
0x0A04, 0x0A87,
0x8A04, 0x0A87,
0x8A08, 0x0A8B,
0x0A04, 0x0A87,
0x0A09, 0x0AA5,
0x8A09, 0x0AA5,
0x8A0D, 0x0AA9,
0x0A09, 0x0AA5,
0x0A06, 0x0A7B,
0x8A06, 0x0A7B,
0x8A0A, 0x0A7F,
0x0A06, 0x0A7B,
0x0A08, 0x0A7A,
0x8A08, 0x0A7A,
0x8A0C, 0x0A7E,
0x0A08, 0x0A7A,
0x0A0B, 0x0AAF,
0x8A0B, 0x0AAF,
0x8A0F, 0x0AB3,
0x0A0B, 0x0AAF,
0x0A0D, 0x0AAF,
0x8A0D, 0x0AAF,
0x8A11, 0x0AB3,
0x0A0D, 0x0AAF,
0x0A0B, 0x0AB0,
0x8A0B, 0x0AB0,
0x8A0F, 0x0AB4,
0x0A0B, 0x0AB0,
0x0A0B, 0x0AA4,
0x8A0B, 0x0AA4,
0x8A0F, 0x0AA8,
0x0A0B, 0x0AA4,
0x0A0B, 0x0AAD,
0x8A0B, 0x0AAD,
0x8A0F, 0x0AB1,
0x0A0B, 0x0AAD,
0x0A0F, 0x0AAA,
0x8A0F, 0x0AAA,
0x8A13, 0x0AAE,
0x0A0F, 0x0AAA,
0x0A0F, 0x0AAC,
0x8A0F, 0x0AAC,
0x8A13, 0x0AB0,
0x0A0F, 0x0AAC,
0x0A0D, 0x0AAE,
0x8A0D, 0x0AAE,
0x8A11, 0x0AB2,
0x0A0D, 0x0AAE,
0x0A12, 0x0AAF,
0x8A12, 0x0AAF,
0x8A16, 0x0AB3,
0x0A12, 0x0AAF,
0x0A0F, 0x0AAC,
0x8A0F, 0x0AAC,
0x8A14, 0x0AB0,
0x0A0F, 0x0AAC,
0x0A49, 0x0A26,
0x8A49, 0x0A26,
0x8A4D, 0x0A2A,
0x0A49, 0x0A26,
0x0A49, 0x0A28,
0x8A49, 0x0A28,
0x8A4D, 0x0A2C,
0x0A49, 0x0A28,
0x0A4B, 0x0A29,
0x8A4B, 0x0A29,
0x8A4F, 0x0A2D,
0x0A4B, 0x0A29,
0x0A46, 0x0A2A,
0x8A46, 0x0A2A,
0x8A4B, 0x0A2E,
0x0A46, 0x0A2A,
0x0A4A, 0x0A2A,
0x8A4A, 0x0A2A,
0x8A4F, 0x0A2E,
0x0A4A, 0x0A2A,
0x0A47, 0x0A2C,
0x8A47, 0x0A2C,
0x8A4B, 0x0A30,
0x0A47, 0x0A2C,
0x0A46, 0x0A2A,
0x8A46, 0x0A2A,
0x8A4A, 0x0A2E,
0x0A46, 0x0A2A,
0x0A47, 0x0A3D,
0x8A47, 0x0A3D,
0x8A4B, 0x0A41,
0x0A47, 0x0A3D,
0x0A41, 0x0A3D,
0x8A41, 0x0A3D,
0x8A45, 0x0A41,
0x0A41, 0x0A3D,
0x0A3F, 0x0A49,
0x8A3F, 0x0A49,
0x8A43, 0x0A4D,
0x0A3F, 0x0A49,
0x0A40, 0x0A4A,
0x8A40, 0x0A4A,
0x8A44, 0x0A4E,
0x0A40, 0x0A4A,
0x0A44, 0x0A42,
0x8A44, 0x0A42,
0x8A48, 0x0A46,
0x0A44, 0x0A42,
0x0A43, 0x0A31,
0x8A43, 0x0A31,
0x8A47, 0x0A35,
0x0A43, 0x0A31,
0x0A39, 0x0A47,
0x8A39, 0x0A47,
0x8A3D, 0x0A4B,
0x0A39, 0x0A47,
0x0A38, 0x0A4A,
0x8A38, 0x0A4A,
0x8A3C, 0x0A4E,
0x0A38, 0x0A4A,
0x0A39, 0x0A43,
0x8A39, 0x0A43,
0x8A3D, 0x0A47,
0x0A39, 0x0A43,
0x0A38, 0x0A45,
0x8A38, 0x0A45,
0x8A3C, 0x0A49,
0x0A38, 0x0A45,
0x0A36, 0x0A44,
0x8A36, 0x0A44,
0x8A3A, 0x0A48,
0x0A36, 0x0A44,
0x0A29, 0x0A4A,
0x8A29, 0x0A4A,
0x8A2D, 0x0A4E,
0x0A29, 0x0A4A,
0x0A30, 0x0A4B,
0x8A30, 0x0A4B,
0x8A34, 0x0A4F,
0x0A30, 0x0A4B,
0x0A2A, 0x0A48,
0x8A2A, 0x0A48,
0x8A2E, 0x0A4D,
0x0A2A, 0x0A48,
0x0A29, 0x0A4B,
0x8A29, 0x0A4B,
0x8A2D, 0x0A4F,
0x0A29, 0x0A4B,
0x0A2E, 0x0A4C,
0x8A2E, 0x0A4C,
0x8A32, 0x0A50,
0x0A2E, 0x0A4C,
0x0A01, 0x0AF2,
0x8A01, 0x0AF2,
0x8A05, 0x0AF6,
0x0A01, 0x0AF2,
0x0A04, 0x0B03,
0x8A04, 0x0B03,
0x8A08, 0x0B07,
0x0A04, 0x0B03,
0x09E7, 0x0B05,
0x89E7, 0x0B05,
0x89EB, 0x0B09,
0x09E7, 0x0B05,
0x09EB, 0x0B0C,
0x89EB, 0x0B0C,
0x89EF, 0x0B10,
0x09EB, 0x0B0C,
0x09EE, 0x0B07,
0x89EE, 0x0B07,
0x89F2, 0x0B0B,
0x09EE, 0x0B07,
0x09F1, 0x0B05,
0x89F1, 0x0B05,
0x89F5, 0x0B09,
0x09F1, 0x0B05,
0x09F3, 0x0B0C,
0x89F3, 0x0B0C,
0x89F7, 0x0B10,
0x09F3, 0x0B0C,
0x09F7, 0x0B09,
0x89F7, 0x0B09,
0x89FB, 0x0B0D,
0x09F7, 0x0B09,
0x09F7, 0x0B16,
0x89F7, 0x0B16,
0x89FB, 0x0B1A,
0x09F7, 0x0B16,
0x0A01, 0x0B1C,
0x8A01, 0x0B1C,
0x8A05, 0x0B20,
0x0A01, 0x0B1C,
0x0A08, 0x0B1A,
0x8A08, 0x0B1A,
0x8A0C, 0x0B1E,
0x0A08, 0x0B1A,
0x0A0A, 0x0B1F,
0x8A0A, 0x0B1F,
0x8A0E, 0x0B23,
0x0A0A, 0x0B1F,
0x0A0B, 0x0B23,
0x8A0B, 0x0B23,
0x8A10, 0x0B28,
0x0A0B, 0x0B23,
0x0A0A, 0x0B23,
0x8A0A, 0x0B23,
0x8A0F, 0x0B28,
0x0A0A, 0x0B23,
0x0A10, 0x0B15,
0x8A10, 0x0B15,
0x8A14, 0x0B19,
0x0A10, 0x0B15,
0x0A13, 0x0B2C,
0x8A13, 0x0B2C,
0x8A17, 0x0B30,
0x0A13, 0x0B2C,
0x0A12, 0x0B2F,
0x8A12, 0x0B2F,
0x8A16, 0x0B33,
0x0A12, 0x0B2F,
0x0A12, 0x0B34,
0x8A12, 0x0B34,
0x8A16, 0x0B38,
0x0A12, 0x0B34,
0x0A13, 0x0B35,
0x8A13, 0x0B35,
0x8A17, 0x0B39,
0x0A13, 0x0B35,
0x0A17, 0x0B2A,
0x8A17, 0x0B2A,
0x8A1B, 0x0B2F,
0x0A17, 0x0B2A,
0x0A17, 0x0B31,
0x8A17, 0x0B31,
0x8A1B, 0x0B35,
0x0A17, 0x0B31,
0x0A39, 0x0B39,
0x8A39, 0x0B39,
0x8A3D, 0x0B3D,
0x0A39, 0x0B39,
0x0A39, 0x0B39,
0x8A39, 0x0B39,
0x8A3D, 0x0B3D,
0x0A39, 0x0B39,
0x0A3B, 0x0B59,
0x8A3B, 0x0B59,
0x8A3F, 0x0B5D,
0x0A3B, 0x0B59,
0x0A39, 0x0B49,
0x8A39, 0x0B49,
0x8A3D, 0x0B4E,
0x0A39, 0x0B49,
0x0A37, 0x0B38,
0x8A37, 0x0B38,
0x8A3B, 0x0B3C,
0x0A37, 0x0B38,
0x0A38, 0x0B48,
0x8A38, 0x0B48,
0x8A3C, 0x0B4C,
0x0A38, 0x0B48,
0x0A34, 0x0B4E,
0x8A34, 0x0B4E,
0x8A39, 0x0B52,
0x0A34, 0x0B4E,
0x0A32, 0x0B43,
0x8A32, 0x0B43,
0x8A36, 0x0B47,
0x0A32, 0x0B43,
0x0A33, 0x0B46,
0x8A33, 0x0B46,
0x8A37, 0x0B4A,
0x0A33, 0x0B46,
0x0A32, 0x0B4D,
0x8A32, 0x0B4D,
0x8A36, 0x0B51,
0x0A32, 0x0B4D,
0x0A25, 0x0B3D,
0x8A25, 0x0B3D,
0x8A29, 0x0B41,
0x0A25, 0x0B3D,
0x0A25, 0x0B3E,
0x8A25, 0x0B3E,
0x8A29, 0x0B42,
0x0A25, 0x0B3E,
0x0A21, 0x0B33,
0x8A21, 0x0B33,
0x8A25, 0x0B37,
0x0A21, 0x0B33,
0x0A21, 0x0B31,
0x8A21, 0x0B31,
0x8A25, 0x0B36,
0x0A21, 0x0B31,
0x0A25, 0x0B3F,
0x8A25, 0x0B3F,
0x8A29, 0x0B43,
0x0A25, 0x0B3F,
0x0A21, 0x0B3F,
0x8A21, 0x0B3F,
0x8A25, 0x0B43,
0x0A21, 0x0B3F,
0x0A20, 0x0B33,
0x8A20, 0x0B33,
0x8A24, 0x0B37,
0x0A20, 0x0B33,
0x0A21, 0x0B3C,
0x8A21, 0x0B3C,
0x8A26, 0x0B40,
0x0A21, 0x0B3C,
0x0A1E, 0x0B3B,
0x8A1E, 0x0B3B,
0x8A22, 0x0B3F,
0x0A1E, 0x0B3B,
0x0A2B, 0x0B5A,
0x8A2B, 0x0B5A,
0x8A2F, 0x0B5E,
0x0A2B, 0x0B5A,
0x0A6A, 0x0B41,
0x8A6A, 0x0B41,
0x8A6E, 0x0B45,
0x0A6A, 0x0B41,
0x0A6B, 0x0B3D,
0x8A6B, 0x0B3D,
0x8A6F, 0x0B41,
0x0A6B, 0x0B3D,
0x0A6D, 0x0B3F,
0x8A6D, 0x0B3F,
0x8A71, 0x0B43,
0x0A6D, 0x0B3F,
0x0A67, 0x0B43,
0x8A67, 0x0B43,
0x8A6B, 0x0B47,
0x0A67, 0x0B43,
0x0A66, 0x0B42,
0x8A66, 0x0B42,
0x8A6A, 0x0B46,
0x0A66, 0x0B42,
0x0A69, 0x0B3B,
0x8A69, 0x0B3B,
0x8A6D, 0x0B3F,
0x0A69, 0x0B3B,
0x0A66, 0x0B3B,
0x8A66, 0x0B3B,
0x8A6A, 0x0B3F,
0x0A66, 0x0B3B,
0x0A6B, 0x0B39,
0x8A6B, 0x0B39,
0x8A70, 0x0B3D,
0x0A6B, 0x0B39,
0x0A66, 0x0B2C,
0x8A66, 0x0B2C,
0x8A6A, 0x0B30,
0x0A66, 0x0B2C,
0x0A68, 0x0B35,
0x8A68, 0x0B35,
0x8A6C, 0x0B39,
0x0A68, 0x0B35,
0x0A5C, 0x0B53,
0x8A5C, 0x0B53,
0x8A60, 0x0B58,
0x0A5C, 0x0B53,
0x0A69, 0x0B53,
0x8A69, 0x0B53,
0x8A6D, 0x0B57,
0x0A69, 0x0B53,
0x0A68, 0x0B59,
0x8A68, 0x0B59,
0x8A6C, 0x0B5D,
0x0A68, 0x0B59,
0x0A64, 0x0B48,
0x8A64, 0x0B48,
0x8A68, 0x0B4C,
0x0A64, 0x0B48,
0x0A6E, 0x0B51,
0x8A6E, 0x0B51,
0x8A72, 0x0B55,
0x0A6E, 0x0B51,
0x0A63, 0x0B4B,
0x8A63, 0x0B4B,
0x8A68, 0x0B4F,
0x0A63, 0x0B4B,
0x0A68, 0x0B51,
0x8A68, 0x0B51,
0x8A6C, 0x0B55,
0x0A68, 0x0B51,
0x0A71, 0x0B54,
0x8A71, 0x0B54,
0x8A76, 0x0B58,
0x0A71, 0x0B54,
0x0A3E, 0x0B09,
0x8A3E, 0x0B09,
0x8A42, 0x0B0D,
0x0A3E, 0x0B09,
0x0A3D, 0x0B0E,
0x8A3D, 0x0B0E,
0x8A41, 0x0B12,
0x0A3D, 0x0B0E,
0x0A3C, 0x0B0E,
0x8A3C, 0x0B0E,
0x8A40, 0x0B13,
0x0A3C, 0x0B0E,
0x0A3D, 0x0B21,
0x8A3D, 0x0B21,
0x8A41, 0x0B25,
0x0A3D, 0x0B21,
0x0A3B, 0x0B24,
0x8A3B, 0x0B24,
0x8A3F, 0x0B29,
0x0A3B, 0x0B24,
0x0A3C, 0x0B24,
0x8A3C, 0x0B24,
0x8A40, 0x0B28,
0x0A3C, 0x0B24,
0x0A43, 0x0B57,
0x8A43, 0x0B57,
0x8A47, 0x0B5B,
0x0A43, 0x0B57,
0x0A3D, 0x0B29,
0x8A3D, 0x0B29,
0x8A41, 0x0B2D,
0x0A3D, 0x0B29,
0x0A42, 0x0B56,
0x8A42, 0x0B56,
0x8A46, 0x0B5A,
0x0A42, 0x0B56,
0x0A44, 0x0B57,
0x8A44, 0x0B57,
0x8A48, 0x0B5B,
0x0A44, 0x0B57,
0x0A45, 0x0B5B,
0x8A45, 0x0B5B,
0x8A49, 0x0B5F,
0x0A45, 0x0B5B,
0x0A4A, 0x0B5D,
0x8A4A, 0x0B5D,
0x8A4E, 0x0B62,
0x0A4A, 0x0B5D,
0x0A48, 0x0B58,
0x8A48, 0x0B58,
0x8A4C, 0x0B5C,
0x0A48, 0x0B58,
0x0A4B, 0x0B5C,
0x8A4B, 0x0B5C,
0x8A4F, 0x0B60,
0x0A4B, 0x0B5C,
0x0A50, 0x0B5C,
0x8A50, 0x0B5C,
0x8A54, 0x0B60,
0x0A50, 0x0B5C,
0x0A4D, 0x0B5A,
0x8A4D, 0x0B5A,
0x8A51, 0x0B5E,
0x0A4D, 0x0B5A,
0x0A4F, 0x0B5E,
0x8A4F, 0x0B5E,
0x8A53, 0x0B62,
0x0A4F, 0x0B5E,
0x0A4B, 0x0B5E,
0x8A4B, 0x0B5E,
0x8A4F, 0x0B62,
0x0A4B, 0x0B5E,
0x0A4C, 0x0B5F,
0x8A4C, 0x0B5F,
0x8A50, 0x0B63,
0x0A4C, 0x0B5F,
0x09F6, 0x0A98,
0x89F6, 0x0A98,
0x89FA, 0x0A9C,
0x09F6, 0x0A98,
0x09FB, 0x0A6D,
0x89FB, 0x0A6D,
0x89FF, 0x0A71,
0x09FB, 0x0A6D,
0x09F6, 0x0A7A,
0x89F6, 0x0A7A,
0x89FA, 0x0A7E,
0x09F6, 0x0A7A,
0x09FA, 0x0A5D,
0x89FA, 0x0A5D,
0x89FE, 0x0A61,
0x09FA, 0x0A5D,
0x09F2, 0x0A68,
0x89F2, 0x0A68,
0x89F6, 0x0A6C,
0x09F2, 0x0A68,
0x09F5, 0x0A63,
0x89F5, 0x0A63,
0x89F9, 0x0A67,
0x09F5, 0x0A63,
0x09EE, 0x0A77,
0x89EE, 0x0A77,
0x89F2, 0x0A7B,
0x09EE, 0x0A77,
0x09EF, 0x0A70,
0x89EF, 0x0A70,
0x89F3, 0x0A74,
0x09EF, 0x0A70,
0x09F7, 0x0A68,
0x89F7, 0x0A68,
0x89FB, 0x0A6C,
0x09F7, 0x0A68,
0x09F3, 0x0A69,
0x89F3, 0x0A69,
0x89F7, 0x0A6D,
0x09F3, 0x0A69,
0x09F8, 0x0A5F,
0x89F8, 0x0A5F,
0x89FC, 0x0A63,
0x09F8, 0x0A5F,
0x09F8, 0x0A60,
0x89F8, 0x0A60,
0x89FC, 0x0A65,
0x09F8, 0x0A60,
0x09EF, 0x0A6B,
0x89EF, 0x0A6B,
0x89F4, 0x0A6F,
0x09EF, 0x0A6B,
0x09EC, 0x0A6B,
0x89EC, 0x0A6B,
0x89F0, 0x0A70,
0x09EC, 0x0A6B,
0x09F8, 0x0A61,
0x89F8, 0x0A61,
0x89FC, 0x0A66,
0x09F8, 0x0A61,
0x09F0, 0x0A6B,
0x89F0, 0x0A6B,
0x89F4, 0x0A6F,
0x09F0, 0x0A6B,
0x09ED, 0x0A70,
0x89ED, 0x0A70,
0x89F1, 0x0A74,
0x09ED, 0x0A70,
0x09E0, 0x0A8A,
0x89E0, 0x0A8A,
0x89E4, 0x0A8F,
0x09E0, 0x0A8A,
0x09E1, 0x0A93,
0x89E1, 0x0A93,
0x89E5, 0x0A97,
0x09E1, 0x0A93,
0x09E2, 0x0A92,
0x89E2, 0x0A92,
0x89E6, 0x0A96,
0x09E2, 0x0A92,
0x09E0, 0x0A97,
0x89E0, 0x0A97,
0x89E4, 0x0A9B,
0x09E0, 0x0A97,
0x09E6, 0x0A8D,
0x89E6, 0x0A8D,
0x89EA, 0x0A91,
0x09E6, 0x0A8D,
0x09E2, 0x0A8C,
0x89E2, 0x0A8C,
0x89E6, 0x0A90,
0x09E2, 0x0A8C,
0x09EB, 0x0A97,
0x89EB, 0x0A97,
0x89EF, 0x0A9B,
0x09EB, 0x0A97,
0x09E8, 0x0A99,
0x89E8, 0x0A99,
0x89EC, 0x0A9D,
0x09E8, 0x0A99,
0x09E6, 0x0A96,
0x89E6, 0x0A96,
0x89EA, 0x0A9B,
0x09E6, 0x0A96,
0x09EA, 0x0A8B,
0x89EA, 0x0A8B,
0x89EE, 0x0A8F,
0x09EA, 0x0A8B,
0x09CA, 0x0AF3,
0x89CA, 0x0AF3,
0x89CE, 0x0AF7,
0x09CA, 0x0AF3,
0x09C5, 0x0AF3,
0x89C5, 0x0AF3,
0x89C9, 0x0AF7,
0x09C5, 0x0AF3,
0x09C9, 0x0AF0,
0x89C9, 0x0AF0,
0x89CD, 0x0AF4,
0x09C9, 0x0AF0,
0x09CB, 0x0AF3,
0x89CB, 0x0AF3,
0x89CF, 0x0AF7,
0x09CB, 0x0AF3,
0x09C8, 0x0AF2,
0x89C8, 0x0AF2,
0x89CC, 0x0AF6,
0x09C8, 0x0AF2,
0x09CF, 0x0AF5,
0x89CF, 0x0AF5,
0x89D4, 0x0AF9,
0x09CF, 0x0AF5,
0x09C8, 0x0AF1,
0x89C8, 0x0AF1,
0x89CC, 0x0AF5,
0x09C8, 0x0AF1,
0x09D0, 0x0AF0,
0x89D0, 0x0AF0,
0x89D5, 0x0AF4,
0x09D0, 0x0AF0,
0x09D2, 0x0AEF,
0x89D2, 0x0AEF,
0x89D6, 0x0AF3,
0x09D2, 0x0AEF,
0x09D5, 0x0AFA,
0x89D5, 0x0AFA,
0x89D9, 0x0AFE,
0x09D5, 0x0AFA,
0x09D0, 0x0AF9,
0x89D0, 0x0AF9,
0x89D4, 0x0AFD,
0x09D0, 0x0AF9,
0x09E0, 0x0AF6,
0x89E0, 0x0AF6,
0x89E4, 0x0AFA,
0x09E0, 0x0AF6,
0x09D9, 0x0B01,
0x89D9, 0x0B01,
0x89DD, 0x0B05,
0x09D9, 0x0B01,
0x09DC, 0x0B03,
0x89DC, 0x0B03,
0x89E0, 0x0B08,
0x09DC, 0x0B03,
0x09DC, 0x0B02,
0x89DC, 0x0B02,
0x89E0, 0x0B06,
0x09DC, 0x0B02,
0x09DA, 0x0B04,
0x89DA, 0x0B04,
0x89DE, 0x0B08,
0x09DA, 0x0B04,
0x09DA, 0x0AFF,
0x89DA, 0x0AFF,
0x89DE, 0x0B03,
0x09DA, 0x0AFF,
0x09E7, 0x0AEA,
0x89E7, 0x0AEA,
0x89EB, 0x0AEF,
0x09E7, 0x0AEA,
0x09E1, 0x0AFD,
0x89E1, 0x0AFD,
0x89E5, 0x0B01,
0x09E1, 0x0AFD,
0x09DD, 0x0A6D,
0x89DD, 0x0A6D,
0x89E1, 0x0A71,
0x09DD, 0x0A6D,
0x09D9, 0x0A7A,
0x89D9, 0x0A7A,
0x89DD, 0x0A7E,
0x09D9, 0x0A7A,
0x09DB, 0x0A70,
0x89DB, 0x0A70,
0x89E0, 0x0A74,
0x09DB, 0x0A70,
0x09D6, 0x0A83,
0x89D6, 0x0A83,
0x89DA, 0x0A87,
0x09D6, 0x0A83,
0x09DA, 0x0A70,
0x89DA, 0x0A70,
0x89DE, 0x0A74,
0x09DA, 0x0A70,
0x09CE, 0x0A86,
0x89CE, 0x0A86,
0x89D2, 0x0A8A,
0x09CE, 0x0A86,
0x09D1, 0x0A78,
0x89D1, 0x0A78,
0x89D5, 0x0A7C,
0x09D1, 0x0A78,
0x09D2, 0x0A81,
0x89D2, 0x0A81,
0x89D6, 0x0A85,
0x09D2, 0x0A81,
0x09D0, 0x0A82,
0x89D0, 0x0A82,
0x89D4, 0x0A86,
0x09D0, 0x0A82,
0x09D6, 0x0A72,
0x89D6, 0x0A72,
0x89DA, 0x0A77,
0x09D6, 0x0A72,
0x09C2, 0x0A81,
0x89C2, 0x0A81,
0x89C6, 0x0A85,
0x09C2, 0x0A81,
0x09C5, 0x0A7C,
0x89C5, 0x0A7C,
0x89C9, 0x0A80,
0x09C5, 0x0A7C,
0x09BE, 0x0A7A,
0x89BE, 0x0A7A,
0x89C2, 0x0A7E,
0x09BE, 0x0A7A,
0x09BB, 0x0A7B,
0x89BB, 0x0A7B,
0x89BF, 0x0A7F,
0x09BB, 0x0A7B,
0x09BC, 0x0A7D,
0x89BC, 0x0A7D,
0x89C0, 0x0A81,
0x09BC, 0x0A7D,
0x09B9, 0x0A78,
0x89B9, 0x0A78,
0x89BD, 0x0A7C,
0x09B9, 0x0A78,
0x09B6, 0x0A78,
0x89B6, 0x0A78,
0x89BA, 0x0A7C,
0x09B6, 0x0A78,
0x09BF, 0x0A76,
0x89BF, 0x0A76,
0x89C3, 0x0A7A,
0x09BF, 0x0A76
};

const unsigned short draw_19[] PROGMEM = {
0x04F2, 0x0A2A,
0x84F2, 0x0A2A,
0x84FB, 0x0A2C,
0x8502, 0x0A2F,
0x850A, 0x0A32,
0x8510, 0x0A36,
0x8518, 0x0A39,
0x851F, 0x0A3C,
0x8528, 0x0A3D,
0x852F, 0x0A41,
0x8537, 0x0A41,
0x853F, 0x0A44,
0x8546, 0x0A48,
0x854F, 0x0A4A,
0x8556, 0x0A4D,
0x855D, 0x0A4F,
0x8566, 0x0A50,
0x856E, 0x0A52,
0x8574, 0x0A57,
0x857D, 0x0A58,
0x8584, 0x0A5B,
0x858C, 0x0A5E,
0x8593, 0x0A61,
0x859C, 0x0A61,
0x85A3, 0x0A65,
0x85AB, 0x0A65,
0x85B3, 0x0A68,
0x85B9, 0x0A6C,
0x85C1, 0x0A6E,
0x85CA, 0x0A6F,
0x85D2, 0x0A6F,
0x85DA, 0x0A72,
0x85E1, 0x0A76,
0x85E9, 0x0A78,
0x85F1, 0x0A78,
0x85F9, 0x0A79,
0x8601, 0x0A7B,
0x860A, 0x0A7B,
0x8611, 0x0A7D,
0x8619, 0x0A7F,
0x8622, 0x0A7F,
0x8629, 0x0A82,
0x8631, 0x0A84,
0x8639, 0x0A86,
0x8641, 0x0A87,
0x8648, 0x0A8B,
0x8650, 0x0A8D,
0x8658, 0x0A8E,
0x865F, 0x0A92,
0x8667, 0x0A93,
0x866F, 0x0A96,
0x8677, 0x0A96,
0x867F, 0x0A96,
0x8686, 0x0A98,
0x868F, 0x0A9A,
0x8696, 0x0A9C,
0x869E, 0x0A9F,
0x86A6, 0x0AA2,
0x86AE, 0x0AA2,
0x86B6, 0x0AA4,
0x86BE, 0x0AA6,
0x86C6, 0x0AA9,
0x86CD, 0x0AAD,
0x86CF, 0x0AB5,
0x86CC, 0x0ABC,
0x86C6, 0x0AC0,
0x86BE, 0x0ABE,
0x86B5, 0x0ABD,
0x86AE, 0x0ABE,
0x86A6, 0x0AC1,
0x869D, 0x0AC2,
0x8696, 0x0AC5,
0x868F, 0x0AC9,
0x8687, 0x0ACD,
0x867F, 0x0ACF,
0x8677, 0x0AD0,
0x866F, 0x0ACE,
0x8667, 0x0ACF,
0x8660, 0x0AD3,
0x8659, 0x0AD0,
0x8652, 0x0AD5,
0x864A, 0x0AD8,
0x8643, 0x0ADB,
0x863D, 0x0AE0,
0x8635, 0x0AE3,
0x862C, 0x0AE4,
0x8624, 0x0AE3,
0x861D, 0x0AE7,
0x8614, 0x0AE7,
0x860C, 0x0AE7,
0x8604, 0x0AE7,
0x85FC, 0x0AE6,
0x85F4, 0x0AE7,
0x85EC, 0x0AE8,
0x85E5, 0x0AED,
0x85DD, 0x0AEF,
0x85D5, 0x0AEF,
0x85CC, 0x0AEF,
0x85C5, 0x0AF3,
0x85BE, 0x0AF7,
0x85B6, 0x0AF8,
0x85AE, 0x0AFA,
0x85A5, 0x0AFB,
0x859F, 0x0B00,
0x8598, 0x0B04,
0x8590, 0x0B06,
0x8589, 0x0B09,
0x8581, 0x0B0C,
0x8579, 0x0B0F,
0x8571, 0x0B11,
0x8568, 0x0B11,
0x8562, 0x0B14,
0x855A, 0x0B19,
0x8553, 0x0B19,
0x854B, 0x0B1B,
0x8542, 0x0B1D,
0x853B, 0x0B21,
0x8534, 0x0B22,
0x852C, 0x0B1D,
0x8525, 0x0B20,
0x851E, 0x0B25,
0x8517, 0x0B26,
0x850E, 0x0B28,
0x8508, 0x0B2C,
0x84FF, 0x0B2F,
0x84F8, 0x0B2F,
0x84F0, 0x0B2B,
0x84EF, 0x0B23,
0x84EF, 0x0B1B,
0x84EF, 0x0B12,
0x84EF, 0x0B0A,
0x84FE, 0x0B09,
0x8501, 0x0B0F,
0x8507, 0x0B16,
0x850F, 0x0B16,
0x8517, 0x0B13,
0x851E, 0x0B11,
0x8526, 0x0B0E,
0x852E, 0x0B0E,
0x8537, 0x0B0D,
0x853E, 0x0B0B,
0x8546, 0x0B07,
0x854D, 0x0B02,
0x8554, 0x0B05,
0x855C, 0x0B04,
0x8563, 0x0AFF,
0x856B, 0x0AFE,
0x8573, 0x0AFD,
0x8579, 0x0AF8,
0x8581, 0x0AF6,
0x8589, 0x0AF5,
0x8590, 0x0AF1,
0x8599, 0x0AF0,
0x859F, 0x0AEA,
0x85A6, 0x0AE7,
0x85AE, 0x0AE4,
0x85B6, 0x0AE4,
0x85BE, 0x0AE0,
0x85C6, 0x0ADF,
0x85CE, 0x0ADD,
0x85D6, 0x0ADC,
0x85DD, 0x0ADB,
0x85E5, 0x0AD8,
0x85ED, 0x0AD8,
0x85F4, 0x0AD3,
0x85FC, 0x0AD1,
0x8604, 0x0AD0,
0x860B, 0x0AD4,
0x8614, 0x0AD4,
0x861C, 0x0AD2,
0x8624, 0x0AD0,
0x862B, 0x0ACD,
0x8633, 0x0ACD,
0x863A, 0x0AC8,
0x8642, 0x0AC5,
0x8649, 0x0AC1,
0x8651, 0x0ABD,
0x8659, 0x0ABC,
0x8661, 0x0ABC,
0x8669, 0x0ABA,
0x8671, 0x0ABC,
0x8679, 0x0ABD,
0x8681, 0x0ABA,
0x8687, 0x0AB5,
0x868B, 0x0AAF,
0x8683, 0x0AAB,
0x867B, 0x0AAB,
0x8673, 0x0AAB,
0x866C, 0x0AA7,
0x8664, 0x0AA5,
0x865D, 0x0AA1,
0x8654, 0x0AA1,
0x864C, 0x0A9E,
0x8645, 0x0A9A,
0x863D, 0x0A9A,
0x8635, 0x0A9A,
0x862D, 0x0A97,
0x8626, 0x0A94,
0x861D, 0x0A93,
0x8616, 0x0A8F,
0x860E, 0x0A8E,
0x8605, 0x0A8E,
0x85FD, 0x0A8D,
0x85F5, 0x0A8B,
0x85EE, 0x0A89,
0x85E5, 0x0A88,
0x85DD, 0x0A88,
0x85D7, 0x0A83,
0x85CE, 0x0A82,
0x85C6, 0x0A82,
0x85BD, 0x0A82,
0x85B7, 0x0A7E,
0x85AE, 0x0A7C,
0x85A8, 0x0A78,
0x85A0, 0x0A76,
0x8598, 0x0A74,
0x8590, 0x0A74,
0x8588, 0x0A73,
0x8581, 0x0A6F,
0x857A, 0x0A6A,
0x8572, 0x0A69,
0x856A, 0x0A67,
0x8562, 0x0A64,
0x855B, 0x0A60,
0x8553, 0x0A5E,
0x854B, 0x0A5C,
0x8544, 0x0A5D,
0x853D, 0x0A63,
0x8535, 0x0A64,
0x8530, 0x0A5E,
0x852E, 0x0A56,
0x8528, 0x0A51,
0x8520, 0x0A51,
0x8519, 0x0A4D,
0x8511, 0x0A4B,
0x8509, 0x0A48,
0x8506, 0x0A48,
0x84FF, 0x0A4D,
0x84FE, 0x0A56,
0x84FE, 0x0A5F,
0x84FE, 0x0A67,
0x84FD, 0x0A6F,
0x84FC, 0x0A77,
0x84FE, 0x0A7F,
0x84FD, 0x0A88,
0x84FC, 0x0A90,
0x84FD, 0x0A98,
0x84FE, 0x0AA0,
0x84FE, 0x0AA9,
0x84FD, 0x0AB1,
0x84FC, 0x0AB9,
0x84FC, 0x0AC1,
0x84FD, 0x0AC9,
0x84FE, 0x0AD2,
0x84FE, 0x0ADA,
0x84FE, 0x0AE3,
0x84FE, 0x0AEB,
0x84FF, 0x0AF2,
0x8503, 0x0AF9,
0x84FF, 0x0B00,
0x84FE, 0x0B09,
0x84EF, 0x0B0A,
0x84EF, 0x0B01,
0x84EF, 0x0AF9,
0x84EF, 0x0AF0,
0x84EF, 0x0AE8,
0x84EF, 0x0AE0,
0x84EF, 0x0AD7,
0x84EF, 0x0ACF,
0x84EC, 0x0AC7,
0x84EB, 0x0ABF,
0x84EB, 0x0AB6,
0x84EC, 0x0AAE,
0x84EC, 0x0AA6,
0x84EB, 0x0A9D,
0x84EB, 0x0A95,
0x84EB, 0x0A8D,
0x84EB, 0x0A84,
0x84EB, 0x0A7C,
0x84EB, 0x0A73,
0x84EC, 0x0A6B,
0x84EF, 0x0A64,
0x84EF, 0x0A5B,
0x84EC, 0x0A53,
0x84ED, 0x0A4B,
0x84EB, 0x0A43,
0x84EB, 0x0A3B,
0x84EB, 0x0A32,
0x84EF, 0x0A2B,
0x84F2, 0x0A2A,
0x04F2, 0x0A2A,
0x06C6, 0x0AB1,
0x86C6, 0x0AB1,
0x86CA, 0x0AB5,
0x06C6, 0x0AB1,
0x06C2, 0x0AB0,
0x86C2, 0x0AB0,
0x86C6, 0x0AB4,
0x06C2, 0x0AB0,
0x06C3, 0x0AB2,
0x86C3, 0x0AB2,
0x86C7, 0x0AB6,
0x06C3, 0x0AB2,
0x06C5, 0x0AB3,
0x86C5, 0x0AB3,
0x86C9, 0x0AB7,
0x06C5, 0x0AB3,
0x06C3, 0x0AAD,
0x86C3, 0x0AAD,
0x86C7, 0x0AB1,
0x06C3, 0x0AAD,
0x04F5, 0x0AE4,
0x84F5, 0x0AE4,
0x84F9, 0x0AE8,
0x04F5, 0x0AE4,
0x04F4, 0x0AE2,
0x84F4, 0x0AE2,
0x84F8, 0x0AE6,
0x04F4, 0x0AE2,
0x04F3, 0x0B01,
0x84F3, 0x0B01,
0x84F7, 0x0B05,
0x04F3, 0x0B01,
0x04F4, 0x0B02,
0x84F4, 0x0B02,
0x84F8, 0x0B06,
0x04F4, 0x0B02,
0x04F6, 0x0B01,
0x84F6, 0x0B01,
0x84FA, 0x0B05,
0x04F6, 0x0B01,
0x04F2, 0x0B0F,
0x84F2, 0x0B0F,
0x84F7, 0x0B13,
0x04F2, 0x0B0F,
0x04F6, 0x0B13,
0x84F6, 0x0B13,
0x84FA, 0x0B17,
0x04F6, 0x0B13,
0x0502, 0x0B16,
0x8502, 0x0B16,
0x8506, 0x0B1A,
0x0502, 0x0B16,
0x0504, 0x0B1D,
0x8504, 0x0B1D,
0x8508, 0x0B21,
0x0504, 0x0B1D,
0x0509, 0x0B20,
0x8509, 0x0B20,
0x850D, 0x0B24,
0x0509, 0x0B20,
0x0508, 0x0B1B,
0x8508, 0x0B1B,
0x850C, 0x0B1F,
0x0508, 0x0B1B,
0x04FE, 0x0B13,
0x84FE, 0x0B13,
0x8502, 0x0B17,
0x04FE, 0x0B13,
0x0502, 0x0B18,
0x8502, 0x0B18,
0x8506, 0x0B1C,
0x0502, 0x0B18,
0x0501, 0x0B16,
0x8501, 0x0B16,
0x8505, 0x0B1A,
0x0501, 0x0B16,
0x0513, 0x0B1C,
0x8513, 0x0B1C,
0x8517, 0x0B21,
0x0513, 0x0B1C,
0x051B, 0x0B18,
0x851B, 0x0B18,
0x851F, 0x0B1C,
0x051B, 0x0B18,
0x051F, 0x0B17,
0x851F, 0x0B17,
0x8523, 0x0B1B,
0x051F, 0x0B17,
0x052E, 0x0B22,
0x852E, 0x0B22,
0x8532, 0x0B26,
0x052E, 0x0B22,
0x052B, 0x0B12,
0x852B, 0x0B12,
0x852F, 0x0B17,
0x052B, 0x0B12,
0x0531, 0x0B19,
0x8531, 0x0B19,
0x8535, 0x0B1D,
0x0531, 0x0B19,
0x0538, 0x0B18,
0x8538, 0x0B18,
0x853C, 0x0B1C,
0x0538, 0x0B18,
0x053C, 0x0B15,
0x853C, 0x0B15,
0x8540, 0x0B19,
0x053C, 0x0B15,
0x04F4, 0x0B1D,
0x84F4, 0x0B1D,
0x84F8, 0x0B21,
0x04F4, 0x0B1D,
0x04F6, 0x0B21,
0x84F6, 0x0B21,
0x84FA, 0x0B25,
0x04F6, 0x0B21,
0x04F6, 0x0B27,
0x84F6, 0x0B27,
0x84FA, 0x0B2B,
0x04F6, 0x0B27,
0x04F7, 0x0B26,
0x84F7, 0x0B26,
0x84FB, 0x0B2A,
0x04F7, 0x0B26,
0x04F2, 0x0B1E,
0x84F2, 0x0B1E,
0x84F6, 0x0B22,
0x04F2, 0x0B1E,
0x04F4, 0x0B23,
0x84F4, 0x0B23,
0x84F8, 0x0B27,
0x04F4, 0x0B23,
0x053D, 0x0B13,
0x853D, 0x0B13,
0x8541, 0x0B17,
0x053D, 0x0B13,
0x053D, 0x0B13,
0x853D, 0x0B13,
0x8541, 0x0B17,
0x053D, 0x0B13,
0x053F, 0x0B14,
0x853F, 0x0B14,
0x8543, 0x0B18,
0x053F, 0x0B14,
0x053B, 0x0B12,
0x853B, 0x0B12,
0x853F, 0x0B16,
0x053B, 0x0B12,
0x0541, 0x0B0F,
0x8541, 0x0B0F,
0x8546, 0x0B13,
0x0541, 0x0B0F,
0x0542, 0x0B0F,
0x8542, 0x0B0F,
0x8547, 0x0B13,
0x0542, 0x0B0F,
0x0549, 0x0B12,
0x8549, 0x0B12,
0x854D, 0x0B16,
0x0549, 0x0B12,
0x054A, 0x0B0A,
0x854A, 0x0B0A,
0x854E, 0x0B0E,
0x054A, 0x0B0A,
0x054A, 0x0B0B,
0x854A, 0x0B0B,
0x854F, 0x0B0F,
0x054A, 0x0B0B,
0x0566, 0x0B06,
0x8566, 0x0B06,
0x856A, 0x0B0A,
0x0566, 0x0B06,
0x056E, 0x0B09,
0x856E, 0x0B09,
0x8572, 0x0B0D,
0x056E, 0x0B09,
0x056D, 0x0B09,
0x856D, 0x0B09,
0x8571, 0x0B0D,
0x056D, 0x0B09,
0x0562, 0x0B09,
0x8562, 0x0B09,
0x8566, 0x0B0D,
0x0562, 0x0B09,
0x0566, 0x0B08,
0x8566, 0x0B08,
0x856A, 0x0B0C,
0x0566, 0x0B08,
0x055E, 0x0B0A,
0x855E, 0x0B0A,
0x8562, 0x0B0F,
0x055E, 0x0B0A,
0x0566, 0x0B06,
0x8566, 0x0B06,
0x856A, 0x0B0A,
0x0566, 0x0B06,
0x056A, 0x0B07,
0x856A, 0x0B07,
0x856E, 0x0B0B,
0x056A, 0x0B07,
0x0573, 0x0B06,
0x8573, 0x0B06,
0x8577, 0x0B0A,
0x0573, 0x0B06,
0x057A, 0x0B01,
0x857A, 0x0B01,
0x857E, 0x0B05,
0x057A, 0x0B01,
0x0587, 0x0AFF,
0x8587, 0x0AFF,
0x858B, 0x0B03,
0x0587, 0x0AFF,
0x057F, 0x0AFB,
0x857F, 0x0AFB,
0x8583, 0x0AFF,
0x057F, 0x0AFB,
0x057B, 0x0AFD,
0x857B, 0x0AFD,
0x8580, 0x0B01,
0x057B, 0x0AFD,
0x0585, 0x0AFA,
0x8585, 0x0AFA,
0x858A, 0x0AFF,
0x0585, 0x0AFA,
0x058D, 0x0AFC,
0x858D, 0x0AFC,
0x8591, 0x0B00,
0x058D, 0x0AFC,
0x0582, 0x0AFB,
0x8582, 0x0AFB,
0x8586, 0x0AFF,
0x0582, 0x0AFB,
0x0584, 0x0AFA,
0x8584, 0x0AFA,
0x8588, 0x0AFE,
0x0584, 0x0AFA,
0x0594, 0x0AFA,
0x8594, 0x0AFA,
0x8598, 0x0AFE,
0x0594, 0x0AFA,
0x0583, 0x0AFB,
0x8583, 0x0AFB,
0x8587, 0x0AFF,
0x0583, 0x0AFB,
0x0589, 0x0AFB,
0x8589, 0x0AFB,
0x858D, 0x0AFF,
0x0589, 0x0AFB,
0x058D, 0x0AF8,
0x858D, 0x0AF8,
0x8592, 0x0AFC,
0x058D, 0x0AF8,
0x058F, 0x0AF8,
0x858F, 0x0AF8,
0x8593, 0x0AFC,
0x058F, 0x0AF8,
0x0589, 0x0AFA,
0x8589, 0x0AFA,
0x858D, 0x0AFE,
0x0589, 0x0AFA,
0x058F, 0x0AFA,
0x858F, 0x0AFA,
0x8593, 0x0AFE,
0x058F, 0x0AFA,
0x0592, 0x0AF9,
0x8592, 0x0AF9,
0x8596, 0x0AFD,
0x0592, 0x0AF9,
0x0586, 0x0AFC,
0x8586, 0x0AFC,
0x858A, 0x0B00,
0x0586, 0x0AFC,
0x05A8, 0x0AEE,
0x85A8, 0x0AEE,
0x85AC, 0x0AF2,
0x05A8, 0x0AEE,
0x05B0, 0x0AEF,
0x85B0, 0x0AEF,
0x85B4, 0x0AF3,
0x05B0, 0x0AEF,
0x05B0, 0x0AF0,
0x85B0, 0x0AF0,
0x85B4, 0x0AF4,
0x05B0, 0x0AF0,
0x05B3, 0x0AEF,
0x85B3, 0x0AEF,
0x85B7, 0x0AF3,
0x05B3, 0x0AEF,
0x05B9, 0x0AEA,
0x85B9, 0x0AEA,
0x85BD, 0x0AEE,
0x05B9, 0x0AEA,
0x05C8, 0x0AE5,
0x85C8, 0x0AE5,
0x85CC, 0x0AE9,
0x05C8, 0x0AE5,
0x05D5, 0x0AE7,
0x85D5, 0x0AE7,
0x85D9, 0x0AEB,
0x05D5, 0x0AE7,
0x05D5, 0x0AE5,
0x85D5, 0x0AE5,
0x85D9, 0x0AE9,
0x05D5, 0x0AE5,
0x05D6, 0x0AE7,
0x85D6, 0x0AE7,
0x85DA, 0x0AEB,
0x05D6, 0x0AE7,
0x05D3, 0x0AE3,
0x85D3, 0x0AE3,
0x85D7, 0x0AE7,
0x05D3, 0x0AE3,
0x05DA, 0x0AE3,
0x85DA, 0x0AE3,
0x85DF, 0x0AE7,
0x05DA, 0x0AE3,
0x05D2, 0x0AE1,
0x85D2, 0x0AE1,
0x85D6, 0x0AE5,
0x05D2, 0x0AE1,
0x05E0, 0x0AE2,
0x85E0, 0x0AE2,
0x85E4, 0x0AE6,
0x05E0, 0x0AE2,
0x05E1, 0x0ADE,
0x85E1, 0x0ADE,
0x85E5, 0x0AE3,
0x05E1, 0x0ADE,
0x05DF, 0x0ADE,
0x85DF, 0x0ADE,
0x85E4, 0x0AE2,
0x05DF, 0x0ADE,
0x05E2, 0x0ADD,
0x85E2, 0x0ADD,
0x85E6, 0x0AE1,
0x05E2, 0x0ADD,
0x05F2, 0x0ADB,
0x85F2, 0x0ADB,
0x85F6, 0x0ADF,
0x05F2, 0x0ADB,
0x0632, 0x0AD8,
0x8632, 0x0AD8,
0x8636, 0x0ADD,
0x0632, 0x0AD8,
0x0628, 0x0AD9,
0x8628, 0x0AD9,
0x862C, 0x0ADD,
0x0628, 0x0AD9,
0x062E, 0x0AD9,
0x862E, 0x0AD9,
0x8632, 0x0ADD,
0x062E, 0x0AD9,
0x061E, 0x0AD5,
0x861E, 0x0AD5,
0x8622, 0x0AD9,
0x061E, 0x0AD5,
0x062B, 0x0ADA,
0x862B, 0x0ADA,
0x8630, 0x0ADE,
0x062B, 0x0ADA,
0x05F8, 0x0AD6,
0x85F8, 0x0AD6,
0x85FD, 0x0ADA,
0x05F8, 0x0AD6,
0x061F, 0x0AD9,
0x861F, 0x0AD9,
0x8623, 0x0ADD,
0x061F, 0x0AD9,
0x0643, 0x0ACE,
0x8643, 0x0ACE,
0x8647, 0x0AD2,
0x0643, 0x0ACE,
0x0646, 0x0ACD,
0x8646, 0x0ACD,
0x864A, 0x0AD1,
0x0646, 0x0ACD,
0x063B, 0x0ACE,
0x863B, 0x0ACE,
0x8640, 0x0AD2,
0x063B, 0x0ACE,
0x0645, 0x0ACD,
0x8645, 0x0ACD,
0x8649, 0x0AD1,
0x0645, 0x0ACD,
0x0630, 0x0AD0,
0x8630, 0x0AD0,
0x8634, 0x0AD4,
0x0630, 0x0AD0,
0x0640, 0x0AD0,
0x8640, 0x0AD0,
0x8644, 0x0AD4,
0x0640, 0x0AD0,
0x0634, 0x0AD1,
0x8634, 0x0AD1,
0x8638, 0x0AD5,
0x0634, 0x0AD1,
0x063A, 0x0AD4,
0x863A, 0x0AD4,
0x863E, 0x0AD8,
0x063A, 0x0AD4,
0x0640, 0x0AD2,
0x8640, 0x0AD2,
0x8644, 0x0AD6,
0x0640, 0x0AD2,
0x062E, 0x0AD4,
0x862E, 0x0AD4,
0x8632, 0x0AD8,
0x062E, 0x0AD4,
0x0638, 0x0AD1,
0x8638, 0x0AD1,
0x863C, 0x0AD5,
0x0638, 0x0AD1,
0x062F, 0x0AD8,
0x862F, 0x0AD8,
0x8634, 0x0ADC,
0x062F, 0x0AD8,
0x0627, 0x0AD5,
0x8627, 0x0AD5,
0x862B, 0x0AD9,
0x0627, 0x0AD5,
0x064E, 0x0ACB,
0x864E, 0x0ACB,
0x8652, 0x0ACF,
0x064E, 0x0ACB,
0x064F, 0x0ACA,
0x864F, 0x0ACA,
0x8653, 0x0ACE,
0x064F, 0x0ACA,
0x0650, 0x0AC7,
0x8650, 0x0AC7,
0x8654, 0x0ACB,
0x0650, 0x0AC7,
0x064B, 0x0AC6,
0x864B, 0x0AC6,
0x864F, 0x0ACA,
0x064B, 0x0AC6,
0x0647, 0x0AC7,
0x8647, 0x0AC7,
0x864B, 0x0ACB,
0x0647, 0x0AC7,
0x064C, 0x0AC9,
0x864C, 0x0AC9,
0x8650, 0x0ACD,
0x064C, 0x0AC9,
0x064C, 0x0AC6,
0x864C, 0x0AC6,
0x8650, 0x0ACA,
0x064C, 0x0AC6,
0x0659, 0x0AC1,
0x8659, 0x0AC1,
0x865D, 0x0AC5,
0x0659, 0x0AC1,
0x0661, 0x0AC4,
0x8661, 0x0AC4,
0x8665, 0x0AC9,
0x0661, 0x0AC4,
0x0650, 0x0AC7,
0x8650, 0x0AC7,
0x8654, 0x0ACB,
0x0650, 0x0AC7,
0x0664, 0x0AC6,
0x8664, 0x0AC6,
0x8668, 0x0ACA,
0x0664, 0x0AC6,
0x0656, 0x0AC6,
0x8656, 0x0AC6,
0x865A, 0x0ACA,
0x0656, 0x0AC6,
0x0650, 0x0AC6,
0x8650, 0x0AC6,
0x8654, 0x0ACA,
0x0650, 0x0AC6,
0x0650, 0x0AC6,
0x8650, 0x0AC6,
0x8654, 0x0ACA,
0x0650, 0x0AC6,
0x0671, 0x0AC8,
0x8671, 0x0AC8,
0x8675, 0x0ACC,
0x0671, 0x0AC8,
0x0673, 0x0AC6,
0x8673, 0x0AC6,
0x8677, 0x0ACA,
0x0673, 0x0AC6,
0x0671, 0x0AC6,
0x8671, 0x0AC6,
0x8675, 0x0ACA,
0x0671, 0x0AC6,
0x0679, 0x0AC3,
0x8679, 0x0AC3,
0x867D, 0x0AC7,
0x0679, 0x0AC3,
0x0688, 0x0ABF,
0x8688, 0x0ABF,
0x868C, 0x0AC3,
0x0688, 0x0ABF,
0x068C, 0x0ABF,
0x868C, 0x0ABF,
0x8690, 0x0AC3,
0x068C, 0x0ABF,
0x0688, 0x0ABC,
0x8688, 0x0ABC,
0x868C, 0x0AC1,
0x0688, 0x0ABC,
0x0687, 0x0ABC,
0x8687, 0x0ABC,
0x868C, 0x0AC0,
0x0687, 0x0ABC,
0x0691, 0x0AB9,
0x8691, 0x0AB9,
0x8695, 0x0ABD,
0x0691, 0x0AB9,
0x0697, 0x0ABA,
0x8697, 0x0ABA,
0x869B, 0x0ABE,
0x0697, 0x0ABA,
0x06A7, 0x0AA9,
0x86A7, 0x0AA9,
0x86AB, 0x0AAD,
0x06A7, 0x0AA9,
0x06A3, 0x0AA7,
0x86A3, 0x0AA7,
0x86A7, 0x0AAB,
0x06A3, 0x0AA7,
0x06A6, 0x0AAF,
0x86A6, 0x0AAF,
0x86AA, 0x0AB3,
0x06A6, 0x0AAF,
0x069F, 0x0AAB,
0x869F, 0x0AAB,
0x86A3, 0x0AB0,
0x069F, 0x0AAB,
0x0698, 0x0AB0,
0x8698, 0x0AB0,
0x869C, 0x0AB5,
0x0698, 0x0AB0,
0x0693, 0x0AA9,
0x8693, 0x0AA9,
0x8697, 0x0AAD,
0x0693, 0x0AA9,
0x069C, 0x0AA6,
0x869C, 0x0AA6,
0x86A0, 0x0AAA,
0x069C, 0x0AA6,
0x06A6, 0x0AB3,
0x86A6, 0x0AB3,
0x86AA, 0x0AB7,
0x06A6, 0x0AB3,
0x0692, 0x0AB5,
0x8692, 0x0AB5,
0x8696, 0x0AB9,
0x0692, 0x0AB5,
0x06A0, 0x0AAD,
0x86A0, 0x0AAD,
0x86A4, 0x0AB1,
0x06A0, 0x0AAD,
0x068C, 0x0AA0,
0x868C, 0x0AA0,
0x8690, 0x0AA4,
0x068C, 0x0AA0,
0x0688, 0x0A9D,
0x8688, 0x0A9D,
0x868C, 0x0AA1,
0x0688, 0x0A9D,
0x068A, 0x0AA9,
0x868A, 0x0AA9,
0x868F, 0x0AAD,
0x068A, 0x0AA9,
0x068D, 0x0AA1,
0x868D, 0x0AA1,
0x8691, 0x0AA5,
0x068D, 0x0AA1,
0x0687, 0x0AA4,
0x8687, 0x0AA4,
0x868B, 0x0AA8,
0x0687, 0x0AA4,
0x0684, 0x0A9E,
0x8684, 0x0A9E,
0x8688, 0x0AA2,
0x0684, 0x0A9E,
0x068B, 0x0A9F,
0x868B, 0x0A9F,
0x868F, 0x0AA3,
0x068B, 0x0A9F,
0x0685, 0x0A9F,
0x8685, 0x0A9F,
0x8689, 0x0AA3,
0x0685, 0x0A9F,
0x0687, 0x0AA2,
0x8687, 0x0AA2,
0x868B, 0x0AA6,
0x0687, 0x0AA2,
0x0683, 0x0AA3,
0x8683, 0x0AA3,
0x8687, 0x0AA8,
0x0683, 0x0AA3,
0x068A, 0x0A9F,
0x868A, 0x0A9F,
0x868F, 0x0AA3,
0x068A, 0x0A9F,
0x0643, 0x0A90,
0x8643, 0x0A90,
0x8647, 0x0A94,
0x0643, 0x0A90,
0x064F, 0x0A97,
0x864F, 0x0A97,
0x8653, 0x0A9B,
0x064F, 0x0A97,
0x0651, 0x0A93,
0x8651, 0x0A93,
0x8655, 0x0A97,
0x0651, 0x0A93,
0x064A, 0x0A94,
0x864A, 0x0A94,
0x864E, 0x0A98,
0x064A, 0x0A94,
0x065F, 0x0A96,
0x865F, 0x0A96,
0x8663, 0x0A9A,
0x065F, 0x0A96,
0x065B, 0x0A99,
0x865B, 0x0A99,
0x8660, 0x0A9D,
0x065B, 0x0A99,
0x065D, 0x0A98,
0x865D, 0x0A98,
0x8661, 0x0A9C,
0x065D, 0x0A98,
0x0666, 0x0A9A,
0x8666, 0x0A9A,
0x866A, 0x0A9E,
0x0666, 0x0A9A,
0x065E, 0x0A9D,
0x865E, 0x0A9D,
0x8662, 0x0AA1,
0x065E, 0x0A9D,
0x065F, 0x0A9B,
0x865F, 0x0A9B,
0x8663, 0x0A9F,
0x065F, 0x0A9B,
0x0660, 0x0A9D,
0x8660, 0x0A9D,
0x8664, 0x0AA1,
0x0660, 0x0A9D,
0x066B, 0x0A9D,
0x866B, 0x0A9D,
0x866F, 0x0AA1,
0x066B, 0x0A9D,
0x0668, 0x0A9D,
0x8668, 0x0A9D,
0x866C, 0x0AA1,
0x0668, 0x0A9D,
0x066E, 0x0AA0,
0x866E, 0x0AA0,
0x8672, 0x0AA4,
0x066E, 0x0AA0,
0x066A, 0x0A9B,
0x866A, 0x0A9B,
0x866E, 0x0A9F,
0x066A, 0x0A9B,
0x0675, 0x0A9E,
0x8675, 0x0A9E,
0x8679, 0x0AA2,
0x0675, 0x0A9E,
0x0676, 0x0AA1,
0x8676, 0x0AA1,
0x867B, 0x0AA5,
0x0676, 0x0AA1,
0x061D, 0x0A87,
0x861D, 0x0A87,
0x8622, 0x0A8B,
0x061D, 0x0A87,
0x0619, 0x0A89,
0x8619, 0x0A89,
0x861D, 0x0A8D,
0x0619, 0x0A89,
0x0617, 0x0A8B,
0x8617, 0x0A8B,
0x861C, 0x0A8F,
0x0617, 0x0A8B,
0x0619, 0x0A89,
0x8619, 0x0A89,
0x861D, 0x0A8E,
0x0619, 0x0A89,
0x061D, 0x0A8C,
0x861D, 0x0A8C,
0x8621, 0x0A90,
0x061D, 0x0A8C,
0x0621, 0x0A8A,
0x8621, 0x0A8A,
0x8625, 0x0A8E,
0x0621, 0x0A8A,
0x0626, 0x0A8E,
0x8626, 0x0A8E,
0x862A, 0x0A92,
0x0626, 0x0A8E,
0x061F, 0x0A8D,
0x861F, 0x0A8D,
0x8623, 0x0A91,
0x061F, 0x0A8D,
0x062C, 0x0A8E,
0x862C, 0x0A8E,
0x8630, 0x0A92,
0x062C, 0x0A8E,
0x063E, 0x0A8E,
0x863E, 0x0A8E,
0x8642, 0x0A92,
0x063E, 0x0A8E,
0x05CF, 0x0A79,
0x85CF, 0x0A79,
0x85D3, 0x0A7D,
0x05CF, 0x0A79,
0x05D4, 0x0A7A,
0x85D4, 0x0A7A,
0x85D8, 0x0A7E,
0x05D4, 0x0A7A,
0x05DD, 0x0A7A,
0x85DD, 0x0A7A,
0x85E1, 0x0A7E,
0x05DD, 0x0A7A,
0x05E9, 0x0A7D,
0x85E9, 0x0A7D,
0x85ED, 0x0A81,
0x05E9, 0x0A7D,
0x05F5, 0x0A7D,
0x85F5, 0x0A7D,
0x85F9, 0x0A81,
0x05F5, 0x0A7D,
0x05DC, 0x0A81,
0x85DC, 0x0A81,
0x85E0, 0x0A85,
0x05DC, 0x0A81,
0x05E7, 0x0A80,
0x85E7, 0x0A80,
0x85EB, 0x0A84,
0x05E7, 0x0A80,
0x05F8, 0x0A7D,
0x85F8, 0x0A7D,
0x85FC, 0x0A82,
0x05F8, 0x0A7D,
0x05ED, 0x0A81,
0x85ED, 0x0A81,
0x85F1, 0x0A85,
0x05ED, 0x0A81,
0x0604, 0x0A81,
0x8604, 0x0A81,
0x8608, 0x0A86,
0x0604, 0x0A81,
0x05F6, 0x0A81,
0x85F6, 0x0A81,
0x85FB, 0x0A85,
0x05F6, 0x0A81,
0x0602, 0x0A83,
0x8602, 0x0A83,
0x8606, 0x0A87,
0x0602, 0x0A83,
0x0607, 0x0A83,
0x8607, 0x0A83,
0x860B, 0x0A87,
0x0607, 0x0A83,
0x060F, 0x0A83,
0x860F, 0x0A83,
0x8613, 0x0A87,
0x060F, 0x0A83,
0x0615, 0x0A83,
0x8615, 0x0A83,
0x8619, 0x0A87,
0x0615, 0x0A83,
0x0613, 0x0A84,
0x8613, 0x0A84,
0x8617, 0x0A88,
0x0613, 0x0A84,
0x05BC, 0x0A70,
0x85BC, 0x0A70,
0x85C0, 0x0A74,
0x05BC, 0x0A70,
0x05B6, 0x0A72,
0x85B6, 0x0A72,
0x85BA, 0x0A76,
0x05B6, 0x0A72,
0x05BC, 0x0A70,
0x85BC, 0x0A70,
0x85C1, 0x0A74,
0x05BC, 0x0A70,
0x05BA, 0x0A73,
0x85BA, 0x0A73,
0x85BE, 0x0A77,
0x05BA, 0x0A73,
0x05C3, 0x0A73,
0x85C3, 0x0A73,
0x85C7, 0x0A77,
0x05C3, 0x0A73,
0x05BC, 0x0A74,
0x85BC, 0x0A74,
0x85C0, 0x0A78,
0x05BC, 0x0A74,
0x05CD, 0x0A73,
0x85CD, 0x0A73,
0x85D1, 0x0A77,
0x05CD, 0x0A73,
0x05AF, 0x0A76,
0x85AF, 0x0A76,
0x85B4, 0x0A7A,
0x05AF, 0x0A76,
0x05C1, 0x0A75,
0x85C1, 0x0A75,
0x85C5, 0x0A79,
0x05C1, 0x0A75,
0x05D3, 0x0A74,
0x85D3, 0x0A74,
0x85D7, 0x0A78,
0x05D3, 0x0A74,
0x05BF, 0x0A76,
0x85BF, 0x0A76,
0x85C3, 0x0A7A,
0x05BF, 0x0A76,
0x059A, 0x0A67,
0x859A, 0x0A67,
0x859E, 0x0A6B,
0x059A, 0x0A67,
0x0588, 0x0A68,
0x8588, 0x0A68,
0x858C, 0x0A6D,
0x0588, 0x0A68,
0x058B, 0x0A6A,
0x858B, 0x0A6A,
0x858F, 0x0A6E,
0x058B, 0x0A6A,
0x05A8, 0x0A68,
0x85A8, 0x0A68,
0x85AC, 0x0A6C,
0x05A8, 0x0A68,
0x0596, 0x0A6A,
0x8596, 0x0A6A,
0x859A, 0x0A6E,
0x0596, 0x0A6A,
0x059C, 0x0A6A,
0x859C, 0x0A6A,
0x85A0, 0x0A6E,
0x059C, 0x0A6A,
0x05A3, 0x0A69,
0x85A3, 0x0A69,
0x85A7, 0x0A6D,
0x05A3, 0x0A69,
0x059D, 0x0A6A,
0x859D, 0x0A6A,
0x85A1, 0x0A6E,
0x059D, 0x0A6A,
0x0595, 0x0A6A,
0x8595, 0x0A6A,
0x8599, 0x0A6E,
0x0595, 0x0A6A,
0x05A0, 0x0A70,
0x85A0, 0x0A70,
0x85A4, 0x0A74,
0x05A0, 0x0A70,
0x059E, 0x0A6B,
0x859E, 0x0A6B,
0x85A2, 0x0A6F,
0x059E, 0x0A6B,
0x05AD, 0x0A6E,
0x85AD, 0x0A6E,
0x85B1, 0x0A72,
0x05AD, 0x0A6E,
0x0598, 0x0A64,
0x8598, 0x0A64,
0x859C, 0x0A68,
0x0598, 0x0A64,
0x058B, 0x0A65,
0x858B, 0x0A65,
0x858F, 0x0A69,
0x058B, 0x0A65,
0x0595, 0x0A66,
0x8595, 0x0A66,
0x8599, 0x0A6A,
0x0595, 0x0A66,
0x058B, 0x0A66,
0x858B, 0x0A66,
0x8590, 0x0A6A,
0x058B, 0x0A66,
0x058E, 0x0A64,
0x858E, 0x0A64,
0x8592, 0x0A68,
0x058E, 0x0A64,
0x058E, 0x0A64,
0x858E, 0x0A64,
0x8592, 0x0A68,
0x058E, 0x0A64,
0x0571, 0x0A61,
0x8571, 0x0A61,
0x8575, 0x0A65,
0x0571, 0x0A61,
0x0582, 0x0A62,
0x8582, 0x0A62,
0x8587, 0x0A66,
0x0582, 0x0A62,
0x057D, 0x0A5D,
0x857D, 0x0A5D,
0x8581, 0x0A61,
0x057D, 0x0A5D,
0x0572, 0x0A5E,
0x8572, 0x0A5E,
0x8576, 0x0A62,
0x0572, 0x0A5E,
0x056D, 0x0A5D,
0x856D, 0x0A5D,
0x8572, 0x0A61,
0x056D, 0x0A5D,
0x056D, 0x0A5C,
0x856D, 0x0A5C,
0x8571, 0x0A60,
0x056D, 0x0A5C,
0x0579, 0x0A5C,
0x8579, 0x0A5C,
0x857E, 0x0A60,
0x0579, 0x0A5C,
0x056D, 0x0A5B,
0x856D, 0x0A5B,
0x8571, 0x0A5F,
0x056D, 0x0A5B,
0x056C, 0x0A5B,
0x856C, 0x0A5B,
0x8571, 0x0A5F,
0x056C, 0x0A5B,
0x056A, 0x0A5C,
0x856A, 0x0A5C,
0x856E, 0x0A60,
0x056A, 0x0A5C,
0x0565, 0x0A5A,
0x8565, 0x0A5A,
0x8569, 0x0A5E,
0x0565, 0x0A5A,
0x056F, 0x0A58,
0x856F, 0x0A58,
0x8573, 0x0A5C,
0x056F, 0x0A58,
0x056E, 0x0A5B,
0x856E, 0x0A5B,
0x8572, 0x0A5F,
0x056E, 0x0A5B,
0x056A, 0x0A5A,
0x856A, 0x0A5A,
0x856E, 0x0A5F,
0x056A, 0x0A5A,
0x0567, 0x0A58,
0x8567, 0x0A58,
0x856C, 0x0A5C,
0x0567, 0x0A58,
0x055C, 0x0A57,
0x855C, 0x0A57,
0x8560, 0x0A5B,
0x055C, 0x0A57,
0x054A, 0x0A54,
0x854A, 0x0A54,
0x854E, 0x0A58,
0x054A, 0x0A54,
0x0537, 0x0A56,
0x8537, 0x0A56,
0x853B, 0x0A5B,
0x0537, 0x0A56,
0x0542, 0x0A54,
0x8542, 0x0A54,
0x8546, 0x0A58,
0x0542, 0x0A54,
0x0556, 0x0A51,
0x8556, 0x0A51,
0x855B, 0x0A55,
0x0556, 0x0A51,
0x054D, 0x0A52,
0x854D, 0x0A52,
0x8551, 0x0A56,
0x054D, 0x0A52,
0x053A, 0x0A51,
0x853A, 0x0A51,
0x853E, 0x0A56,
0x053A, 0x0A51,
0x0546, 0x0A4E,
0x8546, 0x0A4E,
0x854A, 0x0A52,
0x0546, 0x0A4E,
0x053C, 0x0A52,
0x853C, 0x0A52,
0x8540, 0x0A56,
0x053C, 0x0A52,
0x053F, 0x0A4E,
0x853F, 0x0A4E,
0x8543, 0x0A52,
0x053F, 0x0A4E,
0x0540, 0x0A4C,
0x8540, 0x0A4C,
0x8544, 0x0A50,
0x0540, 0x0A4C,
0x0546, 0x0A4D,
0x8546, 0x0A4D,
0x854A, 0x0A51,
0x0546, 0x0A4D,
0x053A, 0x0A4B,
0x853A, 0x0A4B,
0x853E, 0x0A4F,
0x053A, 0x0A4B,
0x0539, 0x0A48,
0x8539, 0x0A48,
0x853D, 0x0A4C,
0x0539, 0x0A48,
0x0538, 0x0A4E,
0x8538, 0x0A4E,
0x853C, 0x0A52,
0x0538, 0x0A4E,
0x052E, 0x0A4A,
0x852E, 0x0A4A,
0x8532, 0x0A4E,
0x052E, 0x0A4A,
0x0537, 0x0A47,
0x8537, 0x0A47,
0x853B, 0x0A4B,
0x0537, 0x0A47,
0x0539, 0x0A4B,
0x8539, 0x0A4B,
0x853D, 0x0A4F,
0x0539, 0x0A4B,
0x0540, 0x0A4C,
0x8540, 0x0A4C,
0x8544, 0x0A50,
0x0540, 0x0A4C,
0x0522, 0x0A48,
0x8522, 0x0A48,
0x8526, 0x0A4C,
0x0522, 0x0A48,
0x0525, 0x0A48,
0x8525, 0x0A48,
0x8529, 0x0A4C,
0x0525, 0x0A48,
0x04F0, 0x0A3C,
0x84F0, 0x0A3C,
0x84F4, 0x0A40,
0x04F0, 0x0A3C,
0x04F2, 0x0A35,
0x84F2, 0x0A35,
0x84F7, 0x0A39,
0x04F2, 0x0A35,
0x04F5, 0x0A44,
0x84F5, 0x0A44,
0x84F9, 0x0A48,
0x04F5, 0x0A44,
0x04F2, 0x0A33,
0x84F2, 0x0A33,
0x84F6, 0x0A37,
0x04F2, 0x0A33,
0x04FC, 0x0A35,
0x84FC, 0x0A35,
0x8500, 0x0A39,
0x04FC, 0x0A35,
0x04F2, 0x0A4E,
0x84F2, 0x0A4E,
0x84F6, 0x0A52,
0x04F2, 0x0A4E,
0x04F5, 0x0A46,
0x84F5, 0x0A46,
0x84F9, 0x0A4A,
0x04F5, 0x0A46,
0x04F7, 0x0A34,
0x84F7, 0x0A34,
0x84FB, 0x0A38,
0x04F7, 0x0A34,
0x04F4, 0x0A36,
0x84F4, 0x0A36,
0x84F8, 0x0A3A,
0x04F4, 0x0A36,
0x04F3, 0x0A40,
0x84F3, 0x0A40,
0x84F7, 0x0A44,
0x04F3, 0x0A40,
0x0508, 0x0A37,
0x8508, 0x0A37,
0x850C, 0x0A3B,
0x0508, 0x0A37,
0x04F5, 0x0A56,
0x84F5, 0x0A56,
0x84F9, 0x0A5A,
0x04F5, 0x0A56,
0x0515, 0x0A42,
0x8515, 0x0A42,
0x8519, 0x0A46,
0x0515, 0x0A42,
0x0516, 0x0A41,
0x8516, 0x0A41,
0x851B, 0x0A45,
0x0516, 0x0A41,
0x0503, 0x0A50,
0x8503, 0x0A50,
0x8507, 0x0A55,
0x0503, 0x0A50,
0x0506, 0x0A50,
0x8506, 0x0A50,
0x850B, 0x0A54,
0x0506, 0x0A50,
0x051B, 0x0A45,
0x851B, 0x0A45,
0x851F, 0x0A49,
0x051B, 0x0A45,
0x0509, 0x0A4E,
0x8509, 0x0A4E,
0x850D, 0x0A52,
0x0509, 0x0A4E,
0x051A, 0x0A48,
0x851A, 0x0A48,
0x851E, 0x0A4C,
0x051A, 0x0A48,
0x04F6, 0x0AA1,
0x84F6, 0x0AA1,
0x84FA, 0x0AA6,
0x04F6, 0x0AA1,
0x04EF, 0x0AC4,
0x84EF, 0x0AC4,
0x84F3, 0x0AC8,
0x04EF, 0x0AC4
};

const unsigned short draw_20[] PROGMEM = {
0x0BE4, 0x0A2D,
0x8BE4, 0x0A2D,
0x8BEB, 0x0A2F,
0x8BEE, 0x0A38,
0x8BF3, 0x0A3F,
0x8BF3, 0x0A47,
0x8BF3, 0x0A4F,
0x8BF6, 0x0A57,
0x8BF3, 0x0A5E,
0x8BF3, 0x0A67,
0x8BF3, 0x0A6F,
0x8BF3, 0x0A78,
0x8BF4, 0x0A80,
0x8BF3, 0x0A88,
0x8BF3, 0x0A91,
0x8BF3, 0x0A99,
0x8BF3, 0x0AA1,
0x8BF3, 0x0AAA,
0x8BF3, 0x0AB2,
0x8BF6, 0x0AB9,
0x8BFE, 0x0ABC,
0x8C07, 0x0ABC,
0x8C0E, 0x0ABA,
0x8C16, 0x0ABB,
0x8C1E, 0x0ABD,
0x8C27, 0x0ABD,
0x8C2F, 0x0ABD,
0x8C38, 0x0ABD,
0x8C40, 0x0ABC,
0x8C48, 0x0AC0,
0x8C4F, 0x0ABE,
0x8C57, 0x0ABE,
0x8C5E, 0x0AC0,
0x8C67, 0x0AC1,
0x8C6E, 0x0ABF,
0x8C77, 0x0ABC,
0x8C7E, 0x0ABD,
0x8C86, 0x0AC1,
0x8C8F, 0x0AC0,
0x8C97, 0x0AC0,
0x8C9F, 0x0AC1,
0x8CA8, 0x0AC1,
0x8CB0, 0x0AC1,
0x8CB7, 0x0AC5,
0x8CC0, 0x0AC5,
0x8CC8, 0x0AC5,
0x8CD0, 0x0AC5,
0x8CD9, 0x0AC5,
0x8CE1, 0x0AC6,
0x8CE9, 0x0AC5,
0x8CF1, 0x0AC5,
0x8CF9, 0x0AC6,
0x8D00, 0x0AC9,
0x8D01, 0x0AD1,
0x8CFF, 0x0AD9,
0x8CF7, 0x0ADB,
0x8CEF, 0x0ADB,
0x8CE6, 0x0ADB,
0x8CDE, 0x0ADC,
0x8CD6, 0x0ADB,
0x8CCD, 0x0ADB,
0x8CC5, 0x0ADC,
0x8CBC, 0x0ADC,
0x8CB5, 0x0ADA,
0x8CAD, 0x0AD9,
0x8CA4, 0x0AD9,
0x8C9C, 0x0AD8,
0x8C94, 0x0AD9,
0x8C8B, 0x0AD9,
0x8C84, 0x0AD5,
0x8C7B, 0x0AD5,
0x8C73, 0x0AD5,
0x8C6B, 0x0AD5,
0x8C63, 0x0AD9,
0x8C5B, 0x0AD9,
0x8C53, 0x0AD8,
0x8C4B, 0x0AD9,
0x8C43, 0x0AD7,
0x8C3B, 0x0AD5,
0x8C33, 0x0AD5,
0x8C2B, 0x0AD5,
0x8C22, 0x0AD4,
0x8C1B, 0x0AD1,
0x8C13, 0x0AD1,
0x8C0B, 0x0AD1,
0x8C04, 0x0AD5,
0x8BFB, 0x0AD5,
0x8BF4, 0x0AD7,
0x8BF4, 0x0ADF,
0x8BF3, 0x0AE7,
0x8BF3, 0x0AEF,
0x8BF3, 0x0AF8,
0x8BF4, 0x0B00,
0x8BF7, 0x0B08,
0x8BF7, 0x0B10,
0x8BF9, 0x0B18,
0x8BFE, 0x0B1E,
0x8C00, 0x0B27,
0x8C04, 0x0B2E,
0x8C06, 0x0B35,
0x8BF6, 0x0B3B,
0x8BF3, 0x0B33,
0x8BEE, 0x0B2F,
0x8BEC, 0x0B38,
0x8BEB, 0x0B40,
0x8BEB, 0x0B48,
0x8BE9, 0x0B4F,
0x8BF1, 0x0B50,
0x8BF9, 0x0B50,
0x8BFC, 0x0B49,
0x8BF7, 0x0B43,
0x8BF6, 0x0B3B,
0x8C06, 0x0B35,
0x8C0B, 0x0B3B,
0x8C10, 0x0B43,
0x8C16, 0x0B49,
0x8C1A, 0x0B50,
0x8C1D, 0x0B58,
0x8C19, 0x0B5E,
0x8C13, 0x0B63,
0x8C0A, 0x0B64,
0x8C02, 0x0B64,
0x8BF9, 0x0B64,
0x8BF1, 0x0B66,
0x8BEA, 0x0B68,
0x8BE2, 0x0B69,
0x8BDA, 0x0B6B,
0x8BD2, 0x0B69,
0x8BCA, 0x0B68,
0x8BC2, 0x0B63,
0x8BC1, 0x0B5C,
0x8BC6, 0x0B55,
0x8BCC, 0x0B4F,
0x8BD2, 0x0B49,
0x8BD6, 0x0B42,
0x8BD9, 0x0B3A,
0x8BD8, 0x0B32,
0x8BD4, 0x0B2B,
0x8BCF, 0x0B25,
0x8BC8, 0x0B1F,
0x8BC5, 0x0B18,
0x8BBF, 0x0B12,
0x8BB9, 0x0B0C,
0x8BB4, 0x0B05,
0x8BAF, 0x0AFF,
0x8BA9, 0x0AFA,
0x8BA3, 0x0AF5,
0x8B9D, 0x0AEF,
0x8B97, 0x0AE9,
0x8B8F, 0x0AE6,
0x8B88, 0x0AE2,
0x8B81, 0x0ADE,
0x8B7B, 0x0AD9,
0x8B73, 0x0AD5,
0x8B6D, 0x0AD0,
0x8B68, 0x0ACA,
0x8B63, 0x0AC3,
0x8B66, 0x0ABC,
0x8B6B, 0x0AB5,
0x8B72, 0x0AB2,
0x8B7A, 0x0AB1,
0x8B81, 0x0AAE,
0x8B87, 0x0AA8,
0x8B95, 0x0AB2,
0x8B91, 0x0ABA,
0x8B8C, 0x0ABF,
0x8B89, 0x0AC7,
0x8B8E, 0x0ACB,
0x8B96, 0x0AD0,
0x8B99, 0x0ACA,
0x8B99, 0x0AC2,
0x8B99, 0x0ABA,
0x8B98, 0x0AB3,
0x8B95, 0x0AB2,
0x8B87, 0x0AA8,
0x8B8D, 0x0AA2,
0x8B91, 0x0A9B,
0x8B98, 0x0A96,
0x8B9E, 0x0A91,
0x8BA4, 0x0A8B,
0x8BAA, 0x0A85,
0x8BB1, 0x0A81,
0x8BB8, 0x0A7B,
0x8BBB, 0x0A74,
0x8BBF, 0x0A6D,
0x8BC4, 0x0A66,
0x8BCA, 0x0A61,
0x8BD4, 0x0A6F,
0x8BCF, 0x0A76,
0x8BCB, 0x0A7D,
0x8BC7, 0x0A84,
0x8BC2, 0x0A8A,
0x8BBC, 0x0A8F,
0x8BB6, 0x0A94,
0x8BAF, 0x0A99,
0x8BAB, 0x0AA0,
0x8BAC, 0x0AA8,
0x8BAC, 0x0AB1,
0x8BAC, 0x0AB9,
0x8BAC, 0x0AC1,
0x8BAC, 0x0AC9,
0x8BB0, 0x0ACF,
0x8BB1, 0x0AD7,
0x8BB2, 0x0AE0,
0x8BB5, 0x0AE7,
0x8BBA, 0x0AED,
0x8BC0, 0x0AF2,
0x8BC6, 0x0AF8,
0x8BCC, 0x0AFE,
0x8BD2, 0x0B04,
0x8BD6, 0x0B0B,
0x8BDB, 0x0B0A,
0x8BDB, 0x0B01,
0x8BDE, 0x0AFA,
0x8BDD, 0x0AF2,
0x8BDB, 0x0AEA,
0x8BDB, 0x0AE3,
0x8BDE, 0x0ADB,
0x8BDE, 0x0AD2,
0x8BDE, 0x0ACA,
0x8BDE, 0x0AC2,
0x8BDE, 0x0ABA,
0x8BDE, 0x0AB2,
0x8BDE, 0x0AAA,
0x8BDE, 0x0AA1,
0x8BDE, 0x0A99,
0x8BDE, 0x0A91,
0x8BDE, 0x0A89,
0x8BDE, 0x0A81,
0x8BDE, 0x0A78,
0x8BDF, 0x0A70,
0x8BDD, 0x0A69,
0x8BDB, 0x0A69,
0x8BD4, 0x0A6F,
0x8BCA, 0x0A61,
0x8BD0, 0x0A5B,
0x8BD6, 0x0A55,
0x8BDA, 0x0A4E,
0x8BDE, 0x0A47,
0x8BDF, 0x0A3E,
0x8BDF, 0x0A36,
0x8BE1, 0x0A2E,
0x8BE4, 0x0A2D,
0x0BE4, 0x0A2D,
0x0BF4, 0x0ACA,
0x8BF4, 0x0ACA,
0x8BF8, 0x0ACE,
0x0BF4, 0x0ACA,
0x0BF4, 0x0ABF,
0x8BF4, 0x0ABF,
0x8BF8, 0x0AC4,
0x0BF4, 0x0ABF,
0x0BF3, 0x0ACD,
0x8BF3, 0x0ACD,
0x8BF7, 0x0AD2,
0x0BF3, 0x0ACD,
0x0BF3, 0x0AC7,
0x8BF3, 0x0AC7,
0x8BF7, 0x0ACB,
0x0BF3, 0x0AC7,
0x0BF3, 0x0ACE,
0x8BF3, 0x0ACE,
0x8BF8, 0x0AD2,
0x0BF3, 0x0ACE,
0x0BF3, 0x0AC6,
0x8BF3, 0x0AC6,
0x8BF7, 0x0ACA,
0x0BF3, 0x0AC6,
0x0BF3, 0x0AC1,
0x8BF3, 0x0AC1,
0x8BF7, 0x0AC5,
0x0BF3, 0x0AC1,
0x0BF5, 0x0AC3,
0x8BF5, 0x0AC3,
0x8BFA, 0x0AC7,
0x0BF5, 0x0AC3,
0x0BF3, 0x0ABE,
0x8BF3, 0x0ABE,
0x8BF7, 0x0AC2,
0x0BF3, 0x0ABE,
0x0BF7, 0x0ACD,
0x8BF7, 0x0ACD,
0x8BFB, 0x0AD1,
0x0BF7, 0x0ACD,
0x0BFC, 0x0AC5,
0x8BFC, 0x0AC5,
0x8C01, 0x0AC9,
0x0BFC, 0x0AC5,
0x0C01, 0x0AC5,
0x8C01, 0x0AC5,
0x8C05, 0x0AC9,
0x0C01, 0x0AC5,
0x0C01, 0x0AC4,
0x8C01, 0x0AC4,
0x8C05, 0x0AC8,
0x0C01, 0x0AC4,
0x0C04, 0x0AC3,
0x8C04, 0x0AC3,
0x8C08, 0x0AC7,
0x0C04, 0x0AC3,
0x0C10, 0x0AC8,
0x8C10, 0x0AC8,
0x8C14, 0x0ACC,
0x0C10, 0x0AC8,
0x0C0D, 0x0AC5,
0x8C0D, 0x0AC5,
0x8C11, 0x0AC9,
0x0C0D, 0x0AC5,
0x0C13, 0x0AC2,
0x8C13, 0x0AC2,
0x8C17, 0x0AC6,
0x0C13, 0x0AC2,
0x0C12, 0x0AC2,
0x8C12, 0x0AC2,
0x8C16, 0x0AC6,
0x0C12, 0x0AC2,
0x0C11, 0x0AC9,
0x8C11, 0x0AC9,
0x8C15, 0x0ACD,
0x0C11, 0x0AC9,
0x0C13, 0x0AC2,
0x8C13, 0x0AC2,
0x8C18, 0x0AC6,
0x0C13, 0x0AC2,
0x0C13, 0x0AC5,
0x8C13, 0x0AC5,
0x8C17, 0x0AC9,
0x0C13, 0x0AC5,
0x0C22, 0x0ACD,
0x8C22, 0x0ACD,
0x8C26, 0x0AD1,
0x0C22, 0x0ACD,
0x0C25, 0x0ACD,
0x8C25, 0x0ACD,
0x8C29, 0x0AD1,
0x0C25, 0x0ACD,
0x0C29, 0x0ACD,
0x8C29, 0x0ACD,
0x8C2D, 0x0AD1,
0x0C29, 0x0ACD,
0x0C24, 0x0AC5,
0x8C24, 0x0AC5,
0x8C28, 0x0AC9,
0x0C24, 0x0AC5,
0x0C52, 0x0AC8,
0x8C52, 0x0AC8,
0x8C56, 0x0ACC,
0x0C52, 0x0AC8,
0x0C53, 0x0AC3,
0x8C53, 0x0AC3,
0x8C57, 0x0AC7,
0x0C53, 0x0AC3,
0x0C55, 0x0AC4,
0x8C55, 0x0AC4,
0x8C59, 0x0AC8,
0x0C55, 0x0AC4,
0x0C55, 0x0AC3,
0x8C55, 0x0AC3,
0x8C5A, 0x0AC8,
0x0C55, 0x0AC3,
0x0C48, 0x0AC4,
0x8C48, 0x0AC4,
0x8C4C, 0x0AC8,
0x0C48, 0x0AC4,
0x0C49, 0x0ACB,
0x8C49, 0x0ACB,
0x8C4D, 0x0ACF,
0x0C49, 0x0ACB,
0x0C52, 0x0AC5,
0x8C52, 0x0AC5,
0x8C56, 0x0AC9,
0x0C52, 0x0AC5,
0x0C51, 0x0AC7,
0x8C51, 0x0AC7,
0x8C55, 0x0ACB,
0x0C51, 0x0AC7,
0x0C48, 0x0AC7,
0x8C48, 0x0AC7,
0x8C4C, 0x0ACB,
0x0C48, 0x0AC7,
0x0C4D, 0x0ACD,
0x8C4D, 0x0ACD,
0x8C51, 0x0AD1,
0x0C4D, 0x0ACD,
0x0C42, 0x0AC9,
0x8C42, 0x0AC9,
0x8C46, 0x0ACD,
0x0C42, 0x0AC9,
0x0C40, 0x0ACE,
0x8C40, 0x0ACE,
0x8C44, 0x0AD2,
0x0C40, 0x0ACE,
0x0C53, 0x0AC1,
0x8C53, 0x0AC1,
0x8C57, 0x0AC6,
0x0C53, 0x0AC1,
0x0C3E, 0x0AC5,
0x8C3E, 0x0AC5,
0x8C42, 0x0AC9,
0x0C3E, 0x0AC5,
0x0C49, 0x0AC4,
0x8C49, 0x0AC4,
0x8C4D, 0x0AC8,
0x0C49, 0x0AC4,
0x0C3A, 0x0AC9,
0x8C3A, 0x0AC9,
0x8C3E, 0x0ACD,
0x0C3A, 0x0AC9,
0x0C48, 0x0AC7,
0x8C48, 0x0AC7,
0x8C4C, 0x0ACB,
0x0C48, 0x0AC7,
0x0C35, 0x0AC2,
0x8C35, 0x0AC2,
0x8C39, 0x0AC6,
0x0C35, 0x0AC2,
0x0C37, 0x0AC1,
0x8C37, 0x0AC1,
0x8C3B, 0x0AC5,
0x0C37, 0x0AC1,
0x0C35, 0x0AC4,
0x8C35, 0x0AC4,
0x8C39, 0x0AC8,
0x0C35, 0x0AC4,
0x0C2C, 0x0AC3,
0x8C2C, 0x0AC3,
0x8C30, 0x0AC7,
0x0C2C, 0x0AC3,
0x0C32, 0x0AC4,
0x8C32, 0x0AC4,
0x8C36, 0x0AC8,
0x0C32, 0x0AC4,
0x0C2D, 0x0AC1,
0x8C2D, 0x0AC1,
0x8C31, 0x0AC5,
0x0C2D, 0x0AC1,
0x0C7C, 0x0AC2,
0x8C7C, 0x0AC2,
0x8C80, 0x0AC6,
0x0C7C, 0x0AC2,
0x0C7D, 0x0ACB,
0x8C7D, 0x0ACB,
0x8C81, 0x0ACF,
0x0C7D, 0x0ACB,
0x0C79, 0x0AC4,
0x8C79, 0x0AC4,
0x8C7E, 0x0AC8,
0x0C79, 0x0AC4,
0x0C76, 0x0AC9,
0x8C76, 0x0AC9,
0x8C7A, 0x0ACD,
0x0C76, 0x0AC9,
0x0C78, 0x0AC0,
0x8C78, 0x0AC0,
0x8C7C, 0x0AC5,
0x0C78, 0x0AC0,
0x0C71, 0x0AC4,
0x8C71, 0x0AC4,
0x8C75, 0x0AC8,
0x0C71, 0x0AC4,
0x0C69, 0x0AC8,
0x8C69, 0x0AC8,
0x8C6D, 0x0ACC,
0x0C69, 0x0AC8,
0x0C79, 0x0AC2,
0x8C79, 0x0AC2,
0x8C7D, 0x0AC6,
0x0C79, 0x0AC2,
0x0C6B, 0x0AC6,
0x8C6B, 0x0AC6,
0x8C6F, 0x0ACA,
0x0C6B, 0x0AC6,
0x0C6F, 0x0ACB,
0x8C6F, 0x0ACB,
0x8C73, 0x0ACF,
0x0C6F, 0x0ACB,
0x0C5F, 0x0ACE,
0x8C5F, 0x0ACE,
0x8C63, 0x0AD2,
0x0C5F, 0x0ACE,
0x0C59, 0x0ACE,
0x8C59, 0x0ACE,
0x8C5E, 0x0AD3,
0x0C59, 0x0ACE,
0x0C85, 0x0AC8,
0x8C85, 0x0AC8,
0x8C89, 0x0ACC,
0x0C85, 0x0AC8,
0x0C81, 0x0ACA,
0x8C81, 0x0ACA,
0x8C86, 0x0ACE,
0x0C81, 0x0ACA,
0x0C8B, 0x0ACA,
0x8C8B, 0x0ACA,
0x8C8F, 0x0ACE,
0x0C8B, 0x0ACA,
0x0C93, 0x0AC4,
0x8C93, 0x0AC4,
0x8C97, 0x0AC8,
0x0C93, 0x0AC4,
0x0C88, 0x0AC9,
0x8C88, 0x0AC9,
0x8C8D, 0x0ACD,
0x0C88, 0x0AC9,
0x0C89, 0x0AC8,
0x8C89, 0x0AC8,
0x8C8E, 0x0ACC,
0x0C89, 0x0AC8,
0x0C8B, 0x0AC5,
0x8C8B, 0x0AC5,
0x8C8F, 0x0AC9,
0x0C8B, 0x0AC5,
0x0C8C, 0x0AD1,
0x8C8C, 0x0AD1,
0x8C90, 0x0AD5,
0x0C8C, 0x0AD1,
0x0C96, 0x0AC5,
0x8C96, 0x0AC5,
0x8C9A, 0x0AC9,
0x0C96, 0x0AC5,
0x0CA0, 0x0AC6,
0x8CA0, 0x0AC6,
0x8CA4, 0x0ACB,
0x0CA0, 0x0AC6,
0x0C98, 0x0ACE,
0x8C98, 0x0ACE,
0x8C9C, 0x0AD2,
0x0C98, 0x0ACE,
0x0C8F, 0x0ACD,
0x8C8F, 0x0ACD,
0x8C93, 0x0AD1,
0x0C8F, 0x0ACD,
0x0C93, 0x0AD1,
0x8C93, 0x0AD1,
0x8C97, 0x0AD5,
0x0C93, 0x0AD1,
0x0C90, 0x0AC4,
0x8C90, 0x0AC4,
0x8C94, 0x0AC9,
0x0C90, 0x0AC4,
0x0C96, 0x0ACD,
0x8C96, 0x0ACD,
0x8C9A, 0x0AD1,
0x0C96, 0x0ACD,
0x0C9B, 0x0ACB,
0x8C9B, 0x0ACB,
0x8C9F, 0x0ACF,
0x0C9B, 0x0ACB,
0x0C93, 0x0AC9,
0x8C93, 0x0AC9,
0x8C97, 0x0ACD,
0x0C93, 0x0AC9,
0x0C95, 0x0ACB,
0x8C95, 0x0ACB,
0x8C99, 0x0ACF,
0x0C95, 0x0ACB,
0x0CA2, 0x0AC8,
0x8CA2, 0x0AC8,
0x8CA6, 0x0ACC,
0x0CA2, 0x0AC8,
0x0CB3, 0x0AC8,
0x8CB3, 0x0AC8,
0x8CB7, 0x0ACC,
0x0CB3, 0x0AC8,
0x0CB2, 0x0AC9,
0x8CB2, 0x0AC9,
0x8CB6, 0x0ACD,
0x0CB2, 0x0AC9,
0x0CAE, 0x0AD1,
0x8CAE, 0x0AD1,
0x8CB2, 0x0AD5,
0x0CAE, 0x0AD1,
0x0CA7, 0x0AD0,
0x8CA7, 0x0AD0,
0x8CAB, 0x0AD4,
0x0CA7, 0x0AD0,
0x0CB3, 0x0AD0,
0x8CB3, 0x0AD0,
0x8CB7, 0x0AD4,
0x0CB3, 0x0AD0,
0x0CBA, 0x0ACD,
0x8CBA, 0x0ACD,
0x8CBE, 0x0AD1,
0x0CBA, 0x0ACD,
0x0CC1, 0x0ACA,
0x8CC1, 0x0ACA,
0x8CC5, 0x0ACE,
0x0CC1, 0x0ACA,
0x0CBB, 0x0AD3,
0x8CBB, 0x0AD3,
0x8CBF, 0x0AD7,
0x0CBB, 0x0AD3,
0x0CC0, 0x0ACE,
0x8CC0, 0x0ACE,
0x8CC4, 0x0AD2,
0x0CC0, 0x0ACE,
0x0CC0, 0x0ACB,
0x8CC0, 0x0ACB,
0x8CC4, 0x0ACF,
0x0CC0, 0x0ACB,
0x0CBE, 0x0ACE,
0x8CBE, 0x0ACE,
0x8CC2, 0x0AD2,
0x0CBE, 0x0ACE,
0x0CC3, 0x0ACF,
0x8CC3, 0x0ACF,
0x8CC7, 0x0AD3,
0x0CC3, 0x0ACF,
0x0CC1, 0x0AD3,
0x8CC1, 0x0AD3,
0x8CC5, 0x0AD7,
0x0CC1, 0x0AD3,
0x0CC3, 0x0ACC,
0x8CC3, 0x0ACC,
0x8CC7, 0x0AD0,
0x0CC3, 0x0ACC,
0x0CC1, 0x0ACC,
0x8CC1, 0x0ACC,
0x8CC5, 0x0AD0,
0x0CC1, 0x0ACC,
0x0CC6, 0x0ACA,
0x8CC6, 0x0ACA,
0x8CCA, 0x0ACE,
0x0CC6, 0x0ACA,
0x0CC4, 0x0AD3,
0x8CC4, 0x0AD3,
0x8CC8, 0x0AD7,
0x0CC4, 0x0AD3,
0x0CC9, 0x0ACA,
0x8CC9, 0x0ACA,
0x8CCD, 0x0ACE,
0x0CC9, 0x0ACA,
0x0CCD, 0x0AD0,
0x8CCD, 0x0AD0,
0x8CD1, 0x0AD4,
0x0CCD, 0x0AD0,
0x0CD1, 0x0AD2,
0x8CD1, 0x0AD2,
0x8CD5, 0x0AD6,
0x0CD1, 0x0AD2,
0x0CC8, 0x0AD2,
0x8CC8, 0x0AD2,
0x8CCC, 0x0AD6,
0x0CC8, 0x0AD2,
0x0CC4, 0x0ACA,
0x8CC4, 0x0ACA,
0x8CC8, 0x0ACE,
0x0CC4, 0x0ACA,
0x0CCC, 0x0AD1,
0x8CCC, 0x0AD1,
0x8CD0, 0x0AD5,
0x0CCC, 0x0AD1,
0x0CCF, 0x0AD4,
0x8CCF, 0x0AD4,
0x8CD3, 0x0AD8,
0x0CCF, 0x0AD4,
0x0CD5, 0x0AD3,
0x8CD5, 0x0AD3,
0x8CD9, 0x0AD7,
0x0CD5, 0x0AD3,
0x0CE3, 0x0AC9,
0x8CE3, 0x0AC9,
0x8CE7, 0x0ACE,
0x0CE3, 0x0AC9,
0x0CDA, 0x0AD1,
0x8CDA, 0x0AD1,
0x8CDE, 0x0AD5,
0x0CDA, 0x0AD1,
0x0CEB, 0x0ACF,
0x8CEB, 0x0ACF,
0x8CEF, 0x0AD3,
0x0CEB, 0x0ACF,
0x0CE4, 0x0AD3,
0x8CE4, 0x0AD3,
0x8CE8, 0x0AD7,
0x0CE4, 0x0AD3,
0x0CF0, 0x0ACC,
0x8CF0, 0x0ACC,
0x8CF4, 0x0AD0,
0x0CF0, 0x0ACC,
0x0CE5, 0x0ACC,
0x8CE5, 0x0ACC,
0x8CE9, 0x0AD0,
0x0CE5, 0x0ACC,
0x0CE2, 0x0ACE,
0x8CE2, 0x0ACE,
0x8CE6, 0x0AD2,
0x0CE2, 0x0ACE,
0x0CDD, 0x0AD4,
0x8CDD, 0x0AD4,
0x8CE1, 0x0AD8,
0x0CDD, 0x0AD4,
0x0CEC, 0x0ACC,
0x8CEC, 0x0ACC,
0x8CF0, 0x0AD0,
0x0CEC, 0x0ACC,
0x0CF5, 0x0ACB,
0x8CF5, 0x0ACB,
0x8CF9, 0x0ACF,
0x0CF5, 0x0ACB,
0x0CED, 0x0ACF,
0x8CED, 0x0ACF,
0x8CF1, 0x0AD3,
0x0CED, 0x0ACF,
0x0CF6, 0x0ACA,
0x8CF6, 0x0ACA,
0x8CFA, 0x0ACE,
0x0CF6, 0x0ACA,
0x0CF4, 0x0ACC,
0x8CF4, 0x0ACC,
0x8CF8, 0x0AD0,
0x0CF4, 0x0ACC,
0x0BE4, 0x0AA8,
0x8BE4, 0x0AA8,
0x8BE8, 0x0AAC,
0x0BE4, 0x0AA8,
0x0BE3, 0x0A9E,
0x8BE3, 0x0A9E,
0x8BE7, 0x0AA2,
0x0BE3, 0x0A9E,
0x0BE4, 0x0AAC,
0x8BE4, 0x0AAC,
0x8BE9, 0x0AB0,
0x0BE4, 0x0AAC,
0x0BF2, 0x0B1F,
0x8BF2, 0x0B1F,
0x8BF6, 0x0B23,
0x0BF2, 0x0B1F,
0x0BE8, 0x0B07,
0x8BE8, 0x0B07,
0x8BEC, 0x0B0C,
0x0BE8, 0x0B07,
0x0BE9, 0x0B0C,
0x8BE9, 0x0B0C,
0x8BED, 0x0B10,
0x0BE9, 0x0B0C,
0x0BE6, 0x0AFE,
0x8BE6, 0x0AFE,
0x8BEA, 0x0B02,
0x0BE6, 0x0AFE,
0x0BE1, 0x0ADE,
0x8BE1, 0x0ADE,
0x8BE5, 0x0AE2,
0x0BE1, 0x0ADE,
0x0BE3, 0x0AE0,
0x8BE3, 0x0AE0,
0x8BE7, 0x0AE4,
0x0BE3, 0x0AE0,
0x0BE6, 0x0AF3,
0x8BE6, 0x0AF3,
0x8BEA, 0x0AF7,
0x0BE6, 0x0AF3,
0x0BE3, 0x0ADF,
0x8BE3, 0x0ADF,
0x8BE8, 0x0AE3,
0x0BE3, 0x0ADF,
0x0BE4, 0x0AEA,
0x8BE4, 0x0AEA,
0x8BE8, 0x0AEE,
0x0BE4, 0x0AEA,
0x0BE3, 0x0ADF,
0x8BE3, 0x0ADF,
0x8BE7, 0x0AE4,
0x0BE3, 0x0ADF,
0x0BEC, 0x0B0F,
0x8BEC, 0x0B0F,
0x8BF0, 0x0B13,
0x0BEC, 0x0B0F,
0x0BE3, 0x0AE0,
0x8BE3, 0x0AE0,
0x8BE8, 0x0AE4,
0x0BE3, 0x0AE0,
0x0BE8, 0x0AF1,
0x8BE8, 0x0AF1,
0x8BEC, 0x0AF5,
0x0BE8, 0x0AF1,
0x0BF0, 0x0B1B,
0x8BF0, 0x0B1B,
0x8BF4, 0x0B1F,
0x0BF0, 0x0B1B,
0x0BE9, 0x0AFB,
0x8BE9, 0x0AFB,
0x8BED, 0x0AFF,
0x0BE9, 0x0AFB,
0x0BE6, 0x0AE2,
0x8BE6, 0x0AE2,
0x8BEA, 0x0AE6,
0x0BE6, 0x0AE2,
0x0BE9, 0x0AFB,
0x8BE9, 0x0AFB,
0x8BED, 0x0AFF,
0x0BE9, 0x0AFB,
0x0BE3, 0x0ADD,
0x8BE3, 0x0ADD,
0x8BE7, 0x0AE1,
0x0BE3, 0x0ADD,
0x0BE3, 0x0ACF,
0x8BE3, 0x0ACF,
0x8BE7, 0x0AD3,
0x0BE3, 0x0ACF,
0x0BE4, 0x0AF6,
0x8BE4, 0x0AF6,
0x8BE8, 0x0AFA,
0x0BE4, 0x0AF6,
0x0BEA, 0x0B1F,
0x8BEA, 0x0B1F,
0x8BEE, 0x0B23,
0x0BEA, 0x0B1F,
0x0BE8, 0x0B17,
0x8BE8, 0x0B17,
0x8BED, 0x0B1B,
0x0BE8, 0x0B17,
0x0BE5, 0x0AFF,
0x8BE5, 0x0AFF,
0x8BE9, 0x0B03,
0x0BE5, 0x0AFF,
0x0BE2, 0x0AEB,
0x8BE2, 0x0AEB,
0x8BE6, 0x0AEF,
0x0BE2, 0x0AEB,
0x0BE4, 0x0AF8,
0x8BE4, 0x0AF8,
0x8BE8, 0x0AFC,
0x0BE4, 0x0AF8,
0x0BEB, 0x0B1F,
0x8BEB, 0x0B1F,
0x8BEF, 0x0B23,
0x0BEB, 0x0B1F,
0x0BDF, 0x0AEC,
0x8BDF, 0x0AEC,
0x8BE3, 0x0AF0,
0x0BDF, 0x0AEC,
0x0BE5, 0x0B05,
0x8BE5, 0x0B05,
0x8BE9, 0x0B09,
0x0BE5, 0x0B05,
0x0BE2, 0x0AEF,
0x8BE2, 0x0AEF,
0x8BE6, 0x0AF3,
0x0BE2, 0x0AEF,
0x0BDF, 0x0AEB,
0x8BDF, 0x0AEB,
0x8BE4, 0x0AEF,
0x0BDF, 0x0AEB,
0x0BE6, 0x0B08,
0x8BE6, 0x0B08,
0x8BEA, 0x0B0D,
0x0BE6, 0x0B08,
0x0BE9, 0x0B1A,
0x8BE9, 0x0B1A,
0x8BED, 0x0B1E,
0x0BE9, 0x0B1A,
0x0BE5, 0x0B0D,
0x8BE5, 0x0B0D,
0x8BE9, 0x0B11,
0x0BE5, 0x0B0D,
0x0BE9, 0x0B1C,
0x8BE9, 0x0B1C,
0x8BED, 0x0B20,
0x0BE9, 0x0B1C,
0x0BE5, 0x0B0D,
0x8BE5, 0x0B0D,
0x8BE9, 0x0B11,
0x0BE5, 0x0B0D,
0x0BEB, 0x0B23,
0x8BEB, 0x0B23,
0x8BEF, 0x0B27,
0x0BEB, 0x0B23,
0x0BEA, 0x0B20,
0x8BEA, 0x0B20,
0x8BEE, 0x0B24,
0x0BEA, 0x0B20,
0x0C12, 0x0B56,
0x8C12, 0x0B56,
0x8C16, 0x0B5A,
0x0C12, 0x0B56,
0x0C06, 0x0B58,
0x8C06, 0x0B58,
0x8C0A, 0x0B5C,
0x0C06, 0x0B58,
0x0C08, 0x0B59,
0x8C08, 0x0B59,
0x8C0C, 0x0B5D,
0x0C08, 0x0B59,
0x0C0F, 0x0B5A,
0x8C0F, 0x0B5A,
0x8C13, 0x0B5E,
0x0C0F, 0x0B5A,
0x0C01, 0x0B59,
0x8C01, 0x0B59,
0x8C05, 0x0B5D,
0x0C01, 0x0B59,
0x0BFC, 0x0B5A,
0x8BFC, 0x0B5A,
0x8C00, 0x0B5E,
0x0BFC, 0x0B5A,
0x0C00, 0x0B57,
0x8C00, 0x0B57,
0x8C04, 0x0B5B,
0x0C00, 0x0B57,
0x0C03, 0x0B55,
0x8C03, 0x0B55,
0x8C07, 0x0B59,
0x0C03, 0x0B55,
0x0C05, 0x0B56,
0x8C05, 0x0B56,
0x8C09, 0x0B5A,
0x0C05, 0x0B56,
0x0C0D, 0x0B59,
0x8C0D, 0x0B59,
0x8C11, 0x0B5D,
0x0C0D, 0x0B59,
0x0BF3, 0x0B5B,
0x8BF3, 0x0B5B,
0x8BF7, 0x0B5F,
0x0BF3, 0x0B5B,
0x0BE2, 0x0B42,
0x8BE2, 0x0B42,
0x8BE6, 0x0B46,
0x0BE2, 0x0B42,
0x0BDE, 0x0B41,
0x8BDE, 0x0B41,
0x8BE3, 0x0B45,
0x0BDE, 0x0B41,
0x0BE2, 0x0B45,
0x8BE2, 0x0B45,
0x8BE6, 0x0B49,
0x0BE2, 0x0B45,
0x0BE0, 0x0B40,
0x8BE0, 0x0B40,
0x8BE4, 0x0B44,
0x0BE0, 0x0B40,
0x0BE0, 0x0B3E,
0x8BE0, 0x0B3E,
0x8BE4, 0x0B42,
0x0BE0, 0x0B3E,
0x0BE4, 0x0B34,
0x8BE4, 0x0B34,
0x8BE8, 0x0B38,
0x0BE4, 0x0B34,
0x0BE2, 0x0B26,
0x8BE2, 0x0B26,
0x8BE6, 0x0B2A,
0x0BE2, 0x0B26,
0x0BE0, 0x0B19,
0x8BE0, 0x0B19,
0x8BE4, 0x0B1D,
0x0BE0, 0x0B19,
0x0BDF, 0x0B14,
0x8BDF, 0x0B14,
0x8BE3, 0x0B18,
0x0BDF, 0x0B14,
0x0BE0, 0x0B1F,
0x8BE0, 0x0B1F,
0x8BE4, 0x0B23,
0x0BE0, 0x0B1F,
0x0BE1, 0x0B14,
0x8BE1, 0x0B14,
0x8BE5, 0x0B18,
0x0BE1, 0x0B14,
0x0BE0, 0x0B12,
0x8BE0, 0x0B12,
0x8BE4, 0x0B16,
0x0BE0, 0x0B12,
0x0C0A, 0x0B4D,
0x8C0A, 0x0B4D,
0x8C0F, 0x0B51,
0x0C0A, 0x0B4D,
0x0C0D, 0x0B4E,
0x8C0D, 0x0B4E,
0x8C11, 0x0B52,
0x0C0D, 0x0B4E,
0x0C0D, 0x0B4B,
0x8C0D, 0x0B4B,
0x8C11, 0x0B4F,
0x0C0D, 0x0B4B,
0x0C0B, 0x0B4D,
0x8C0B, 0x0B4D,
0x8C0F, 0x0B51,
0x0C0B, 0x0B4D,
0x0C0F, 0x0B4B,
0x8C0F, 0x0B4B,
0x8C14, 0x0B50,
0x0C0F, 0x0B4B,
0x0C0D, 0x0B47,
0x8C0D, 0x0B47,
0x8C11, 0x0B4B,
0x0C0D, 0x0B47,
0x0C08, 0x0B48,
0x8C08, 0x0B48,
0x8C0C, 0x0B4C,
0x0C08, 0x0B48,
0x0C0B, 0x0B46,
0x8C0B, 0x0B46,
0x8C0F, 0x0B4A,
0x0C0B, 0x0B46,
0x0C07, 0x0B48,
0x8C07, 0x0B48,
0x8C0B, 0x0B4D,
0x0C07, 0x0B48,
0x0C01, 0x0B45,
0x8C01, 0x0B45,
0x8C06, 0x0B49,
0x0C01, 0x0B45,
0x0C04, 0x0B4B,
0x8C04, 0x0B4B,
0x8C08, 0x0B4F,
0x0C04, 0x0B4B,
0x0C02, 0x0B47,
0x8C02, 0x0B47,
0x8C06, 0x0B4B,
0x0C02, 0x0B47,
0x0C0C, 0x0B49,
0x8C0C, 0x0B49,
0x8C10, 0x0B4D,
0x0C0C, 0x0B49,
0x0C0C, 0x0B47,
0x8C0C, 0x0B47,
0x8C10, 0x0B4B,
0x0C0C, 0x0B47,
0x0C02, 0x0B43,
0x8C02, 0x0B43,
0x8C06, 0x0B47,
0x0C02, 0x0B43,
0x0C0D, 0x0B45,
0x8C0D, 0x0B45,
0x8C11, 0x0B49,
0x0C0D, 0x0B45,
0x0BFF, 0x0B42,
0x8BFF, 0x0B42,
0x8C03, 0x0B46,
0x0BFF, 0x0B42,
0x0BFC, 0x0B41,
0x8BFC, 0x0B41,
0x8C00, 0x0B45,
0x0BFC, 0x0B41,
0x0C03, 0x0B3B,
0x8C03, 0x0B3B,
0x8C07, 0x0B3F,
0x0C03, 0x0B3B,
0x0C05, 0x0B3D,
0x8C05, 0x0B3D,
0x8C09, 0x0B41,
0x0C05, 0x0B3D,
0x0BFC, 0x0B2B,
0x8BFC, 0x0B2B,
0x8C00, 0x0B2F,
0x0BFC, 0x0B2B,
0x0BF5, 0x0B1C,
0x8BF5, 0x0B1C,
0x8BF9, 0x0B20,
0x0BF5, 0x0B1C,
0x0BF5, 0x0B20,
0x8BF5, 0x0B20,
0x8BF9, 0x0B24,
0x0BF5, 0x0B20,
0x0BF5, 0x0B24,
0x8BF5, 0x0B24,
0x8BF9, 0x0B28,
0x0BF5, 0x0B24,
0x0BEA, 0x0ABC,
0x8BEA, 0x0ABC,
0x8BEE, 0x0AC0,
0x0BEA, 0x0ABC,
0x0BF3, 0x0ABF,
0x8BF3, 0x0ABF,
0x8BF7, 0x0AC3,
0x0BF3, 0x0ABF,
0x0BD9, 0x0B2E,
0x8BD9, 0x0B2E,
0x8BDD, 0x0B32,
0x0BD9, 0x0B2E,
0x0BDA, 0x0B1C,
0x8BDA, 0x0B1C,
0x8BDE, 0x0B20,
0x0BDA, 0x0B1C,
0x0BDB, 0x0B14,
0x8BDB, 0x0B14,
0x8BDF, 0x0B18,
0x0BDB, 0x0B14,
0x0BD7, 0x0B1A,
0x8BD7, 0x0B1A,
0x8BDB, 0x0B1E,
0x0BD7, 0x0B1A,
0x0BD8, 0x0B28,
0x8BD8, 0x0B28,
0x8BDC, 0x0B2C,
0x0BD8, 0x0B28,
0x0BD6, 0x0B11,
0x8BD6, 0x0B11,
0x8BDA, 0x0B15,
0x0BD6, 0x0B11,
0x0BD7, 0x0B23,
0x8BD7, 0x0B23,
0x8BDB, 0x0B27,
0x0BD7, 0x0B23,
0x0BD6, 0x0B27,
0x8BD6, 0x0B27,
0x8BDA, 0x0B2B,
0x0BD6, 0x0B27,
0x0BD6, 0x0B23,
0x8BD6, 0x0B23,
0x8BDA, 0x0B27,
0x0BD6, 0x0B23,
0x0BD3, 0x0B17,
0x8BD3, 0x0B17,
0x8BD7, 0x0B1B,
0x0BD3, 0x0B17,
0x0BD3, 0x0B19,
0x8BD3, 0x0B19,
0x8BD7, 0x0B1D,
0x0BD3, 0x0B19,
0x0BD2, 0x0B1C,
0x8BD2, 0x0B1C,
0x8BD6, 0x0B20,
0x0BD2, 0x0B1C,
0x0BCF, 0x0B18,
0x8BCF, 0x0B18,
0x8BD4, 0x0B1C,
0x0BCF, 0x0B18,
0x0BD1, 0x0B15,
0x8BD1, 0x0B15,
0x8BD5, 0x0B19,
0x0BD1, 0x0B15,
0x0BCD, 0x0B0D,
0x8BCD, 0x0B0D,
0x8BD1, 0x0B11,
0x0BCD, 0x0B0D,
0x0BCD, 0x0B08,
0x8BCD, 0x0B08,
0x8BD1, 0x0B0C,
0x0BCD, 0x0B08,
0x0BDE, 0x0B48,
0x8BDE, 0x0B48,
0x8BE2, 0x0B4C,
0x0BDE, 0x0B48,
0x0BF0, 0x0B5A,
0x8BF0, 0x0B5A,
0x8BF4, 0x0B5E,
0x0BF0, 0x0B5A,
0x0BEE, 0x0B59,
0x8BEE, 0x0B59,
0x8BF2, 0x0B5D,
0x0BEE, 0x0B59,
0x0BEE, 0x0B56,
0x8BEE, 0x0B56,
0x8BF2, 0x0B5A,
0x0BEE, 0x0B56,
0x0BDC, 0x0B47,
0x8BDC, 0x0B47,
0x8BE0, 0x0B4B,
0x0BDC, 0x0B47,
0x0BDD, 0x0B48,
0x8BDD, 0x0B48,
0x8BE1, 0x0B4C,
0x0BDD, 0x0B48,
0x0BDB, 0x0B46,
0x8BDB, 0x0B46,
0x8BDF, 0x0B4A,
0x0BDB, 0x0B46,
0x0BDE, 0x0B54,
0x8BDE, 0x0B54,
0x8BE2, 0x0B58,
0x0BDE, 0x0B54,
0x0BE5, 0x0B55,
0x8BE5, 0x0B55,
0x8BE9, 0x0B59,
0x0BE5, 0x0B55,
0x0BDA, 0x0B4A,
0x8BDA, 0x0B4A,
0x8BDE, 0x0B4E,
0x0BDA, 0x0B4A,
0x0BDA, 0x0B47,
0x8BDA, 0x0B47,
0x8BDF, 0x0B4B,
0x0BDA, 0x0B47,
0x0BE9, 0x0B5D,
0x8BE9, 0x0B5D,
0x8BEE, 0x0B61,
0x0BE9, 0x0B5D,
0x0BE5, 0x0B52,
0x8BE5, 0x0B52,
0x8BE9, 0x0B56,
0x0BE5, 0x0B52,
0x0BD9, 0x0B50,
0x8BD9, 0x0B50,
0x8BDE, 0x0B54,
0x0BD9, 0x0B50,
0x0BDB, 0x0B43,
0x8BDB, 0x0B43,
0x8BDF, 0x0B47,
0x0BDB, 0x0B43,
0x0BE0, 0x0B52,
0x8BE0, 0x0B52,
0x8BE5, 0x0B56,
0x0BE0, 0x0B52,
0x0BDB, 0x0B54,
0x8BDB, 0x0B54,
0x8BE0, 0x0B58,
0x0BDB, 0x0B54,
0x0BE1, 0x0B56,
0x8BE1, 0x0B56,
0x8BE5, 0x0B5A,
0x0BE1, 0x0B56,
0x0BD6, 0x0B5F,
0x8BD6, 0x0B5F,
0x8BDB, 0x0B63,
0x0BD6, 0x0B5F,
0x0BD5, 0x0B53,
0x8BD5, 0x0B53,
0x8BD9, 0x0B57,
0x0BD5, 0x0B53,
0x0BD5, 0x0B4F,
0x8BD5, 0x0B4F,
0x8BD9, 0x0B53,
0x0BD5, 0x0B4F,
0x0BD1, 0x0B5D,
0x8BD1, 0x0B5D,
0x8BD5, 0x0B62,
0x0BD1, 0x0B5D,
0x0BC8, 0x0B5E,
0x8BC8, 0x0B5E,
0x8BCC, 0x0B62,
0x0BC8, 0x0B5E,
0x0BCA, 0x0B5F,
0x8BCA, 0x0B5F,
0x8BCE, 0x0B63,
0x0BCA, 0x0B5F,
0x0BC9, 0x0B5C,
0x8BC9, 0x0B5C,
0x8BCE, 0x0B60,
0x0BC9, 0x0B5C,
0x0BCF, 0x0B5F,
0x8BCF, 0x0B5F,
0x8BD3, 0x0B63,
0x0BCF, 0x0B5F,
0x0BCB, 0x0B60,
0x8BCB, 0x0B60,
0x8BCF, 0x0B64,
0x0BCB, 0x0B60,
0x0BCB, 0x0B60,
0x8BCB, 0x0B60,
0x8BCF, 0x0B64,
0x0BCB, 0x0B60,
0x0BCC, 0x0B09,
0x8BCC, 0x0B09,
0x8BD0, 0x0B0D,
0x0BCC, 0x0B09,
0x0BCC, 0x0B02,
0x8BCC, 0x0B02,
0x8BD0, 0x0B06,
0x0BCC, 0x0B02,
0x0BCB, 0x0B08,
0x8BCB, 0x0B08,
0x8BCF, 0x0B0C,
0x0BCB, 0x0B08,
0x0BC9, 0x0B07,
0x8BC9, 0x0B07,
0x8BCE, 0x0B0B,
0x0BC9, 0x0B07,
0x0BC9, 0x0B02,
0x8BC9, 0x0B02,
0x8BCD, 0x0B06,
0x0BC9, 0x0B02,
0x0BC8, 0x0B0A,
0x8BC8, 0x0B0A,
0x8BCC, 0x0B0E,
0x0BC8, 0x0B0A,
0x0BC2, 0x0AF9,
0x8BC2, 0x0AF9,
0x8BC6, 0x0AFD,
0x0BC2, 0x0AF9,
0x0BCA, 0x0B0A,
0x8BCA, 0x0B0A,
0x8BCE, 0x0B0E,
0x0BCA, 0x0B0A,
0x0BC8, 0x0B01,
0x8BC8, 0x0B01,
0x8BCC, 0x0B05,
0x0BC8, 0x0B01,
0x0BC4, 0x0AFE,
0x8BC4, 0x0AFE,
0x8BC8, 0x0B02,
0x0BC4, 0x0AFE,
0x0BC8, 0x0B11,
0x8BC8, 0x0B11,
0x8BCD, 0x0B15,
0x0BC8, 0x0B11,
0x0BC8, 0x0B02,
0x8BC8, 0x0B02,
0x8BCC, 0x0B06,
0x0BC8, 0x0B02,
0x0BC8, 0x0B02,
0x8BC8, 0x0B02,
0x8BCC, 0x0B06,
0x0BC8, 0x0B02,
0x0BC6, 0x0B11,
0x8BC6, 0x0B11,
0x8BCB, 0x0B15,
0x0BC6, 0x0B11,
0x0BC9, 0x0B03,
0x8BC9, 0x0B03,
0x8BCD, 0x0B07,
0x0BC9, 0x0B03,
0x0BC4, 0x0B05,
0x8BC4, 0x0B05,
0x8BC9, 0x0B09,
0x0BC4, 0x0B05,
0x0BC3, 0x0AFF,
0x8BC3, 0x0AFF,
0x8BC7, 0x0B03,
0x0BC3, 0x0AFF,
0x0BBF, 0x0AF7,
0x8BBF, 0x0AF7,
0x8BC3, 0x0AFB,
0x0BBF, 0x0AF7,
0x0BC5, 0x0B07,
0x8BC5, 0x0B07,
0x8BC9, 0x0B0C,
0x0BC5, 0x0B07,
0x0BC1, 0x0B0E,
0x8BC1, 0x0B0E,
0x8BC5, 0x0B12,
0x0BC1, 0x0B0E,
0x0BC2, 0x0B09,
0x8BC2, 0x0B09,
0x8BC6, 0x0B0E,
0x0BC2, 0x0B09,
0x0BBF, 0x0AFB,
0x8BBF, 0x0AFB,
0x8BC3, 0x0AFF,
0x0BBF, 0x0AFB,
0x0BBB, 0x0B00,
0x8BBB, 0x0B00,
0x8BBF, 0x0B04,
0x0BBB, 0x0B00,
0x0BB8, 0x0AF5,
0x8BB8, 0x0AF5,
0x8BBC, 0x0AFA,
0x0BB8, 0x0AF5,
0x0BB7, 0x0AF9,
0x8BB7, 0x0AF9,
0x8BBB, 0x0AFE,
0x0BB7, 0x0AF9,
0x0BB6, 0x0AEF,
0x8BB6, 0x0AEF,
0x8BBA, 0x0AF4,
0x0BB6, 0x0AEF,
0x0BB5, 0x0AEF,
0x8BB5, 0x0AEF,
0x8BB9, 0x0AF3,
0x0BB5, 0x0AEF,
0x0BB6, 0x0AF1,
0x8BB6, 0x0AF1,
0x8BBA, 0x0AF5,
0x0BB6, 0x0AF1,
0x0BB5, 0x0AED,
0x8BB5, 0x0AED,
0x8BB9, 0x0AF2,
0x0BB5, 0x0AED,
0x0BB4, 0x0AFF,
0x8BB4, 0x0AFF,
0x8BB8, 0x0B03,
0x0BB4, 0x0AFF,
0x0BB5, 0x0AF0,
0x8BB5, 0x0AF0,
0x8BB9, 0x0AF4,
0x0BB5, 0x0AF0,
0x0BB4, 0x0AF4,
0x8BB4, 0x0AF4,
0x8BB8, 0x0AF8,
0x0BB4, 0x0AF4,
0x0BB2, 0x0AEE,
0x8BB2, 0x0AEE,
0x8BB6, 0x0AF2,
0x0BB2, 0x0AEE,
0x0BB0, 0x0AEB,
0x8BB0, 0x0AEB,
0x8BB4, 0x0AEF,
0x0BB0, 0x0AEB,
0x0BB0, 0x0AF4,
0x8BB0, 0x0AF4,
0x8BB4, 0x0AF8,
0x0BB0, 0x0AF4,
0x0BA4, 0x0AC7,
0x8BA4, 0x0AC7,
0x8BA8, 0x0ACB,
0x0BA4, 0x0AC7,
0x0B9F, 0x0AC3,
0x8B9F, 0x0AC3,
0x8BA3, 0x0AC7,
0x0B9F, 0x0AC3,
0x0B9F, 0x0ABE,
0x8B9F, 0x0ABE,
0x8BA3, 0x0AC2,
0x0B9F, 0x0ABE,
0x0BBE, 0x0A7C,
0x8BBE, 0x0A7C,
0x8BC3, 0x0A80,
0x0BBE, 0x0A7C,
0x0BC6, 0x0A73,
0x8BC6, 0x0A73,
0x8BCB, 0x0A77,
0x0BC6, 0x0A73,
0x0BBE, 0x0A7A,
0x8BBE, 0x0A7A,
0x8BC2, 0x0A7E,
0x0BBE, 0x0A7A,
0x0BBE, 0x0A7A,
0x8BBE, 0x0A7A,
0x8BC2, 0x0A7E,
0x0BBE, 0x0A7A,
0x0BBC, 0x0A7E,
0x8BBC, 0x0A7E,
0x8BC0, 0x0A82,
0x0BBC, 0x0A7E,
0x0BE6, 0x0A35,
0x8BE6, 0x0A35,
0x8BEA, 0x0A39,
0x0BE6, 0x0A35,
0x0BE4, 0x0A33,
0x8BE4, 0x0A33,
0x8BE8, 0x0A37,
0x0BE4, 0x0A33,
0x0BE2, 0x0A3C,
0x8BE2, 0x0A3C,
0x8BE6, 0x0A40,
0x0BE2, 0x0A3C,
0x0BE6, 0x0A3B,
0x8BE6, 0x0A3B,
0x8BEA, 0x0A3F,
0x0BE6, 0x0A3B,
0x0BE2, 0x0A38,
0x8BE2, 0x0A38,
0x8BE6, 0x0A3D,
0x0BE2, 0x0A38,
0x0BE2, 0x0A3B,
0x8BE2, 0x0A3B,
0x8BE7, 0x0A3F,
0x0BE2, 0x0A3B,
0x0BDF, 0x0A55,
0x8BDF, 0x0A55,
0x8BE3, 0x0A59,
0x0BDF, 0x0A55,
0x0BDF, 0x0A5A,
0x8BDF, 0x0A5A,
0x8BE3, 0x0A5E,
0x0BDF, 0x0A5A,
0x0BDE, 0x0A53,
0x8BDE, 0x0A53,
0x8BE2, 0x0A57,
0x0BDE, 0x0A53,
0x0BDD, 0x0A5C,
0x8BDD, 0x0A5C,
0x8BE1, 0x0A60,
0x0BDD, 0x0A5C,
0x0BDD, 0x0A52,
0x8BDD, 0x0A52,
0x8BE1, 0x0A56,
0x0BDD, 0x0A52,
0x0BDB, 0x0A61,
0x8BDB, 0x0A61,
0x8BDF, 0x0A65,
0x0BDB, 0x0A61,
0x0BD8, 0x0A5B,
0x8BD8, 0x0A5B,
0x8BDC, 0x0A5F,
0x0BD8, 0x0A5B,
0x0BD9, 0x0A5A,
0x8BD9, 0x0A5A,
0x8BDD, 0x0A5E,
0x0BD9, 0x0A5A,
0x0BD9, 0x0A60,
0x8BD9, 0x0A60,
0x8BDD, 0x0A64,
0x0BD9, 0x0A60,
0x0BD5, 0x0A5F,
0x8BD5, 0x0A5F,
0x8BD9, 0x0A63,
0x0BD5, 0x0A5F,
0x0BD4, 0x0A5E,
0x8BD4, 0x0A5E,
0x8BD8, 0x0A63,
0x0BD4, 0x0A5E,
0x0BCF, 0x0A64,
0x8BCF, 0x0A64,
0x8BD3, 0x0A68,
0x0BCF, 0x0A64,
0x0BB9, 0x0A82,
0x8BB9, 0x0A82,
0x8BBD, 0x0A86,
0x0BB9, 0x0A82,
0x0BB8, 0x0A81,
0x8BB8, 0x0A81,
0x8BBC, 0x0A85,
0x0BB8, 0x0A81,
0x0BB5, 0x0A88,
0x8BB5, 0x0A88,
0x8BB9, 0x0A8C,
0x0BB5, 0x0A88,
0x0BB9, 0x0A80,
0x8BB9, 0x0A80,
0x8BBD, 0x0A84,
0x0BB9, 0x0A80,
0x0BB5, 0x0A84,
0x8BB5, 0x0A84,
0x8BB9, 0x0A88,
0x0BB5, 0x0A84,
0x0BA0, 0x0AB9,
0x8BA0, 0x0AB9,
0x8BA4, 0x0ABD,
0x0BA0, 0x0AB9,
0x0BA2, 0x0AB0,
0x8BA2, 0x0AB0,
0x8BA6, 0x0AB4,
0x0BA2, 0x0AB0,
0x0BA4, 0x0AA8,
0x8BA4, 0x0AA8,
0x8BA8, 0x0AAC,
0x0BA4, 0x0AA8,
0x0BAD, 0x0A8B,
0x8BAD, 0x0A8B,
0x8BB1, 0x0A8F,
0x0BAD, 0x0A8B,
0x0BA4, 0x0AA0,
0x8BA4, 0x0AA0,
0x8BA8, 0x0AA4,
0x0BA4, 0x0AA0,
0x0BAA, 0x0A8C,
0x8BAA, 0x0A8C,
0x8BAE, 0x0A90,
0x0BAA, 0x0A8C,
0x0B9D, 0x0AAF,
0x8B9D, 0x0AAF,
0x8BA2, 0x0AB3,
0x0B9D, 0x0AAF,
0x0BAA, 0x0A91,
0x8BAA, 0x0A91,
0x8BAE, 0x0A95,
0x0BAA, 0x0A91,
0x0BA3, 0x0A9B,
0x8BA3, 0x0A9B,
0x8BA7, 0x0A9F,
0x0BA3, 0x0A9B,
0x0B9E, 0x0AA5,
0x8B9E, 0x0AA5,
0x8BA2, 0x0AAA,
0x0B9E, 0x0AA5,
0x0BA0, 0x0A9E,
0x8BA0, 0x0A9E,
0x8BA4, 0x0AA3,
0x0BA0, 0x0A9E,
0x0BA9, 0x0A90,
0x8BA9, 0x0A90,
0x8BAD, 0x0A94,
0x0BA9, 0x0A90,
0x0BA5, 0x0A95,
0x8BA5, 0x0A95,
0x8BA9, 0x0A99,
0x0BA5, 0x0A95,
0x0B9A, 0x0AAD,
0x8B9A, 0x0AAD,
0x8B9E, 0x0AB1,
0x0B9A, 0x0AAD,
0x0BAA, 0x0A8C,
0x8BAA, 0x0A8C,
0x8BAE, 0x0A90,
0x0BAA, 0x0A8C,
0x0B94, 0x0ADA,
0x8B94, 0x0ADA,
0x8B98, 0x0ADE,
0x0B94, 0x0ADA,
0x0B92, 0x0AD4,
0x8B92, 0x0AD4,
0x8B96, 0x0AD8,
0x0B92, 0x0AD4,
0x0B98, 0x0AE2,
0x8B98, 0x0AE2,
0x8B9D, 0x0AE7,
0x0B98, 0x0AE2,
0x0B95, 0x0ADA,
0x8B95, 0x0ADA,
0x8B99, 0x0ADE,
0x0B95, 0x0ADA,
0x0BA0, 0x0AED,
0x8BA0, 0x0AED,
0x8BA5, 0x0AF1,
0x0BA0, 0x0AED,
0x0BA1, 0x0AEC,
0x8BA1, 0x0AEC,
0x8BA5, 0x0AF0,
0x0BA1, 0x0AEC,
0x0B9F, 0x0AE8,
0x8B9F, 0x0AE8,
0x8BA3, 0x0AEC,
0x0B9F, 0x0AE8,
0x0B9D, 0x0AEC,
0x8B9D, 0x0AEC,
0x8BA2, 0x0AF0,
0x0B9D, 0x0AEC,
0x0B9B, 0x0ADE,
0x8B9B, 0x0ADE,
0x8B9F, 0x0AE2,
0x0B9B, 0x0ADE,
0x0B9E, 0x0AE9,
0x8B9E, 0x0AE9,
0x8BA3, 0x0AED,
0x0B9E, 0x0AE9,
0x0B9C, 0x0AE5,
0x8B9C, 0x0AE5,
0x8BA0, 0x0AE9,
0x0B9C, 0x0AE5,
0x0B9B, 0x0AE5,
0x8B9B, 0x0AE5,
0x8B9F, 0x0AE9,
0x0B9B, 0x0AE5,
0x0B9B, 0x0AE1,
0x8B9B, 0x0AE1,
0x8B9F, 0x0AE5,
0x0B9B, 0x0AE1,
0x0BA5, 0x0AEE,
0x8BA5, 0x0AEE,
0x8BA9, 0x0AF2,
0x0BA5, 0x0AEE,
0x0BA1, 0x0AE9,
0x8BA1, 0x0AE9,
0x8BA5, 0x0AED,
0x0BA1, 0x0AE9,
0x0B8B, 0x0AAC,
0x8B8B, 0x0AAC,
0x8B8F, 0x0AB0,
0x0B8B, 0x0AAC,
0x0B8F, 0x0AA8,
0x8B8F, 0x0AA8,
0x8B93, 0x0AAC,
0x0B8F, 0x0AA8,
0x0B94, 0x0A9F,
0x8B94, 0x0A9F,
0x8B98, 0x0AA3,
0x0B94, 0x0A9F,
0x0B98, 0x0AA1,
0x8B98, 0x0AA1,
0x8B9D, 0x0AA5,
0x0B98, 0x0AA1,
0x0B8F, 0x0AA9,
0x8B8F, 0x0AA9,
0x8B93, 0x0AAD,
0x0B8F, 0x0AA9,
0x0B95, 0x0AA5,
0x8B95, 0x0AA5,
0x8B99, 0x0AA9,
0x0B95, 0x0AA5,
0x0B93, 0x0AAA,
0x8B93, 0x0AAA,
0x8B97, 0x0AAF,
0x0B93, 0x0AAA,
0x0B93, 0x0AA6,
0x8B93, 0x0AA6,
0x8B97, 0x0AAA,
0x0B93, 0x0AA6,
0x0B8F, 0x0AD3,
0x8B8F, 0x0AD3,
0x8B93, 0x0AD7,
0x0B8F, 0x0AD3,
0x0B90, 0x0AD2,
0x8B90, 0x0AD2,
0x8B94, 0x0AD6,
0x0B90, 0x0AD2,
0x0B8E, 0x0AD6,
0x8B8E, 0x0AD6,
0x8B92, 0x0ADA,
0x0B8E, 0x0AD6,
0x0B8F, 0x0ADC,
0x8B8F, 0x0ADC,
0x8B93, 0x0AE0,
0x0B8F, 0x0ADC,
0x0B8E, 0x0AD8,
0x8B8E, 0x0AD8,
0x8B93, 0x0ADC,
0x0B8E, 0x0AD8,
0x0B8F, 0x0AE0,
0x8B8F, 0x0AE0,
0x8B93, 0x0AE4,
0x0B8F, 0x0AE0,
0x0B8E, 0x0AD8,
0x8B8E, 0x0AD8,
0x8B92, 0x0ADD,
0x0B8E, 0x0AD8,
0x0B86, 0x0ACA,
0x8B86, 0x0ACA,
0x8B8A, 0x0ACE,
0x0B86, 0x0ACA,
0x0B88, 0x0AD7,
0x8B88, 0x0AD7,
0x8B8C, 0x0ADB,
0x0B88, 0x0AD7,
0x0B81, 0x0AC7,
0x8B81, 0x0AC7,
0x8B85, 0x0ACB,
0x0B81, 0x0AC7,
0x0B88, 0x0ACE,
0x8B88, 0x0ACE,
0x8B8C, 0x0AD2,
0x0B88, 0x0ACE,
0x0B84, 0x0AD0,
0x8B84, 0x0AD0,
0x8B88, 0x0AD4,
0x0B84, 0x0AD0,
0x0B85, 0x0AD9,
0x8B85, 0x0AD9,
0x8B89, 0x0ADD,
0x0B85, 0x0AD9,
0x0B82, 0x0AD8,
0x8B82, 0x0AD8,
0x8B86, 0x0ADC,
0x0B82, 0x0AD8,
0x0B7C, 0x0AB9,
0x8B7C, 0x0AB9,
0x8B80, 0x0ABD,
0x0B7C, 0x0AB9,
0x0B7C, 0x0AB8,
0x8B7C, 0x0AB8,
0x8B80, 0x0ABC,
0x0B7C, 0x0AB8,
0x0B86, 0x0AD8,
0x8B86, 0x0AD8,
0x8B8B, 0x0ADC,
0x0B86, 0x0AD8,
0x0B85, 0x0ACC,
0x8B85, 0x0ACC,
0x8B89, 0x0AD0,
0x0B85, 0x0ACC,
0x0B7B, 0x0AD0,
0x8B7B, 0x0AD0,
0x8B7F, 0x0AD4,
0x0B7B, 0x0AD0,
0x0B7C, 0x0ACB,
0x8B7C, 0x0ACB,
0x8B80, 0x0ACF,
0x0B7C, 0x0ACB,
0x0B7D, 0x0AD5,
0x8B7D, 0x0AD5,
0x8B81, 0x0AD9,
0x0B7D, 0x0AD5,
0x0B82, 0x0AD7,
0x8B82, 0x0AD7,
0x8B86, 0x0ADB,
0x0B82, 0x0AD7,
0x0B77, 0x0ABD,
0x8B77, 0x0ABD,
0x8B7B, 0x0AC1,
0x0B77, 0x0ABD,
0x0B80, 0x0AD6,
0x8B80, 0x0AD6,
0x8B84, 0x0ADA,
0x0B80, 0x0AD6,
0x0B72, 0x0AC1,
0x8B72, 0x0AC1,
0x8B77, 0x0AC5,
0x0B72, 0x0AC1,
0x0B70, 0x0AC1,
0x8B70, 0x0AC1,
0x8B75, 0x0AC5,
0x0B70, 0x0AC1,
0x0B73, 0x0AC8,
0x8B73, 0x0AC8,
0x8B77, 0x0ACC,
0x0B73, 0x0AC8,
0x0B6A, 0x0AC3,
0x8B6A, 0x0AC3,
0x8B6E, 0x0AC7,
0x0B6A, 0x0AC3,
0x0B67, 0x0AC7,
0x8B67, 0x0AC7,
0x8B6B, 0x0ACB,
0x0B67, 0x0AC7,
0x0B68, 0x0AC8,
0x8B68, 0x0AC8,
0x8B6C, 0x0ACC,
0x0B68, 0x0AC8
};

const unsigned short draw_21[] PROGMEM = {
0x054C, 0x0BA8,
0x854C, 0x0BA8,
0x8555, 0x0BA7,
0x855C, 0x0BAA,
0x8560, 0x0BB2,
0x8565, 0x0BB8,
0x856C, 0x0BBD,
0x8572, 0x0BC3,
0x8579, 0x0BC7,
0x8580, 0x0BCB,
0x8588, 0x0BCF,
0x858F, 0x0BD4,
0x8597, 0x0BD7,
0x85A0, 0x0BD6,
0x85A8, 0x0BD6,
0x85AF, 0x0BDA,
0x85B7, 0x0BD7,
0x85BF, 0x0BD7,
0x85C8, 0x0BDA,
0x85D0, 0x0BDA,
0x85D9, 0x0BDA,
0x85E1, 0x0BDA,
0x85EA, 0x0BDA,
0x85F2, 0x0BDA,
0x85FA, 0x0BDD,
0x8602, 0x0BDF,
0x860B, 0x0BDF,
0x8614, 0x0BDF,
0x861C, 0x0BDD,
0x8623, 0x0BDA,
0x862C, 0x0BDB,
0x8634, 0x0BDA,
0x863D, 0x0BDA,
0x8644, 0x0BDE,
0x864B, 0x0BE2,
0x8654, 0x0BE2,
0x865D, 0x0BE2,
0x8665, 0x0BE1,
0x866D, 0x0BDF,
0x8675, 0x0BE1,
0x867E, 0x0BDE,
0x8686, 0x0BE0,
0x868E, 0x0BE1,
0x8696, 0x0BDF,
0x869F, 0x0BDF,
0x86A7, 0x0BDF,
0x86B0, 0x0BDF,
0x86B8, 0x0BE0,
0x86C0, 0x0BE2,
0x86C9, 0x0BE2,
0x86D2, 0x0BE2,
0x86DA, 0x0BE2,
0x86E3, 0x0BE2,
0x86EB, 0x0BE2,
0x86F4, 0x0BE2,
0x86FD, 0x0BE2,
0x8705, 0x0BE2,
0x870E, 0x0BE2,
0x8716, 0x0BE1,
0x8715, 0x0BD8,
0x8717, 0x0BD0,
0x8717, 0x0BC7,
0x871B, 0x0BC0,
0x8723, 0x0BC2,
0x8726, 0x0BC9,
0x872A, 0x0BD0,
0x872B, 0x0BD9,
0x8728, 0x0BE0,
0x872B, 0x0BE8,
0x872B, 0x0BF1,
0x872B, 0x0BFA,
0x872C, 0x0C02,
0x872C, 0x0C0B,
0x872C, 0x0C13,
0x872F, 0x0C1B,
0x872C, 0x0C23,
0x872F, 0x0C2B,
0x8730, 0x0C33,
0x8730, 0x0C3B,
0x8730, 0x0C44,
0x8732, 0x0C4D,
0x8730, 0x0C55,
0x8730, 0x0C5D,
0x8730, 0x0C66,
0x872F, 0x0C6E,
0x872F, 0x0C76,
0x8731, 0x0C7E,
0x8734, 0x0C86,
0x8737, 0x0C8E,
0x8739, 0x0C96,
0x873B, 0x0C9E,
0x873C, 0x0CA6,
0x8741, 0x0CAD,
0x8743, 0x0CB5,
0x8746, 0x0CBD,
0x8747, 0x0CC5,
0x874A, 0x0CCD,
0x874F, 0x0CD4,
0x8751, 0x0CDD,
0x8755, 0x0CE4,
0x875B, 0x0CEA,
0x875F, 0x0CF1,
0x8760, 0x0CFA,
0x875A, 0x0CFF,
0x8751, 0x0D01,
0x8749, 0x0D01,
0x8740, 0x0D01,
0x8737, 0x0D01,
0x872F, 0x0D00,
0x872A, 0x0D06,
0x8722, 0x0D06,
0x871A, 0x0D07,
0x8713, 0x0D0C,
0x870A, 0x0D0C,
0x8704, 0x0D07,
0x8700, 0x0D00,
0x8700, 0x0CF7,
0x8704, 0x0CF1,
0x870C, 0x0CEC,
0x8710, 0x0CE6,
0x8711, 0x0CDE,
0x8715, 0x0CD6,
0x8716, 0x0CCE,
0x8717, 0x0CC5,
0x8719, 0x0CBD,
0x871C, 0x0CB6,
0x871C, 0x0CAD,
0x872C, 0x0CAD,
0x872B, 0x0CB7,
0x872B, 0x0CBF,
0x872C, 0x0CC7,
0x872A, 0x0CD0,
0x8726, 0x0CD7,
0x8726, 0x0CDF,
0x8726, 0x0CE8,
0x872C, 0x0CED,
0x8734, 0x0CED,
0x873C, 0x0CEA,
0x8743, 0x0CE9,
0x8742, 0x0CE0,
0x873D, 0x0CDA,
0x873A, 0x0CD2,
0x8738, 0x0CCA,
0x8735, 0x0CC2,
0x8734, 0x0CBA,
0x8730, 0x0CB3,
0x872C, 0x0CAD,
0x872C, 0x0CAD,
0x871C, 0x0CAD,
0x871D, 0x0CA4,
0x871D, 0x0C9C,
0x871C, 0x0C93,
0x871F, 0x0C8C,
0x871F, 0x0C83,
0x871E, 0x0C7B,
0x8718, 0x0C76,
0x8710, 0x0C76,
0x8709, 0x0C73,
0x8701, 0x0C77,
0x86F9, 0x0C77,
0x86F0, 0x0C76,
0x86E8, 0x0C77,
0x86DF, 0x0C77,
0x86D7, 0x0C75,
0x86CF, 0x0C72,
0x86C7, 0x0C72,
0x86BF, 0x0C77,
0x86B9, 0x0C74,
0x86B0, 0x0C71,
0x86A8, 0x0C70,
0x86A0, 0x0C70,
0x8698, 0x0C72,
0x8690, 0x0C71,
0x8687, 0x0C71,
0x867F, 0x0C6D,
0x8677, 0x0C70,
0x866F, 0x0C72,
0x8666, 0x0C71,
0x865E, 0x0C6E,
0x8656, 0x0C6E,
0x864D, 0x0C6E,
0x8645, 0x0C6E,
0x863D, 0x0C6F,
0x8635, 0x0C72,
0x862C, 0x0C72,
0x8624, 0x0C71,
0x861B, 0x0C72,
0x8612, 0x0C71,
0x860A, 0x0C71,
0x8601, 0x0C70,
0x85F9, 0x0C6E,
0x85F1, 0x0C6D,
0x85E9, 0x0C6F,
0x85E2, 0x0C74,
0x85DB, 0x0C79,
0x85D3, 0x0C7D,
0x85CC, 0x0C81,
0x85C6, 0x0C86,
0x85BE, 0x0C8B,
0x85B7, 0x0C8D,
0x85B1, 0x0C86,
0x85AC, 0x0C80,
0x85AB, 0x0C77,
0x85AB, 0x0C6E,
0x85AB, 0x0C66,
0x85AE, 0x0C5E,
0x85B1, 0x0C56,
0x85C0, 0x0C5A,
0x85C0, 0x0C62,
0x85C0, 0x0C6A,
0x85C2, 0x0C71,
0x85C9, 0x0C70,
0x85CF, 0x0C6C,
0x85D6, 0x0C68,
0x85DA, 0x0C62,
0x85D6, 0x0C5C,
0x85CF, 0x0C58,
0x85C9, 0x0C54,
0x85C3, 0x0C52,
0x85C0, 0x0C5A,
0x85B1, 0x0C56,
0x85B1, 0x0C4E,
0x85AE, 0x0C47,
0x85AF, 0x0C3F,
0x85AC, 0x0C38,
0x85AE, 0x0C30,
0x85B1, 0x0C28,
0x85B4, 0x0C21,
0x85BC, 0x0C21,
0x85C1, 0x0C29,
0x85C3, 0x0C31,
0x85C5, 0x0C39,
0x85CC, 0x0C3E,
0x85D1, 0x0C45,
0x85D8, 0x0C49,
0x85DE, 0x0C4E,
0x85E6, 0x0C52,
0x85EE, 0x0C55,
0x85F6, 0x0C58,
0x85FE, 0x0C5B,
0x8605, 0x0C5D,
0x860E, 0x0C5E,
0x8617, 0x0C5C,
0x861F, 0x0C5E,
0x8627, 0x0C5E,
0x8630, 0x0C5E,
0x8639, 0x0C5E,
0x8641, 0x0C5E,
0x864A, 0x0C5E,
0x8652, 0x0C5B,
0x865A, 0x0C5C,
0x8662, 0x0C5E,
0x866B, 0x0C5E,
0x8673, 0x0C5E,
0x867C, 0x0C5E,
0x8685, 0x0C5E,
0x868D, 0x0C5E,
0x8695, 0x0C61,
0x869D, 0x0C5E,
0x86A4, 0x0C61,
0x86AC, 0x0C62,
0x86B4, 0x0C63,
0x86BD, 0x0C64,
0x86C5, 0x0C62,
0x86CC, 0x0C65,
0x86D4, 0x0C62,
0x86DD, 0x0C62,
0x86E5, 0x0C62,
0x86EE, 0x0C63,
0x86F6, 0x0C62,
0x86FE, 0x0C62,
0x8707, 0x0C62,
0x8710, 0x0C62,
0x8718, 0x0C62,
0x871E, 0x0C5D,
0x8720, 0x0C55,
0x8720, 0x0C4C,
0x8720, 0x0C44,
0x871F, 0x0C3C,
0x8720, 0x0C34,
0x8720, 0x0C2B,
0x8720, 0x0C23,
0x871F, 0x0C1A,
0x8720, 0x0C12,
0x871F, 0x0C0A,
0x8720, 0x0C02,
0x871B, 0x0BFA,
0x8715, 0x0BF5,
0x870C, 0x0BF5,
0x8704, 0x0BF4,
0x86FB, 0x0BF3,
0x86F3, 0x0BF5,
0x86EA, 0x0BF5,
0x86E2, 0x0BF4,
0x86D9, 0x0BF4,
0x86D1, 0x0BF3,
0x86C9, 0x0BF2,
0x86C0, 0x0BF4,
0x86B8, 0x0BF2,
0x86B0, 0x0BF2,
0x86A8, 0x0BF0,
0x86A1, 0x0BF3,
0x8698, 0x0BF3,
0x868F, 0x0BF3,
0x8687, 0x0BF2,
0x867F, 0x0BF1,
0x8677, 0x0BEE,
0x8670, 0x0BF1,
0x8667, 0x0BF4,
0x865F, 0x0BF4,
0x8657, 0x0BF3,
0x864E, 0x0BF3,
0x8647, 0x0BF0,
0x863E, 0x0BEE,
0x8636, 0x0BEE,
0x862D, 0x0BEE,
0x8625, 0x0BEF,
0x861E, 0x0BF2,
0x8614, 0x0BF3,
0x860D, 0x0BF1,
0x8605, 0x0BF0,
0x85FD, 0x0BF2,
0x85F6, 0x0BEF,
0x85ED, 0x0BEE,
0x85E4, 0x0BEE,
0x85DC, 0x0BEE,
0x85D3, 0x0BEE,
0x85CA, 0x0BEE,
0x85C2, 0x0BEE,
0x85BB, 0x0BEA,
0x85B2, 0x0BE9,
0x85A9, 0x0BE9,
0x85A1, 0x0BEA,
0x859A, 0x0BEE,
0x8592, 0x0BF0,
0x858C, 0x0BF6,
0x858B, 0x0BFF,
0x858A, 0x0C07,
0x858A, 0x0C10,
0x858A, 0x0C18,
0x858A, 0x0C21,
0x858A, 0x0C2A,
0x858C, 0x0C32,
0x858C, 0x0C3B,
0x858C, 0x0C43,
0x858C, 0x0C4C,
0x858C, 0x0C54,
0x858F, 0x0C5C,
0x8590, 0x0C64,
0x858E, 0x0C6C,
0x8590, 0x0C74,
0x8590, 0x0C7D,
0x858C, 0x0C84,
0x858C, 0x0C8D,
0x858E, 0x0C95,
0x8590, 0x0C9D,
0x858D, 0x0CA4,
0x858E, 0x0CAC,
0x8594, 0x0CB2,
0x859A, 0x0CB7,
0x85A3, 0x0CB7,
0x85AC, 0x0CB7,
0x85B4, 0x0CB5,
0x85BC, 0x0CB4,
0x85C5, 0x0CB3,
0x85CC, 0x0CB0,
0x85D4, 0x0CB1,
0x85D7, 0x0CB9,
0x85D6, 0x0CC1,
0x85CE, 0x0CC4,
0x85C6, 0x0CC7,
0x85BD, 0x0CC7,
0x85B5, 0x0CC7,
0x85AD, 0x0CC8,
0x85A5, 0x0CC7,
0x859D, 0x0CC6,
0x8594, 0x0CC7,
0x858C, 0x0CC6,
0x8583, 0x0CC7,
0x857B, 0x0CC7,
0x8573, 0x0CC9,
0x856C, 0x0CCD,
0x8564, 0x0CD0,
0x855D, 0x0CD4,
0x8555, 0x0CD7,
0x854E, 0x0CDC,
0x8548, 0x0CE2,
0x8544, 0x0CE8,
0x8540, 0x0CF1,
0x8539, 0x0CF5,
0x8531, 0x0CF3,
0x852E, 0x0CEB,
0x852C, 0x0CE3,
0x852C, 0x0CDA,
0x852C, 0x0CD2,
0x852C, 0x0CC9,
0x852C, 0x0CC1,
0x852C, 0x0CB8,
0x8529, 0x0CB0,
0x8529, 0x0CA8,
0x8537, 0x0CA8,
0x853B, 0x0CAF,
0x853D, 0x0CB7,
0x853C, 0x0CBE,
0x853C, 0x0CC5,
0x8541, 0x0CCA,
0x8548, 0x0CC7,
0x854F, 0x0CC5,
0x8555, 0x0CC0,
0x855D, 0x0CBE,
0x8561, 0x0CB9,
0x855B, 0x0CB5,
0x8554, 0x0CB2,
0x854D, 0x0CAE,
0x8547, 0x0CAB,
0x8540, 0x0CA6,
0x853B, 0x0CA1,
0x8539, 0x0CA1,
0x8537, 0x0CA8,
0x8529, 0x0CA8,
0x8528, 0x0C9F,
0x8528, 0x0C97,
0x8527, 0x0C8E,
0x8524, 0x0C87,
0x8528, 0x0C7F,
0x852E, 0x0C79,
0x8535, 0x0C7B,
0x853B, 0x0C82,
0x8540, 0x0C89,
0x8544, 0x0C90,
0x8549, 0x0C96,
0x854F, 0x0C9C,
0x8557, 0x0CA0,
0x855F, 0x0CA3,
0x8566, 0x0CA5,
0x856D, 0x0CAB,
0x8576, 0x0CAB,
0x857A, 0x0CA5,
0x857C, 0x0C9D,
0x857C, 0x0C94,
0x857C, 0x0C8C,
0x857C, 0x0C83,
0x857C, 0x0C7A,
0x857C, 0x0C72,
0x857C, 0x0C69,
0x857C, 0x0C61,
0x857A, 0x0C58,
0x857B, 0x0C50,
0x857C, 0x0C47,
0x857C, 0x0C3F,
0x857C, 0x0C36,
0x857C, 0x0C2D,
0x857A, 0x0C25,
0x857B, 0x0C1D,
0x857C, 0x0C14,
0x857C, 0x0C0C,
0x857B, 0x0C03,
0x8574, 0x0C00,
0x856C, 0x0C03,
0x8566, 0x0C08,
0x855F, 0x0C0C,
0x8559, 0x0C12,
0x8552, 0x0C18,
0x8549, 0x0C18,
0x8542, 0x0C14,
0x8540, 0x0C0C,
0x8544, 0x0C04,
0x8546, 0x0BFC,
0x8546, 0x0BF3,
0x8546, 0x0BEB,
0x854B, 0x0BE4,
0x854C, 0x0BDC,
0x855B, 0x0BE0,
0x855B, 0x0BE8,
0x855B, 0x0BEF,
0x8563, 0x0BF0,
0x8569, 0x0BED,
0x8572, 0x0BEC,
0x8575, 0x0BE6,
0x8575, 0x0BDD,
0x8570, 0x0BD7,
0x856A, 0x0BD3,
0x8562, 0x0BD0,
0x8561, 0x0BD0,
0x855D, 0x0BD7,
0x855B, 0x0BE0,
0x854C, 0x0BDC,
0x854C, 0x0BD3,
0x854C, 0x0BCA,
0x854C, 0x0BC2,
0x854C, 0x0BB9,
0x854C, 0x0BB1,
0x854C, 0x0BA8,
0x054C, 0x0BA8,
0x0722, 0x0BF7,
0x8722, 0x0BF7,
0x8726, 0x0BFB,
0x0722, 0x0BF7,
0x071E, 0x0BF7,
0x871E, 0x0BF7,
0x8722, 0x0BFB,
0x071E, 0x0BF7,
0x071B, 0x0BD5,
0x871B, 0x0BD5,
0x871F, 0x0BDA,
0x071B, 0x0BD5,
0x071A, 0x0BDB,
0x871A, 0x0BDB,
0x871F, 0x0BDF,
0x071A, 0x0BDB,
0x071A, 0x0BF2,
0x871A, 0x0BF2,
0x871E, 0x0BF6,
0x071A, 0x0BF2,
0x071A, 0x0BDE,
0x871A, 0x0BDE,
0x871E, 0x0BE2,
0x071A, 0x0BDE,
0x070B, 0x0BE8,
0x870B, 0x0BE8,
0x8710, 0x0BEC,
0x070B, 0x0BE8,
0x0715, 0x0BE5,
0x8715, 0x0BE5,
0x8719, 0x0BEA,
0x0715, 0x0BE5,
0x0719, 0x0BF1,
0x8719, 0x0BF1,
0x871D, 0x0BF6,
0x0719, 0x0BF1,
0x06D9, 0x0BE7,
0x86D9, 0x0BE7,
0x86DD, 0x0BEB,
0x06D9, 0x0BE7,
0x06D7, 0x0BEA,
0x86D7, 0x0BEA,
0x86DB, 0x0BEE,
0x06D7, 0x0BEA,
0x06E0, 0x0BE5,
0x86E0, 0x0BE5,
0x86E4, 0x0BE9,
0x06E0, 0x0BE5,
0x06EA, 0x0BE7,
0x86EA, 0x0BE7,
0x86EE, 0x0BEB,
0x06EA, 0x0BE7,
0x06E1, 0x0BEB,
0x86E1, 0x0BEB,
0x86E5, 0x0BEF,
0x06E1, 0x0BEB,
0x0700, 0x0BE5,
0x8700, 0x0BE5,
0x8704, 0x0BE9,
0x0700, 0x0BE5,
0x06FF, 0x0BEA,
0x86FF, 0x0BEA,
0x8703, 0x0BEF,
0x06FF, 0x0BEA,
0x0708, 0x0BE7,
0x8708, 0x0BE7,
0x870C, 0x0BEB,
0x0708, 0x0BE7,
0x0701, 0x0BEB,
0x8701, 0x0BEB,
0x8705, 0x0BEF,
0x0701, 0x0BEB,
0x06CF, 0x0BE5,
0x86CF, 0x0BE5,
0x86D3, 0x0BE9,
0x06CF, 0x0BE5,
0x06C6, 0x0BE9,
0x86C6, 0x0BE9,
0x86CA, 0x0BED,
0x06C6, 0x0BE9,
0x06C3, 0x0BE8,
0x86C3, 0x0BE8,
0x86C7, 0x0BEC,
0x06C3, 0x0BE8,
0x06B2, 0x0BE7,
0x86B2, 0x0BE7,
0x86B6, 0x0BEB,
0x06B2, 0x0BE7,
0x06AA, 0x0BE5,
0x86AA, 0x0BE5,
0x86AE, 0x0BE9,
0x06AA, 0x0BE5,
0x06AE, 0x0BE7,
0x86AE, 0x0BE7,
0x86B2, 0x0BEB,
0x06AE, 0x0BE7,
0x069E, 0x0BE3,
0x869E, 0x0BE3,
0x86A2, 0x0BE7,
0x069E, 0x0BE3,
0x0696, 0x0BE7,
0x8696, 0x0BE7,
0x869A, 0x0BEB,
0x0696, 0x0BE7,
0x0692, 0x0BEA,
0x8692, 0x0BEA,
0x8696, 0x0BEE,
0x0692, 0x0BEA,
0x068F, 0x0BEB,
0x868F, 0x0BEB,
0x8693, 0x0BEF,
0x068F, 0x0BEB,
0x068F, 0x0BEC,
0x868F, 0x0BEC,
0x8693, 0x0BF0,
0x068F, 0x0BEC,
0x0686, 0x0BEA,
0x8686, 0x0BEA,
0x868A, 0x0BEE,
0x0686, 0x0BEA,
0x0686, 0x0BE8,
0x8686, 0x0BE8,
0x868A, 0x0BEC,
0x0686, 0x0BE8,
0x0686, 0x0BE9,
0x8686, 0x0BE9,
0x868A, 0x0BED,
0x0686, 0x0BE9,
0x0681, 0x0BE8,
0x8681, 0x0BE8,
0x8685, 0x0BED,
0x0681, 0x0BE8,
0x0686, 0x0BE8,
0x8686, 0x0BE8,
0x868A, 0x0BEC,
0x0686, 0x0BE8,
0x0675, 0x0BE7,
0x8675, 0x0BE7,
0x8679, 0x0BEB,
0x0675, 0x0BE7,
0x066A, 0x0BE8,
0x866A, 0x0BE8,
0x866E, 0x0BEC,
0x066A, 0x0BE8,
0x0669, 0x0BE6,
0x8669, 0x0BE6,
0x866E, 0x0BEA,
0x0669, 0x0BE6,
0x065F, 0x0BE7,
0x865F, 0x0BE7,
0x8663, 0x0BEB,
0x065F, 0x0BE7,
0x0662, 0x0BE8,
0x8662, 0x0BE8,
0x8666, 0x0BEC,
0x0662, 0x0BE8,
0x0650, 0x0BE7,
0x8650, 0x0BE7,
0x8654, 0x0BEB,
0x0650, 0x0BE7,
0x063E, 0x0BE5,
0x863E, 0x0BE5,
0x8642, 0x0BE9,
0x063E, 0x0BE5,
0x0633, 0x0BE1,
0x8633, 0x0BE1,
0x8637, 0x0BE5,
0x0633, 0x0BE1,
0x0632, 0x0BE5,
0x8632, 0x0BE5,
0x8637, 0x0BE9,
0x0632, 0x0BE5,
0x0628, 0x0BE5,
0x8628, 0x0BE5,
0x862C, 0x0BE9,
0x0628, 0x0BE5,
0x0638, 0x0BDD,
0x8638, 0x0BDD,
0x863D, 0x0BE1,
0x0638, 0x0BDD,
0x0627, 0x0BE2,
0x8627, 0x0BE2,
0x862B, 0x0BE6,
0x0627, 0x0BE2,
0x0618, 0x0BE8,
0x8618, 0x0BE8,
0x861D, 0x0BEC,
0x0618, 0x0BE8,
0x0618, 0x0BE8,
0x8618, 0x0BE8,
0x861C, 0x0BEC,
0x0618, 0x0BE8,
0x061A, 0x0BE7,
0x861A, 0x0BE7,
0x861E, 0x0BEB,
0x061A, 0x0BE7,
0x0603, 0x0BE4,
0x8603, 0x0BE4,
0x8607, 0x0BE8,
0x0603, 0x0BE4,
0x0608, 0x0BE5,
0x8608, 0x0BE5,
0x860C, 0x0BE9,
0x0608, 0x0BE5,
0x05FE, 0x0BE9,
0x85FE, 0x0BE9,
0x8603, 0x0BED,
0x05FE, 0x0BE9,
0x05F7, 0x0BE9,
0x85F7, 0x0BE9,
0x85FB, 0x0BED,
0x05F7, 0x0BE9,
0x05F7, 0x0BE8,
0x85F7, 0x0BE8,
0x85FB, 0x0BEC,
0x05F7, 0x0BE8,
0x05F0, 0x0BE1,
0x85F0, 0x0BE1,
0x85F4, 0x0BE5,
0x05F0, 0x0BE1,
0x05D5, 0x0BE4,
0x85D5, 0x0BE4,
0x85D9, 0x0BE8,
0x05D5, 0x0BE4,
0x05CA, 0x0BE4,
0x85CA, 0x0BE4,
0x85CE, 0x0BE8,
0x05CA, 0x0BE4,
0x05C9, 0x0BE1,
0x85C9, 0x0BE1,
0x85CE, 0x0BE5,
0x05C9, 0x0BE1,
0x05B2, 0x0BDD,
0x85B2, 0x0BDD,
0x85B6, 0x0BE2,
0x05B2, 0x0BDD,
0x05AE, 0x0BE1,
0x85AE, 0x0BE1,
0x85B2, 0x0BE5,
0x05AE, 0x0BE1,
0x05AE, 0x0BDE,
0x85AE, 0x0BDE,
0x85B2, 0x0BE2,
0x05AE, 0x0BDE,
0x05BA, 0x0BDC,
0x85BA, 0x0BDC,
0x85BE, 0x0BE0,
0x05BA, 0x0BDC,
0x05BB, 0x0BDF,
0x85BB, 0x0BDF,
0x85C0, 0x0BE3,
0x05BB, 0x0BDF,
0x05C2, 0x0BDD,
0x85C2, 0x0BDD,
0x85C6, 0x0BE1,
0x05C2, 0x0BDD,
0x0581, 0x0C01,
0x8581, 0x0C01,
0x8585, 0x0C05,
0x0581, 0x0C01,
0x0598, 0x0BE2,
0x8598, 0x0BE2,
0x859D, 0x0BE6,
0x0598, 0x0BE2,
0x05A4, 0x0BDB,
0x85A4, 0x0BDB,
0x85A8, 0x0BDF,
0x05A4, 0x0BDB,
0x05A5, 0x0BDB,
0x85A5, 0x0BDB,
0x85A9, 0x0BDF,
0x05A5, 0x0BDB,
0x05A8, 0x0BE1,
0x85A8, 0x0BE1,
0x85AD, 0x0BE5,
0x05A8, 0x0BE1,
0x0724, 0x0C0A,
0x8724, 0x0C0A,
0x8728, 0x0C0E,
0x0724, 0x0C0A,
0x0726, 0x0C36,
0x8726, 0x0C36,
0x872B, 0x0C3A,
0x0726, 0x0C36,
0x0734, 0x0CAB,
0x8734, 0x0CAB,
0x8738, 0x0CAF,
0x0734, 0x0CAB,
0x0733, 0x0C9D,
0x8733, 0x0C9D,
0x8737, 0x0CA1,
0x0733, 0x0C9D,
0x073E, 0x0CC4,
0x873E, 0x0CC4,
0x8742, 0x0CC9,
0x073E, 0x0CC4,
0x0738, 0x0CBA,
0x8738, 0x0CBA,
0x873C, 0x0CBE,
0x0738, 0x0CBA,
0x0741, 0x0CCE,
0x8741, 0x0CCE,
0x8745, 0x0CD2,
0x0741, 0x0CCE,
0x0742, 0x0CCE,
0x8742, 0x0CCE,
0x8746, 0x0CD2,
0x0742, 0x0CCE,
0x073D, 0x0CB8,
0x873D, 0x0CB8,
0x8741, 0x0CBC,
0x073D, 0x0CB8,
0x0744, 0x0CD3,
0x8744, 0x0CD3,
0x8748, 0x0CD7,
0x0744, 0x0CD3,
0x0747, 0x0CE7,
0x8747, 0x0CE7,
0x874B, 0x0CEB,
0x0747, 0x0CE7,
0x0750, 0x0CE5,
0x8750, 0x0CE5,
0x8755, 0x0CE9,
0x0750, 0x0CE5,
0x0753, 0x0CF8,
0x8753, 0x0CF8,
0x8757, 0x0CFC,
0x0753, 0x0CF8,
0x074F, 0x0CF8,
0x874F, 0x0CF8,
0x8753, 0x0CFC,
0x074F, 0x0CF8,
0x0755, 0x0CF3,
0x8755, 0x0CF3,
0x8759, 0x0CF7,
0x0755, 0x0CF3,
0x0740, 0x0CEE,
0x8740, 0x0CEE,
0x8744, 0x0CF2,
0x0740, 0x0CEE,
0x074A, 0x0CEE,
0x874A, 0x0CEE,
0x874E, 0x0CF2,
0x074A, 0x0CEE,
0x074A, 0x0CE9,
0x874A, 0x0CE9,
0x874E, 0x0CED,
0x074A, 0x0CE9,
0x0733, 0x0CF7,
0x8733, 0x0CF7,
0x8737, 0x0CFB,
0x0733, 0x0CF7,
0x0735, 0x0CF7,
0x8735, 0x0CF7,
0x8739, 0x0CFB,
0x0735, 0x0CF7,
0x072D, 0x0CF2,
0x872D, 0x0CF2,
0x8731, 0x0CF6,
0x072D, 0x0CF2,
0x0739, 0x0CFA,
0x8739, 0x0CFA,
0x873D, 0x0CFE,
0x0739, 0x0CFA,
0x0732, 0x0CF4,
0x8732, 0x0CF4,
0x8737, 0x0CF8,
0x0732, 0x0CF4,
0x071F, 0x0CD0,
0x871F, 0x0CD0,
0x8723, 0x0CD4,
0x071F, 0x0CD0,
0x072F, 0x0CE4,
0x872F, 0x0CE4,
0x8733, 0x0CE8,
0x072F, 0x0CE4,
0x072D, 0x0CE1,
0x872D, 0x0CE1,
0x8731, 0x0CE5,
0x072D, 0x0CE1,
0x071C, 0x0CC2,
0x871C, 0x0CC2,
0x8720, 0x0CC6,
0x071C, 0x0CC2,
0x0721, 0x0CC3,
0x8721, 0x0CC3,
0x8725, 0x0CC7,
0x0721, 0x0CC3,
0x0722, 0x0CC3,
0x8722, 0x0CC3,
0x8726, 0x0CC7,
0x0722, 0x0CC3,
0x0723, 0x0CB2,
0x8723, 0x0CB2,
0x8727, 0x0CB6,
0x0723, 0x0CB2,
0x0723, 0x0CB9,
0x8723, 0x0CB9,
0x8727, 0x0CBD,
0x0723, 0x0CB9,
0x0726, 0x0C45,
0x8726, 0x0C45,
0x872A, 0x0C49,
0x0726, 0x0C45,
0x072F, 0x0CA0,
0x872F, 0x0CA0,
0x8733, 0x0CA5,
0x072F, 0x0CA0,
0x0723, 0x0C62,
0x8723, 0x0C62,
0x8728, 0x0C66,
0x0723, 0x0C62,
0x0723, 0x0C61,
0x8723, 0x0C61,
0x8727, 0x0C65,
0x0723, 0x0C61,
0x0724, 0x0C68,
0x8724, 0x0C68,
0x8728, 0x0C6C,
0x0724, 0x0C68,
0x0729, 0x0C9D,
0x8729, 0x0C9D,
0x872E, 0x0CA1,
0x0729, 0x0C9D,
0x0727, 0x0C86,
0x8727, 0x0C86,
0x872B, 0x0C8A,
0x0727, 0x0C86,
0x072A, 0x0CA3,
0x872A, 0x0CA3,
0x872E, 0x0CA8,
0x072A, 0x0CA3,
0x0720, 0x0C73,
0x8720, 0x0C73,
0x8724, 0x0C78,
0x0720, 0x0C73,
0x071E, 0x0C64,
0x871E, 0x0C64,
0x8722, 0x0C68,
0x071E, 0x0C64,
0x0725, 0x0CA5,
0x8725, 0x0CA5,
0x872A, 0x0CA9,
0x0725, 0x0CA5,
0x0720, 0x0C9F,
0x8720, 0x0C9F,
0x8724, 0x0CA4,
0x0720, 0x0C9F,
0x0724, 0x0CA2,
0x8724, 0x0CA2,
0x8729, 0x0CA6,
0x0724, 0x0CA2,
0x071B, 0x0CD7,
0x871B, 0x0CD7,
0x8720, 0x0CDB,
0x071B, 0x0CD7,
0x0708, 0x0CFB,
0x8708, 0x0CFB,
0x870C, 0x0CFF,
0x0708, 0x0CFB,
0x0706, 0x0D00,
0x8706, 0x0D00,
0x870B, 0x0D04,
0x0706, 0x0D00,
0x070D, 0x0CF6,
0x870D, 0x0CF6,
0x8711, 0x0CFA,
0x070D, 0x0CF6,
0x0710, 0x0D02,
0x8710, 0x0D02,
0x8714, 0x0D06,
0x0710, 0x0D02,
0x0711, 0x0CFA,
0x8711, 0x0CFA,
0x8715, 0x0CFE,
0x0711, 0x0CFA,
0x0718, 0x0CFC,
0x8718, 0x0CFC,
0x871C, 0x0D00,
0x0718, 0x0CFC,
0x071A, 0x0CED,
0x871A, 0x0CED,
0x871E, 0x0CF1,
0x071A, 0x0CED,
0x071D, 0x0CF6,
0x871D, 0x0CF6,
0x8721, 0x0CFB,
0x071D, 0x0CF6,
0x0719, 0x0CE9,
0x8719, 0x0CE9,
0x871D, 0x0CED,
0x0719, 0x0CE9,
0x0725, 0x0CF3,
0x8725, 0x0CF3,
0x8729, 0x0CF7,
0x0725, 0x0CF3,
0x0723, 0x0CFB,
0x8723, 0x0CFB,
0x8727, 0x0CFF,
0x0723, 0x0CFB,
0x0718, 0x0C67,
0x8718, 0x0C67,
0x871C, 0x0C6B,
0x0718, 0x0C67,
0x071B, 0x0C6F,
0x871B, 0x0C6F,
0x871F, 0x0C73,
0x071B, 0x0C6F,
0x0714, 0x0C6C,
0x8714, 0x0C6C,
0x8718, 0x0C70,
0x0714, 0x0C6C,
0x0710, 0x0C6A,
0x8710, 0x0C6A,
0x8714, 0x0C6E,
0x0710, 0x0C6A,
0x06EF, 0x0C6C,
0x86EF, 0x0C6C,
0x86F3, 0x0C70,
0x06EF, 0x0C6C,
0x06EE, 0x0C67,
0x86EE, 0x0C67,
0x86F2, 0x0C6B,
0x06EE, 0x0C67,
0x06F3, 0x0C66,
0x86F3, 0x0C66,
0x86F7, 0x0C6A,
0x06F3, 0x0C66,
0x0708, 0x0C6D,
0x8708, 0x0C6D,
0x870C, 0x0C71,
0x0708, 0x0C6D,
0x068B, 0x0C63,
0x868B, 0x0C63,
0x868F, 0x0C67,
0x068B, 0x0C63,
0x0687, 0x0C62,
0x8687, 0x0C62,
0x868B, 0x0C66,
0x0687, 0x0C62,
0x0688, 0x0C62,
0x8688, 0x0C62,
0x868C, 0x0C66,
0x0688, 0x0C62,
0x069B, 0x0C67,
0x869B, 0x0C67,
0x869F, 0x0C6B,
0x069B, 0x0C67,
0x068C, 0x0C62,
0x868C, 0x0C62,
0x8690, 0x0C66,
0x068C, 0x0C62,
0x06B6, 0x0C69,
0x86B6, 0x0C69,
0x86BA, 0x0C6D,
0x06B6, 0x0C69,
0x06B8, 0x0C66,
0x86B8, 0x0C66,
0x86BC, 0x0C6B,
0x06B8, 0x0C66,
0x06D6, 0x0C6D,
0x86D6, 0x0C6D,
0x86DA, 0x0C71,
0x06D6, 0x0C6D,
0x06D3, 0x0C6A,
0x86D3, 0x0C6A,
0x86D7, 0x0C6E,
0x06D3, 0x0C6A,
0x06D2, 0x0C69,
0x86D2, 0x0C69,
0x86D6, 0x0C6D,
0x06D2, 0x0C69,
0x06D8, 0x0C68,
0x86D8, 0x0C68,
0x86DC, 0x0C6C,
0x06D8, 0x0C68,
0x06E1, 0x0C6B,
0x86E1, 0x0C6B,
0x86E5, 0x0C70,
0x06E1, 0x0C6B,
0x0689, 0x0C65,
0x8689, 0x0C65,
0x868D, 0x0C69,
0x0689, 0x0C65,
0x068E, 0x0C68,
0x868E, 0x0C68,
0x8692, 0x0C6C,
0x068E, 0x0C68,
0x0686, 0x0C65,
0x8686, 0x0C65,
0x868A, 0x0C69,
0x0686, 0x0C65,
0x0684, 0x0C65,
0x8684, 0x0C65,
0x8688, 0x0C6A,
0x0684, 0x0C65,
0x067F, 0x0C64,
0x867F, 0x0C64,
0x8683, 0x0C68,
0x067F, 0x0C64,
0x0689, 0x0C65,
0x8689, 0x0C65,
0x868D, 0x0C69,
0x0689, 0x0C65,
0x0674, 0x0C64,
0x8674, 0x0C64,
0x8678, 0x0C68,
0x0674, 0x0C64,
0x0678, 0x0C62,
0x8678, 0x0C62,
0x867C, 0x0C66,
0x0678, 0x0C62,
0x0683, 0x0C68,
0x8683, 0x0C68,
0x8688, 0x0C6C,
0x0683, 0x0C68,
0x0657, 0x0C61,
0x8657, 0x0C61,
0x865B, 0x0C65,
0x0657, 0x0C61,
0x0664, 0x0C62,
0x8664, 0x0C62,
0x8669, 0x0C66,
0x0664, 0x0C62,
0x0665, 0x0C62,
0x8665, 0x0C62,
0x8669, 0x0C66,
0x0665, 0x0C62,
0x064B, 0x0C62,
0x864B, 0x0C62,
0x864F, 0x0C66,
0x064B, 0x0C62,
0x0646, 0x0C64,
0x8646, 0x0C64,
0x864A, 0x0C69,
0x0646, 0x0C64,
0x063C, 0x0C63,
0x863C, 0x0C63,
0x8640, 0x0C67,
0x063C, 0x0C63,
0x0634, 0x0C65,
0x8634, 0x0C65,
0x8638, 0x0C69,
0x0634, 0x0C65,
0x0638, 0x0C66,
0x8638, 0x0C66,
0x863C, 0x0C6A,
0x0638, 0x0C66,
0x0637, 0x0C67,
0x8637, 0x0C67,
0x863B, 0x0C6B,
0x0637, 0x0C67,
0x0637, 0x0C66,
0x8637, 0x0C66,
0x863B, 0x0C6A,
0x0637, 0x0C66,
0x0625, 0x0C64,
0x8625, 0x0C64,
0x8629, 0x0C68,
0x0625, 0x0C64,
0x062A, 0x0C69,
0x862A, 0x0C69,
0x862E, 0x0C6D,
0x062A, 0x0C69,
0x0617, 0x0C63,
0x8617, 0x0C63,
0x861B, 0x0C67,
0x0617, 0x0C63,
0x0615, 0x0C63,
0x8615, 0x0C63,
0x8619, 0x0C67,
0x0615, 0x0C63,
0x0621, 0x0C67,
0x8621, 0x0C67,
0x8625, 0x0C6B,
0x0621, 0x0C67,
0x061B, 0x0C66,
0x861B, 0x0C66,
0x861F, 0x0C6A,
0x061B, 0x0C66,
0x060B, 0x0C60,
0x860B, 0x0C60,
0x860F, 0x0C64,
0x060B, 0x0C60,
0x060A, 0x0C62,
0x860A, 0x0C62,
0x860F, 0x0C66,
0x060A, 0x0C62,
0x05F7, 0x0C5D,
0x85F7, 0x0C5D,
0x85FB, 0x0C61,
0x05F7, 0x0C5D,
0x05F7, 0x0C65,
0x85F7, 0x0C65,
0x85FB, 0x0C69,
0x05F7, 0x0C65,
0x05C9, 0x0C50,
0x85C9, 0x0C50,
0x85CD, 0x0C54,
0x05C9, 0x0C50,
0x05C8, 0x0C4A,
0x85C8, 0x0C4A,
0x85CC, 0x0C4E,
0x05C8, 0x0C4A,
0x05C4, 0x0C44,
0x85C4, 0x0C44,
0x85C8, 0x0C48,
0x05C4, 0x0C44,
0x05C5, 0x0C47,
0x85C5, 0x0C47,
0x85C9, 0x0C4B,
0x05C5, 0x0C47,
0x05C0, 0x0C49,
0x85C0, 0x0C49,
0x85C4, 0x0C4D,
0x05C0, 0x0C49,
0x05EA, 0x0C5C,
0x85EA, 0x0C5C,
0x85EE, 0x0C60,
0x05EA, 0x0C5C,
0x05E9, 0x0C58,
0x85E9, 0x0C58,
0x85ED, 0x0C5C,
0x05E9, 0x0C58,
0x05E5, 0x0C62,
0x85E5, 0x0C62,
0x85E9, 0x0C67,
0x05E5, 0x0C62,
0x05E9, 0x0C5D,
0x85E9, 0x0C5D,
0x85ED, 0x0C61,
0x05E9, 0x0C5D,
0x05E2, 0x0C56,
0x85E2, 0x0C56,
0x85E6, 0x0C5A,
0x05E2, 0x0C56,
0x05E0, 0x0C5A,
0x85E0, 0x0C5A,
0x85E4, 0x0C5E,
0x05E0, 0x0C5A,
0x05E1, 0x0C56,
0x85E1, 0x0C56,
0x85E5, 0x0C5A,
0x05E1, 0x0C56,
0x05E7, 0x0C59,
0x85E7, 0x0C59,
0x85EB, 0x0C5D,
0x05E7, 0x0C59,
0x05E8, 0x0C5E,
0x85E8, 0x0C5E,
0x85EC, 0x0C62,
0x05E8, 0x0C5E,
0x05E8, 0x0C61,
0x85E8, 0x0C61,
0x85EC, 0x0C65,
0x05E8, 0x0C61,
0x05E9, 0x0C61,
0x85E9, 0x0C61,
0x85ED, 0x0C65,
0x05E9, 0x0C61,
0x05D1, 0x0C51,
0x85D1, 0x0C51,
0x85D5, 0x0C55,
0x05D1, 0x0C51,
0x05DC, 0x0C54,
0x85DC, 0x0C54,
0x85E0, 0x0C58,
0x05DC, 0x0C54,
0x05E2, 0x0C5E,
0x85E2, 0x0C5E,
0x85E6, 0x0C62,
0x05E2, 0x0C5E,
0x05E7, 0x0C61,
0x85E7, 0x0C61,
0x85EB, 0x0C65,
0x05E7, 0x0C61,
0x05DE, 0x0C68,
0x85DE, 0x0C68,
0x85E2, 0x0C6C,
0x05DE, 0x0C68,
0x05E0, 0x0C6A,
0x85E0, 0x0C6A,
0x85E4, 0x0C6E,
0x05E0, 0x0C6A,
0x05DA, 0x0C6D,
0x85DA, 0x0C6D,
0x85DE, 0x0C71,
0x05DA, 0x0C6D,
0x05B3, 0x0C32,
0x85B3, 0x0C32,
0x85B7, 0x0C36,
0x05B3, 0x0C32,
0x05B7, 0x0C2A,
0x85B7, 0x0C2A,
0x85BB, 0x0C2E,
0x05B7, 0x0C2A,
0x05BB, 0x0C30,
0x85BB, 0x0C30,
0x85BF, 0x0C34,
0x05BB, 0x0C30,
0x05B3, 0x0C3A,
0x85B3, 0x0C3A,
0x85B7, 0x0C3E,
0x05B3, 0x0C3A,
0x05B2, 0x0C33,
0x85B2, 0x0C33,
0x85B6, 0x0C37,
0x05B2, 0x0C33,
0x05B3, 0x0C41,
0x85B3, 0x0C41,
0x85B7, 0x0C45,
0x05B3, 0x0C41,
0x05B6, 0x0C33,
0x85B6, 0x0C33,
0x85BA, 0x0C37,
0x05B6, 0x0C33,
0x05B7, 0x0C44,
0x85B7, 0x0C44,
0x85BC, 0x0C48,
0x05B7, 0x0C44,
0x05B6, 0x0C44,
0x85B6, 0x0C44,
0x85BA, 0x0C49,
0x05B6, 0x0C44,
0x05B0, 0x0C82,
0x85B0, 0x0C82,
0x85B4, 0x0C86,
0x05B0, 0x0C82,
0x05B0, 0x0C7C,
0x85B0, 0x0C7C,
0x85B4, 0x0C80,
0x05B0, 0x0C7C,
0x05B7, 0x0C84,
0x85B7, 0x0C84,
0x85BB, 0x0C88,
0x05B7, 0x0C84,
0x05B3, 0x0C7E,
0x85B3, 0x0C7E,
0x85B7, 0x0C82,
0x05B3, 0x0C7E,
0x05B3, 0x0C7E,
0x85B3, 0x0C7E,
0x85B7, 0x0C82,
0x05B3, 0x0C7E,
0x0583, 0x0C4C,
0x8583, 0x0C4C,
0x8587, 0x0C50,
0x0583, 0x0C4C,
0x0580, 0x0C34,
0x8580, 0x0C34,
0x8584, 0x0C38,
0x0580, 0x0C34,
0x0583, 0x0C6E,
0x8583, 0x0C6E,
0x8587, 0x0C72,
0x0583, 0x0C6E,
0x0586, 0x0C62,
0x8586, 0x0C62,
0x858A, 0x0C66,
0x0586, 0x0C62,
0x0587, 0x0C5C,
0x8587, 0x0C5C,
0x858B, 0x0C60,
0x0587, 0x0C5C,
0x0581, 0x0C8B,
0x8581, 0x0C8B,
0x8585, 0x0C8F,
0x0581, 0x0C8B,
0x0596, 0x0CBB,
0x8596, 0x0CBB,
0x859A, 0x0CBF,
0x0596, 0x0CBB,
0x05A2, 0x0CBE,
0x85A2, 0x0CBE,
0x85A6, 0x0CC2,
0x05A2, 0x0CBE,
0x0584, 0x0C9E,
0x8584, 0x0C9E,
0x8588, 0x0CA2,
0x0584, 0x0C9E,
0x0595, 0x0CAA,
0x8595, 0x0CAA,
0x8599, 0x0CAF,
0x0595, 0x0CAA,
0x05AD, 0x0CBF,
0x85AD, 0x0CBF,
0x85B1, 0x0CC3,
0x05AD, 0x0CBF,
0x05B0, 0x0CBC,
0x85B0, 0x0CBC,
0x85B4, 0x0CC0,
0x05B0, 0x0CBC,
0x05B1, 0x0CBD,
0x85B1, 0x0CBD,
0x85B5, 0x0CC1,
0x05B1, 0x0CBD,
0x05B4, 0x0CBB,
0x85B4, 0x0CBB,
0x85B8, 0x0CBF,
0x05B4, 0x0CBB,
0x05C2, 0x0CBB,
0x85C2, 0x0CBB,
0x85C6, 0x0CBF,
0x05C2, 0x0CBB,
0x05C6, 0x0CB9,
0x85C6, 0x0CB9,
0x85CA, 0x0CBD,
0x05C6, 0x0CB9,
0x05CA, 0x0CB7,
0x85CA, 0x0CB7,
0x85CE, 0x0CBB,
0x05CA, 0x0CB7,
0x0565, 0x0CBF,
0x8565, 0x0CBF,
0x8569, 0x0CC3,
0x0565, 0x0CBF,
0x056F, 0x0CBC,
0x856F, 0x0CBC,
0x8574, 0x0CC0,
0x056F, 0x0CBC,
0x056B, 0x0CB3,
0x856B, 0x0CB3,
0x8570, 0x0CB7,
0x056B, 0x0CB3,
0x056B, 0x0CBC,
0x856B, 0x0CBC,
0x856F, 0x0CC1,
0x056B, 0x0CBC,
0x056F, 0x0CBB,
0x856F, 0x0CBB,
0x8573, 0x0CBF,
0x056F, 0x0CBB,
0x056E, 0x0CC0,
0x856E, 0x0CC0,
0x8572, 0x0CC4,
0x056E, 0x0CC0,
0x057C, 0x0CB9,
0x857C, 0x0CB9,
0x8580, 0x0CBD,
0x057C, 0x0CB9,
0x057C, 0x0CB3,
0x857C, 0x0CB3,
0x8580, 0x0CB7,
0x057C, 0x0CB3,
0x057D, 0x0CBC,
0x857D, 0x0CBC,
0x8581, 0x0CC0,
0x057D, 0x0CBC,
0x0580, 0x0CBA,
0x8580, 0x0CBA,
0x8584, 0x0CBE,
0x0580, 0x0CBA,
0x0583, 0x0CBE,
0x8583, 0x0CBE,
0x8587, 0x0CC2,
0x0583, 0x0CBE,
0x0583, 0x0CB5,
0x8583, 0x0CB5,
0x8588, 0x0CB9,
0x0583, 0x0CB5,
0x057F, 0x0CA3,
0x857F, 0x0CA3,
0x8583, 0x0CA7,
0x057F, 0x0CA3,
0x0589, 0x0CB5,
0x8589, 0x0CB5,
0x858D, 0x0CB9,
0x0589, 0x0CB5,
0x058B, 0x0CB9,
0x858B, 0x0CB9,
0x858F, 0x0CBD,
0x058B, 0x0CB9,
0x0560, 0x0CA9,
0x8560, 0x0CA9,
0x8564, 0x0CAD,
0x0560, 0x0CA9,
0x0563, 0x0CAC,
0x8563, 0x0CAC,
0x8567, 0x0CB0,
0x0563, 0x0CAC,
0x0569, 0x0CAB,
0x8569, 0x0CAB,
0x856D, 0x0CAF,
0x0569, 0x0CAB,
0x055A, 0x0CA8,
0x855A, 0x0CA8,
0x855E, 0x0CAD,
0x055A, 0x0CA8,
0x055B, 0x0CA5,
0x855B, 0x0CA5,
0x855F, 0x0CA9,
0x055B, 0x0CA5,
0x055B, 0x0CA6,
0x855B, 0x0CA6,
0x855F, 0x0CAA,
0x055B, 0x0CA6,
0x0552, 0x0CA7,
0x8552, 0x0CA7,
0x8556, 0x0CAB,
0x0552, 0x0CA7,
0x054F, 0x0CA8,
0x854F, 0x0CA8,
0x8553, 0x0CAC,
0x054F, 0x0CA8,
0x0548, 0x0CA6,
0x8548, 0x0CA6,
0x854C, 0x0CAA,
0x0548, 0x0CA6,
0x0542, 0x0CA1,
0x8542, 0x0CA1,
0x8546, 0x0CA5,
0x0542, 0x0CA1,
0x054A, 0x0CA2,
0x854A, 0x0CA2,
0x854E, 0x0CA7,
0x054A, 0x0CA2,
0x0549, 0x0CA1,
0x8549, 0x0CA1,
0x854D, 0x0CA5,
0x0549, 0x0CA1,
0x0549, 0x0CA6,
0x8549, 0x0CA6,
0x854D, 0x0CAA,
0x0549, 0x0CA6,
0x0556, 0x0CC6,
0x8556, 0x0CC6,
0x855A, 0x0CCA,
0x0556, 0x0CC6,
0x054F, 0x0CCE,
0x854F, 0x0CCE,
0x8553, 0x0CD2,
0x054F, 0x0CCE,
0x054A, 0x0CD3,
0x854A, 0x0CD3,
0x854E, 0x0CD7,
0x054A, 0x0CD3,
0x0548, 0x0CCE,
0x8548, 0x0CCE,
0x854C, 0x0CD2,
0x0548, 0x0CCE,
0x054B, 0x0CD0,
0x854B, 0x0CD0,
0x854F, 0x0CD4,
0x054B, 0x0CD0,
0x053E, 0x0CD4,
0x853E, 0x0CD4,
0x8542, 0x0CD8,
0x053E, 0x0CD4,
0x053E, 0x0CCF,
0x853E, 0x0CCF,
0x8542, 0x0CD3,
0x053E, 0x0CCF,
0x0534, 0x0CD7,
0x8534, 0x0CD7,
0x8538, 0x0CDB,
0x0534, 0x0CD7,
0x053C, 0x0CD0,
0x853C, 0x0CD0,
0x8540, 0x0CD4,
0x053C, 0x0CD0,
0x0535, 0x0CDB,
0x8535, 0x0CDB,
0x8539, 0x0CDF,
0x0535, 0x0CDB,
0x0532, 0x0CE8,
0x8532, 0x0CE8,
0x8536, 0x0CED,
0x0532, 0x0CE8,
0x0536, 0x0CE5,
0x8536, 0x0CE5,
0x853A, 0x0CE9,
0x0536, 0x0CE5,
0x0532, 0x0CE6,
0x8532, 0x0CE6,
0x8536, 0x0CEA,
0x0532, 0x0CE6,
0x0555, 0x0BCC,
0x8555, 0x0BCC,
0x8559, 0x0BD0,
0x0555, 0x0BCC,
0x0558, 0x0BC3,
0x8558, 0x0BC3,
0x855C, 0x0BC7,
0x0558, 0x0BC3,
0x0550, 0x0BCF,
0x8550, 0x0BCF,
0x8554, 0x0BD3,
0x0550, 0x0BCF,
0x055E, 0x0BC4,
0x855E, 0x0BC4,
0x8562, 0x0BC8,
0x055E, 0x0BC4,
0x0555, 0x0BB8,
0x8555, 0x0BB8,
0x8559, 0x0BBC,
0x0555, 0x0BB8,
0x0558, 0x0BB1,
0x8558, 0x0BB1,
0x855C, 0x0BB5,
0x0558, 0x0BB1,
0x055B, 0x0BB5,
0x855B, 0x0BB5,
0x855F, 0x0BB9,
0x055B, 0x0BB5,
0x0559, 0x0BB2,
0x8559, 0x0BB2,
0x855D, 0x0BB6,
0x0559, 0x0BB2,
0x056E, 0x0BF7,
0x856E, 0x0BF7,
0x8572, 0x0BFB,
0x056E, 0x0BF7,
0x056A, 0x0BF5,
0x856A, 0x0BF5,
0x856E, 0x0BF9,
0x056A, 0x0BF5,
0x0552, 0x0BE6,
0x8552, 0x0BE6,
0x8556, 0x0BEA,
0x0552, 0x0BE6,
0x0577, 0x0BF7,
0x8577, 0x0BF7,
0x857B, 0x0BFC,
0x0577, 0x0BF7,
0x0577, 0x0BF0,
0x8577, 0x0BF0,
0x857B, 0x0BF4,
0x0577, 0x0BF0,
0x057A, 0x0BE6,
0x857A, 0x0BE6,
0x857E, 0x0BEA,
0x057A, 0x0BE6,
0x0581, 0x0BE1,
0x8581, 0x0BE1,
0x8585, 0x0BE5,
0x0581, 0x0BE1,
0x057D, 0x0BE1,
0x857D, 0x0BE1,
0x8581, 0x0BE5,
0x057D, 0x0BE1,
0x0586, 0x0BDA,
0x8586, 0x0BDA,
0x858A, 0x0BDE,
0x0586, 0x0BDA,
0x057F, 0x0BD7,
0x857F, 0x0BD7,
0x8583, 0x0BDB,
0x057F, 0x0BD7,
0x058A, 0x0BD6,
0x858A, 0x0BD6,
0x858E, 0x0BDA,
0x058A, 0x0BD6,
0x0574, 0x0BD3,
0x8574, 0x0BD3,
0x8578, 0x0BD7,
0x0574, 0x0BD3,
0x0579, 0x0BD4,
0x8579, 0x0BD4,
0x857D, 0x0BD8,
0x0579, 0x0BD4,
0x0579, 0x0BD0,
0x8579, 0x0BD0,
0x857D, 0x0BD4,
0x0579, 0x0BD0,
0x057A, 0x0BD1,
0x857A, 0x0BD1,
0x857F, 0x0BD5,
0x057A, 0x0BD1,
0x0583, 0x0BD2,
0x8583, 0x0BD2,
0x8587, 0x0BD6,
0x0583, 0x0BD2,
0x056C, 0x0BC9,
0x856C, 0x0BC9,
0x8570, 0x0BCD,
0x056C, 0x0BC9,
0x054D, 0x0C0D,
0x854D, 0x0C0D,
0x8551, 0x0C12,
0x054D, 0x0C0D,
0x0551, 0x0C0B,
0x8551, 0x0C0B,
0x8555, 0x0C0F,
0x0551, 0x0C0B,
0x054E, 0x0C0B,
0x854E, 0x0C0B,
0x8552, 0x0C0F,
0x054E, 0x0C0B,
0x054F, 0x0BFD,
0x854F, 0x0BFD,
0x8553, 0x0C02,
0x054F, 0x0BFD,
0x0557, 0x0BFE,
0x8557, 0x0BFE,
0x855B, 0x0C02,
0x0557, 0x0BFE,
0x0560, 0x0BFB,
0x8560, 0x0BFB,
0x8565, 0x0BFF,
0x0560, 0x0BFB,
0x055F, 0x0BF9,
0x855F, 0x0BF9,
0x8563, 0x0BFD,
0x055F, 0x0BF9,
0x0557, 0x0BF1,
0x8557, 0x0BF1,
0x855B, 0x0BF5,
0x0557, 0x0BF1,
0x053E, 0x0C94,
0x853E, 0x0C94,
0x8542, 0x0C98,
0x053E, 0x0C94,
0x0541, 0x0C9C,
0x8541, 0x0C9C,
0x8545, 0x0CA0,
0x0541, 0x0C9C,
0x053F, 0x0C9F,
0x853F, 0x0C9F,
0x8543, 0x0CA3,
0x053F, 0x0C9F,
0x0532, 0x0C93,
0x8532, 0x0C93,
0x8536, 0x0C97,
0x0532, 0x0C93,
0x0535, 0x0C8F,
0x8535, 0x0C8F,
0x8539, 0x0C93,
0x0535, 0x0C8F,
0x0536, 0x0C85,
0x8536, 0x0C85,
0x853A, 0x0C89,
0x0536, 0x0C85,
0x0533, 0x0C87,
0x8533, 0x0C87,
0x8537, 0x0C8C,
0x0533, 0x0C87,
0x052E, 0x0C88,
0x852E, 0x0C88,
0x8532, 0x0C8C,
0x052E, 0x0C88,
0x052D, 0x0C87,
0x852D, 0x0C87,
0x8531, 0x0C8B,
0x052D, 0x0C87,
0x052D, 0x0C82,
0x852D, 0x0C82,
0x8531, 0x0C86,
0x052D, 0x0C82,
0x0530, 0x0CC7,
0x8530, 0x0CC7,
0x8534, 0x0CCB,
0x0530, 0x0CC7,
0x0532, 0x0CC2,
0x8532, 0x0CC2,
0x8536, 0x0CC6,
0x0532, 0x0CC2,
0x0533, 0x0CBB,
0x8533, 0x0CBB,
0x8537, 0x0CBF,
0x0533, 0x0CBB,
0x0533, 0x0CB9,
0x8533, 0x0CB9,
0x8537, 0x0CBD,
0x0533, 0x0CB9,
0x052D, 0x0CB0,
0x852D, 0x0CB0,
0x8532, 0x0CB4,
0x052D, 0x0CB0,
0x052E, 0x0CB3,
0x852E, 0x0CB3,
0x8532, 0x0CB7,
0x052E, 0x0CB3,
0x0530, 0x0CBA,
0x8530, 0x0CBA,
0x8534, 0x0CBE,
0x0530, 0x0CBA
};

const unsigned short draw_22[] PROGMEM = {
0x0A14, 0x0BB0,
0x8A14, 0x0BB0,
0x8A1B, 0x0BB5,
0x8A1F, 0x0BBC,
0x8A22, 0x0BC4,
0x8A28, 0x0BCB,
0x8A30, 0x0BCE,
0x8A37, 0x0BD2,
0x8A3D, 0x0BD8,
0x8A44, 0x0BDC,
0x8A3B, 0x0BEB,
0x8A33, 0x0BE7,
0x8A2C, 0x0BE5,
0x8A25, 0x0BE1,
0x8A1E, 0x0BDD,
0x8A1D, 0x0BDD,
0x8A1A, 0x0BE5,
0x8A1A, 0x0BED,
0x8A1A, 0x0BF5,
0x8A19, 0x0BFD,
0x8A1E, 0x0BFF,
0x8A24, 0x0BFB,
0x8A2B, 0x0BF7,
0x8A33, 0x0BF6,
0x8A3A, 0x0BF1,
0x8A3B, 0x0BEB,
0x8A44, 0x0BDC,
0x8A4C, 0x0BE0,
0x8A54, 0x0BE2,
0x8A5B, 0x0BE5,
0x8A64, 0x0BE6,
0x8A6D, 0x0BE6,
0x8A76, 0x0BE6,
0x8A7E, 0x0BE6,
0x8A87, 0x0BE6,
0x8A8E, 0x0BEB,
0x8A96, 0x0BEB,
0x8A9E, 0x0BE6,
0x8AA6, 0x0BE6,
0x8AAF, 0x0BE5,
0x8AB7, 0x0BE2,
0x8ABF, 0x0BE2,
0x8AC8, 0x0BE2,
0x8AD0, 0x0BDF,
0x8AD8, 0x0BDF,
0x8AE1, 0x0BDF,
0x8AE9, 0x0BE0,
0x8AF2, 0x0BE0,
0x8AFA, 0x0BDF,
0x8B01, 0x0BE0,
0x8B0A, 0x0BE2,
0x8B12, 0x0BE0,
0x8B1B, 0x0BDF,
0x8B23, 0x0BE0,
0x8B28, 0x0BDA,
0x8B28, 0x0BD1,
0x8B28, 0x0BC9,
0x8B29, 0x0BC0,
0x8B30, 0x0BBC,
0x8B37, 0x0BBE,
0x8B3A, 0x0BC6,
0x8B3E, 0x0BCE,
0x8B44, 0x0BD4,
0x8B4A, 0x0BDA,
0x8B52, 0x0BDF,
0x8B58, 0x0BE4,
0x8B61, 0x0BE7,
0x8B69, 0x0BE6,
0x8B72, 0x0BE6,
0x8B7A, 0x0BE6,
0x8B83, 0x0BE6,
0x8B8B, 0x0BE6,
0x8B94, 0x0BE6,
0x8B9C, 0x0BE6,
0x8BA4, 0x0BE7,
0x8BAD, 0x0BE6,
0x8BB5, 0x0BE6,
0x8BBC, 0x0BEA,
0x8BC4, 0x0BE9,
0x8BCC, 0x0BE6,
0x8BD3, 0x0BE9,
0x8BDB, 0x0BE6,
0x8BE3, 0x0BE7,
0x8BEB, 0x0BE6,
0x8BF3, 0x0BE6,
0x8BFB, 0x0BE7,
0x8C03, 0x0BEB,
0x8C0B, 0x0BEA,
0x8C14, 0x0BEA,
0x8C1D, 0x0BEB,
0x8C25, 0x0BEA,
0x8C2E, 0x0BEB,
0x8C36, 0x0BEA,
0x8C3F, 0x0BEA,
0x8C48, 0x0BEA,
0x8C50, 0x0BEA,
0x8C59, 0x0BEA,
0x8C62, 0x0BEA,
0x8C6A, 0x0BEA,
0x8C73, 0x0BEA,
0x8C7B, 0x0BEA,
0x8C84, 0x0BEA,
0x8C8D, 0x0BEA,
0x8C95, 0x0BEB,
0x8C9C, 0x0BE7,
0x8CA3, 0x0BE8,
0x8CAB, 0x0BEA,
0x8CB2, 0x0BE6,
0x8CBA, 0x0BE8,
0x8CC1, 0x0BE6,
0x8CCA, 0x0BE6,
0x8CD2, 0x0BE6,
0x8CDB, 0x0BE6,
0x8CE1, 0x0BEA,
0x8CE6, 0x0BF1,
0x8CE3, 0x0BF8,
0x8CDB, 0x0BFD,
0x8CD3, 0x0BFE,
0x8CCB, 0x0BFE,
0x8CC3, 0x0C00,
0x8CBA, 0x0C00,
0x8CB1, 0x0C00,
0x8CA9, 0x0C00,
0x8CA0, 0x0C00,
0x8C97, 0x0C00,
0x8C8F, 0x0C00,
0x8C86, 0x0C00,
0x8C7E, 0x0C00,
0x8C75, 0x0C00,
0x8C6C, 0x0C00,
0x8C64, 0x0C00,
0x8C5B, 0x0C00,
0x8C52, 0x0C00,
0x8C4A, 0x0C00,
0x8C41, 0x0C00,
0x8C39, 0x0C00,
0x8C30, 0x0C00,
0x8C27, 0x0C01,
0x8C1F, 0x0C00,
0x8C16, 0x0C00,
0x8C0E, 0x0BFF,
0x8C06, 0x0C01,
0x8BFE, 0x0BFE,
0x8BF5, 0x0BFE,
0x8BEC, 0x0BFE,
0x8BE4, 0x0BFF,
0x8BDC, 0x0BFF,
0x8BD3, 0x0BFE,
0x8BCB, 0x0BFE,
0x8BC2, 0x0BFE,
0x8BBA, 0x0BFE,
0x8BB1, 0x0BFE,
0x8BA8, 0x0BFE,
0x8BA0, 0x0BFE,
0x8B97, 0x0BFE,
0x8B8E, 0x0BFE,
0x8B86, 0x0BFF,
0x8B7E, 0x0C01,
0x8B75, 0x0BFF,
0x8B6E, 0x0C00,
0x8B65, 0x0C00,
0x8B5C, 0x0C01,
0x8B56, 0x0C07,
0x8B50, 0x0C0C,
0x8B4E, 0x0C14,
0x8B51, 0x0C1B,
0x8B59, 0x0C1D,
0x8B61, 0x0C21,
0x8B6A, 0x0C21,
0x8B72, 0x0C20,
0x8B7B, 0x0C20,
0x8B83, 0x0C20,
0x8B8C, 0x0C20,
0x8B95, 0x0C20,
0x8B9D, 0x0C20,
0x8BA6, 0x0C20,
0x8BAE, 0x0C20,
0x8BB7, 0x0C20,
0x8BBF, 0x0C20,
0x8BC8, 0x0C22,
0x8BD0, 0x0C20,
0x8BD9, 0x0C20,
0x8BE1, 0x0C20,
0x8BEA, 0x0C20,
0x8BF3, 0x0C20,
0x8BFB, 0x0C20,
0x8C04, 0x0C21,
0x8C0D, 0x0C20,
0x8C15, 0x0C20,
0x8C1E, 0x0C21,
0x8C26, 0x0C20,
0x8C2F, 0x0C21,
0x8C36, 0x0C24,
0x8C3F, 0x0C24,
0x8C47, 0x0C23,
0x8C4F, 0x0C23,
0x8C58, 0x0C24,
0x8C60, 0x0C23,
0x8C68, 0x0C23,
0x8C70, 0x0C20,
0x8C79, 0x0C20,
0x8C82, 0x0C20,
0x8C8A, 0x0C20,
0x8C92, 0x0C20,
0x8C99, 0x0C1C,
0x8CA0, 0x0C20,
0x8CA8, 0x0C1C,
0x8CB1, 0x0C1C,
0x8CB8, 0x0C1D,
0x8CC0, 0x0C21,
0x8CC9, 0x0C20,
0x8CD0, 0x0C21,
0x8CD6, 0x0C28,
0x8CD6, 0x0C2F,
0x8CD1, 0x0C36,
0x8CC9, 0x0C38,
0x8CC1, 0x0C3B,
0x8CBA, 0x0C36,
0x8CB1, 0x0C37,
0x8CA9, 0x0C37,
0x8CA0, 0x0C37,
0x8C98, 0x0C37,
0x8C8F, 0x0C37,
0x8C86, 0x0C37,
0x8C7E, 0x0C37,
0x8C75, 0x0C37,
0x8C6C, 0x0C37,
0x8C64, 0x0C38,
0x8C5C, 0x0C3B,
0x8C54, 0x0C3B,
0x8C4C, 0x0C3B,
0x8C43, 0x0C3C,
0x8C3B, 0x0C3C,
0x8C32, 0x0C3C,
0x8C29, 0x0C3C,
0x8C22, 0x0C37,
0x8C1A, 0x0C37,
0x8C12, 0x0C37,
0x8C09, 0x0C37,
0x8C00, 0x0C37,
0x8BF8, 0x0C37,
0x8BEF, 0x0C37,
0x8BE6, 0x0C37,
0x8BDE, 0x0C37,
0x8BD5, 0x0C37,
0x8BCD, 0x0C37,
0x8BC4, 0x0C36,
0x8BBD, 0x0C3B,
0x8BB6, 0x0C3B,
0x8BAE, 0x0C36,
0x8BA6, 0x0C37,
0x8B9D, 0x0C37,
0x8B96, 0x0C3B,
0x8B8E, 0x0C3C,
0x8B85, 0x0C3B,
0x8B7D, 0x0C3B,
0x8B74, 0x0C3C,
0x8B6B, 0x0C3C,
0x8B63, 0x0C3D,
0x8B5B, 0x0C40,
0x8B54, 0x0C41,
0x8B42, 0x0C36,
0x8B47, 0x0C30,
0x8B42, 0x0C2B,
0x8B3A, 0x0C2A,
0x8B39, 0x0C2A,
0x8B37, 0x0C33,
0x8B37, 0x0C3A,
0x8B3C, 0x0C3C,
0x8B42, 0x0C36,
0x8B54, 0x0C41,
0x8B4F, 0x0C49,
0x8B4A, 0x0C4F,
0x8B4B, 0x0C57,
0x8B51, 0x0C5D,
0x8B5A, 0x0C5E,
0x8B62, 0x0C5F,
0x8B69, 0x0C62,
0x8B72, 0x0C62,
0x8B7B, 0x0C62,
0x8B83, 0x0C62,
0x8B8C, 0x0C62,
0x8B94, 0x0C62,
0x8B9C, 0x0C63,
0x8BA4, 0x0C64,
0x8BAC, 0x0C62,
0x8BB4, 0x0C62,
0x8BBC, 0x0C66,
0x8BC4, 0x0C65,
0x8BCC, 0x0C62,
0x8BD5, 0x0C62,
0x8BDD, 0x0C62,
0x8BE6, 0x0C62,
0x8BEE, 0x0C62,
0x8BF7, 0x0C62,
0x8C00, 0x0C62,
0x8C08, 0x0C62,
0x8C0F, 0x0C65,
0x8C18, 0x0C66,
0x8C1F, 0x0C64,
0x8C28, 0x0C62,
0x8C31, 0x0C62,
0x8C38, 0x0C64,
0x8C40, 0x0C66,
0x8C48, 0x0C65,
0x8C51, 0x0C62,
0x8C59, 0x0C62,
0x8C62, 0x0C62,
0x8C6A, 0x0C62,
0x8C73, 0x0C62,
0x8C7C, 0x0C62,
0x8C84, 0x0C62,
0x8C8C, 0x0C62,
0x8C94, 0x0C5E,
0x8C9C, 0x0C5E,
0x8CA5, 0x0C5E,
0x8CAE, 0x0C5E,
0x8CB6, 0x0C5E,
0x8CBE, 0x0C5D,
0x8CC7, 0x0C5A,
0x8CCD, 0x0C5D,
0x8CD5, 0x0C61,
0x8CD8, 0x0C69,
0x8CD4, 0x0C70,
0x8CCF, 0x0C76,
0x8CC6, 0x0C79,
0x8CBE, 0x0C79,
0x8CB5, 0x0C79,
0x8CAD, 0x0C77,
0x8CA5, 0x0C77,
0x8C9C, 0x0C77,
0x8C93, 0x0C77,
0x8C8B, 0x0C77,
0x8C83, 0x0C77,
0x8C7A, 0x0C77,
0x8C72, 0x0C79,
0x8C69, 0x0C79,
0x8C61, 0x0C79,
0x8C58, 0x0C79,
0x8C4F, 0x0C79,
0x8C47, 0x0C79,
0x8C3E, 0x0C79,
0x8C35, 0x0C79,
0x8C2D, 0x0C79,
0x8C24, 0x0C79,
0x8C1C, 0x0C79,
0x8C13, 0x0C79,
0x8C0A, 0x0C79,
0x8C02, 0x0C79,
0x8BF9, 0x0C79,
0x8BF1, 0x0C79,
0x8BE8, 0x0C79,
0x8BDF, 0x0C79,
0x8BD7, 0x0C79,
0x8BCE, 0x0C79,
0x8BC5, 0x0C79,
0x8BBD, 0x0C79,
0x8BB4, 0x0C79,
0x8BAC, 0x0C79,
0x8BA3, 0x0C79,
0x8B9A, 0x0C79,
0x8B92, 0x0C79,
0x8B8A, 0x0C7B,
0x8B82, 0x0C7D,
0x8B7B, 0x0C79,
0x8B73, 0x0C79,
0x8B6B, 0x0C7C,
0x8B63, 0x0C7D,
0x8B5A, 0x0C7D,
0x8B54, 0x0C82,
0x8B45, 0x0C75,
0x8B45, 0x0C6E,
0x8B3E, 0x0C6B,
0x8B3B, 0x0C6B,
0x8B37, 0x0C73,
0x8B37, 0x0C7B,
0x8B3A, 0x0C7F,
0x8B40, 0x0C79,
0x8B45, 0x0C75,
0x8B54, 0x0C82,
0x8B4E, 0x0C88,
0x8B4A, 0x0C90,
0x8B4D, 0x0C97,
0x8B53, 0x0C9D,
0x8B5B, 0x0C9D,
0x8B63, 0x0CA0,
0x8B6C, 0x0CA0,
0x8B75, 0x0CA0,
0x8B7C, 0x0CA3,
0x8B84, 0x0CA1,
0x8B8C, 0x0CA0,
0x8B95, 0x0C9F,
0x8B9C, 0x0CA2,
0x8BA4, 0x0CA0,
0x8BAD, 0x0CA0,
0x8BB6, 0x0CA0,
0x8BBE, 0x0CA0,
0x8BC7, 0x0CA0,
0x8BCF, 0x0CA0,
0x8BD8, 0x0CA0,
0x8BE0, 0x0CA0,
0x8BE8, 0x0CA2,
0x8BF0, 0x0CA4,
0x8BF9, 0x0CA3,
0x8C01, 0x0CA0,
0x8C08, 0x0CA2,
0x8C11, 0x0CA4,
0x8C19, 0x0CA4,
0x8C22, 0x0CA4,
0x8C2B, 0x0CA4,
0x8C33, 0x0CA4,
0x8C3C, 0x0CA4,
0x8C44, 0x0CA4,
0x8C4C, 0x0CA1,
0x8C55, 0x0C9F,
0x8C5C, 0x0CA3,
0x8C63, 0x0CA1,
0x8C6C, 0x0CA0,
0x8C75, 0x0CA0,
0x8C7D, 0x0CA2,
0x8C85, 0x0CA0,
0x8C8E, 0x0CA0,
0x8C96, 0x0CA0,
0x8C9F, 0x0CA0,
0x8CA7, 0x0CA0,
0x8CB0, 0x0CA0,
0x8CB9, 0x0C9F,
0x8CC1, 0x0CA0,
0x8CCA, 0x0CA0,
0x8CD3, 0x0CA0,
0x8CDB, 0x0CA0,
0x8CDF, 0x0CA7,
0x8CE3, 0x0CAE,
0x8CE3, 0x0CB6,
0x8CDE, 0x0CBC,
0x8CD6, 0x0CBF,
0x8CCD, 0x0CBF,
0x8CC5, 0x0CBF,
0x8CBC, 0x0CBF,
0x8CB5, 0x0CBB,
0x8CAC, 0x0CBB,
0x8CA4, 0x0CBA,
0x8C9C, 0x0CB9,
0x8C94, 0x0CBB,
0x8C8C, 0x0CBB,
0x8C83, 0x0CBB,
0x8C7B, 0x0CBC,
0x8C73, 0x0CBA,
0x8C6B, 0x0CB8,
0x8C62, 0x0CBB,
0x8C5A, 0x0CBC,
0x8C52, 0x0CBB,
0x8C49, 0x0CBB,
0x8C41, 0x0CBB,
0x8C38, 0x0CBB,
0x8C31, 0x0CBD,
0x8C28, 0x0CBF,
0x8C20, 0x0CBF,
0x8C17, 0x0CBF,
0x8C0F, 0x0CBC,
0x8C07, 0x0CBB,
0x8BFE, 0x0CBB,
0x8BF5, 0x0CBB,
0x8BED, 0x0CBB,
0x8BE5, 0x0CBB,
0x8BDD, 0x0CBA,
0x8BD5, 0x0CB9,
0x8BCD, 0x0CBB,
0x8BC4, 0x0CBB,
0x8BBC, 0x0CBB,
0x8BB4, 0x0CBB,
0x8BAB, 0x0CBB,
0x8BA3, 0x0CBB,
0x8B9A, 0x0CBC,
0x8B92, 0x0CBB,
0x8B8A, 0x0CBC,
0x8B81, 0x0CBD,
0x8B7A, 0x0CBB,
0x8B71, 0x0CBB,
0x8B6A, 0x0CBE,
0x8B61, 0x0CC0,
0x8B5A, 0x0CC5,
0x8B52, 0x0CC6,
0x8B4A, 0x0CCB,
0x8B44, 0x0CD1,
0x8B3E, 0x0CD7,
0x8B3A, 0x0CDD,
0x8B33, 0x0CE2,
0x8B2B, 0x0CE4,
0x8B24, 0x0CDF,
0x8B1F, 0x0CD8,
0x8B20, 0x0CD1,
0x8B23, 0x0CC9,
0x8B23, 0x0CC0,
0x8B21, 0x0CB9,
0x8B33, 0x0CB4,
0x8B37, 0x0CBA,
0x8B3C, 0x0CBD,
0x8B42, 0x0CB8,
0x8B47, 0x0CB5,
0x8B45, 0x0CAF,
0x8B3F, 0x0CA9,
0x8B3A, 0x0CA7,
0x8B35, 0x0CAD,
0x8B33, 0x0CB4,
0x8B21, 0x0CB9,
0x8B19, 0x0CB8,
0x8B10, 0x0CB8,
0x8B09, 0x0CB5,
0x8B0C, 0x0CA1,
0x8B14, 0x0CA2,
0x8B1C, 0x0C9F,
0x8B1F, 0x0C98,
0x8B1D, 0x0C8F,
0x8B1C, 0x0C87,
0x8B1C, 0x0C7F,
0x8B1C, 0x0C77,
0x8B15, 0x0C72,
0x8B0D, 0x0C72,
0x8B05, 0x0C72,
0x8B03, 0x0C72,
0x8AFB, 0x0C77,
0x8AF3, 0x0C77,
0x8AEB, 0x0C77,
0x8AE2, 0x0C77,
0x8ADA, 0x0C77,
0x8AD2, 0x0C77,
0x8ACA, 0x0C7A,
0x8AC3, 0x0C7D,
0x8AC2, 0x0C85,
0x8AC8, 0x0C8A,
0x8ACF, 0x0C91,
0x8AC7, 0x0CA3,
0x8AC0, 0x0CA0,
0x8ABA, 0x0C9C,
0x8AB6, 0x0C9C,
0x8AB5, 0x0CA5,
0x8AB5, 0x0CAD,
0x8AB5, 0x0CB5,
0x8AB9, 0x0CBA,
0x8ABD, 0x0CB4,
0x8AC3, 0x0CAF,
0x8ACB, 0x0CAC,
0x8ACE, 0x0CA7,
0x8AC7, 0x0CA3,
0x8ACF, 0x0C91,
0x8AD7, 0x0C92,
0x8ADE, 0x0C96,
0x8AE6, 0x0C98,
0x8AEE, 0x0C98,
0x8AF7, 0x0C98,
0x8AFE, 0x0C9C,
0x8B05, 0x0C9F,
0x8B0C, 0x0CA1,
0x8B09, 0x0CB5,
0x8B00, 0x0CB3,
0x8AF7, 0x0CB4,
0x8AF1, 0x0CB8,
0x8AE8, 0x0CBA,
0x8AE0, 0x0CBC,
0x8AD8, 0x0CBF,
0x8AD0, 0x0CC1,
0x8ACA, 0x0CC7,
0x8AC6, 0x0CCE,
0x8AC1, 0x0CD5,
0x8ABC, 0x0CDC,
0x8AB4, 0x0CDD,
0x8AAD, 0x0CD9,
0x8AA7, 0x0CD4,
0x8AA1, 0x0CCD,
0x8AA0, 0x0CC5,
0x8AA0, 0x0CBC,
0x8AA0, 0x0CB4,
0x8AA0, 0x0CAB,
0x8A9A, 0x0CAC,
0x8A97, 0x0CB3,
0x8A87, 0x0CA8,
0x8A87, 0x0CA1,
0x8A82, 0x0C9B,
0x8A7D, 0x0C95,
0x8A7C, 0x0C8D,
0x8A7F, 0x0C86,
0x8A81, 0x0C80,
0x8A7B, 0x0C7C,
0x8A7A, 0x0C7C,
0x8A74, 0x0C82,
0x8A71, 0x0C8A,
0x8A6E, 0x0C91,
0x8A6B, 0x0C98,
0x8A67, 0x0C9F,
0x8A65, 0x0CA5,
0x8A61, 0x0CAB,
0x8A5D, 0x0CB2,
0x8A5B, 0x0CBA,
0x8A5A, 0x0CC2,
0x8A5A, 0x0CCA,
0x8A5A, 0x0CD1,
0x8A5C, 0x0CD8,
0x8A63, 0x0CD9,
0x8A68, 0x0CD3,
0x8A6B, 0x0CCC,
0x8A6E, 0x0CC5,
0x8A74, 0x0CBF,
0x8A77, 0x0CB9,
0x8A7C, 0x0CB3,
0x8A82, 0x0CAD,
0x8A87, 0x0CA8,
0x8A97, 0x0CB3,
0x8A92, 0x0CBA,
0x8A8E, 0x0CC2,
0x8A87, 0x0CC6,
0x8A82, 0x0CCD,
0x8A7F, 0x0CD5,
0x8A7C, 0x0CDD,
0x8A77, 0x0CE4,
0x8A73, 0x0CEB,
0x8A71, 0x0CF4,
0x8A71, 0x0CFC,
0x8A71, 0x0D05,
0x8A74, 0x0D0C,
0x8A78, 0x0D14,
0x8A6F, 0x0D14,
0x8A67, 0x0D14,
0x8A5E, 0x0D14,
0x8A57, 0x0D0F,
0x8A53, 0x0D08,
0x8A4C, 0x0D03,
0x8A44, 0x0D00,
0x8A3D, 0x0CFC,
0x8A37, 0x0CF6,
0x8A30, 0x0CF2,
0x8A29, 0x0CEF,
0x8A22, 0x0CE9,
0x8A1C, 0x0CE3,
0x8A16, 0x0CDD,
0x8A10, 0x0CD7,
0x8A0A, 0x0CD1,
0x8A04, 0x0CCB,
0x89FC, 0x0CC7,
0x89F5, 0x0CC2,
0x89EF, 0x0CBD,
0x89EA, 0x0CB5,
0x89EC, 0x0CAD,
0x89E9, 0x0CA6,
0x89E3, 0x0CA0,
0x89DC, 0x0C9C,
0x89D5, 0x0C98,
0x89D0, 0x0C91,
0x89CF, 0x0C88,
0x89D2, 0x0C80,
0x89D9, 0x0C7D,
0x89E1, 0x0C7C,
0x89E9, 0x0C7A,
0x89F0, 0x0C75,
0x89F8, 0x0C71,
0x89FE, 0x0C6C,
0x8A05, 0x0C67,
0x8A09, 0x0C60,
0x8A0E, 0x0C58,
0x8A12, 0x0C51,
0x8A16, 0x0C4A,
0x8A1C, 0x0C43,
0x8A21, 0x0C3D,
0x8A25, 0x0C35,
0x8A2B, 0x0C2F,
0x8A30, 0x0C28,
0x8A34, 0x0C21,
0x8A36, 0x0C18,
0x8A39, 0x0C11,
0x8A41, 0x0C0D,
0x8A49, 0x0C0E,
0x8A4E, 0x0C14,
0x8A4C, 0x0C1B,
0x8A49, 0x0C23,
0x8A45, 0x0C2A,
0x8A41, 0x0C32,
0x8A3B, 0x0C37,
0x8A35, 0x0C3E,
0x8A30, 0x0C45,
0x8A2B, 0x0C4B,
0x8A25, 0x0C52,
0x8A23, 0x0C5A,
0x8A21, 0x0C62,
0x8A1E, 0x0C6A,
0x8A1A, 0x0C72,
0x8A19, 0x0C7A,
0x8A18, 0x0C83,
0x8A18, 0x0C8B,
0x8A1D, 0x0C91,
0x8A24, 0x0C8B,
0x8A29, 0x0C85,
0x8A2E, 0x0C7E,
0x8A2F, 0x0C75,
0x8A32, 0x0C6D,
0x8A35, 0x0C66,
0x8A3A, 0x0C5E,
0x8A3F, 0x0C58,
0x8A45, 0x0C52,
0x8A4D, 0x0C60,
0x8A49, 0x0C68,
0x8A44, 0x0C6E,
0x8A43, 0x0C76,
0x8A43, 0x0C7D,
0x8A43, 0x0C85,
0x8A40, 0x0C8C,
0x8A3A, 0x0C91,
0x8A38, 0x0C99,
0x8A36, 0x0CA1,
0x8A32, 0x0CA8,
0x8A33, 0x0CAF,
0x8A38, 0x0CB5,
0x8A3F, 0x0CB6,
0x8A45, 0x0CB0,
0x8A47, 0x0CA9,
0x8A4A, 0x0CA2,
0x8A4E, 0x0C9B,
0x8A53, 0x0C96,
0x8A57, 0x0C8F,
0x8A5A, 0x0C88,
0x8A5F, 0x0C82,
0x8A63, 0x0C7B,
0x8A62, 0x0C75,
0x8A5A, 0x0C74,
0x8A54, 0x0C70,
0x8A53, 0x0C68,
0x8A52, 0x0C60,
0x8A4D, 0x0C60,
0x8A45, 0x0C52,
0x8A49, 0x0C4B,
0x8A4D, 0x0C43,
0x8A50, 0x0C3C,
0x8A55, 0x0C35,
0x8A58, 0x0C2D,
0x8A67, 0x0C34,
0x8A67, 0x0C3B,
0x8A69, 0x0C43,
0x8A6F, 0x0C43,
0x8A76, 0x0C3E,
0x8A7D, 0x0C3B,
0x8A84, 0x0C39,
0x8A8B, 0x0C34,
0x8A8E, 0x0C2E,
0x8A97, 0x0C1E,
0x8A9F, 0x0C23,
0x8AA4, 0x0C29,
0x8AAC, 0x0C2C,
0x8AB5, 0x0C2B,
0x8ABD, 0x0C2C,
0x8AC6, 0x0C2C,
0x8ACE, 0x0C2B,
0x8AD5, 0x0C28,
0x8ADC, 0x0C2A,
0x8AE4, 0x0C2A,
0x8AEC, 0x0C2C,
0x8AF5, 0x0C2B,
0x8AFC, 0x0C2E,
0x8B04, 0x0C2C,
0x8B0D, 0x0C2C,
0x8B13, 0x0C30,
0x8B14, 0x0C38,
0x8B0E, 0x0C3E,
0x8B07, 0x0C42,
0x8AFE, 0x0C42,
0x8AF6, 0x0C41,
0x8AED, 0x0C42,
0x8AE5, 0x0C40,
0x8ADD, 0x0C40,
0x8AD4, 0x0C40,
0x8ACC, 0x0C40,
0x8AC3, 0x0C40,
0x8ABB, 0x0C42,
0x8AB3, 0x0C44,
0x8AAB, 0x0C47,
0x8AA4, 0x0C4A,
0x8AAA, 0x0C4F,
0x8AB2, 0x0C52,
0x8ABA, 0x0C54,
0x8AC0, 0x0C59,
0x8AB1, 0x0C66,
0x8AA9, 0x0C65,
0x8AA2, 0x0C63,
0x8A9B, 0x0C5F,
0x8A98, 0x0C60,
0x8A93, 0x0C67,
0x8A93, 0x0C6F,
0x8A93, 0x0C77,
0x8A9A, 0x0C76,
0x8A9F, 0x0C71,
0x8AA5, 0x0C6C,
0x8AAC, 0x0C6A,
0x8AB1, 0x0C66,
0x8AC0, 0x0C59,
0x8AC7, 0x0C5C,
0x8AD0, 0x0C5D,
0x8AD8, 0x0C60,
0x8AE0, 0x0C62,
0x8AE8, 0x0C62,
0x8AF0, 0x0C60,
0x8AF8, 0x0C61,
0x8AFF, 0x0C5D,
0x8B08, 0x0C5C,
0x8B10, 0x0C5D,
0x8B19, 0x0C5E,
0x8B20, 0x0C59,
0x8B23, 0x0C52,
0x8B23, 0x0C49,
0x8B22, 0x0C42,
0x8B1E, 0x0C3A,
0x8B1E, 0x0C32,
0x8B1E, 0x0C29,
0x8B1E, 0x0C21,
0x8B22, 0x0C19,
0x8B23, 0x0C11,
0x8B24, 0x0C08,
0x8B28, 0x0C01,
0x8B39, 0x0BFD,
0x8B3F, 0x0BFF,
0x8B45, 0x0BFA,
0x8B47, 0x0BF4,
0x8B41, 0x0BF0,
0x8B3A, 0x0BED,
0x8B3A, 0x0BED,
0x8B39, 0x0BF6,
0x8B39, 0x0BFD,
0x8B28, 0x0C01,
0x8B26, 0x0BFA,
0x8B1F, 0x0BF5,
0x8B17, 0x0BF5,
0x8B0E, 0x0BF5,
0x8B06, 0x0BF5,
0x8AFD, 0x0BF5,
0x8AF5, 0x0BF5,
0x8AEC, 0x0BF5,
0x8AE4, 0x0BF5,
0x8ADB, 0x0BF5,
0x8AD3, 0x0BF5,
0x8ACE, 0x0BF5,
0x8AC6, 0x0BFA,
0x8ABE, 0x0BFA,
0x8AB6, 0x0BFA,
0x8AAE, 0x0BFD,
0x8AA5, 0x0BFE,
0x8A9D, 0x0BFE,
0x8A94, 0x0BFE,
0x8A8B, 0x0BFE,
0x8A84, 0x0BFC,
0x8A7C, 0x0BFB,
0x8A74, 0x0BFD,
0x8A6E, 0x0C02,
0x8A74, 0x0C08,
0x8A7C, 0x0C0B,
0x8A83, 0x0C0F,
0x8A8A, 0x0C14,
0x8A91, 0x0C18,
0x8A97, 0x0C1E,
0x8A8E, 0x0C2E,
0x8A87, 0x0C2B,
0x8A82, 0x0C26,
0x8A7A, 0x0C23,
0x8A74, 0x0C1F,
0x8A71, 0x0C1F,
0x8A6D, 0x0C27,
0x8A6C, 0x0C2E,
0x8A67, 0x0C34,
0x8A58, 0x0C2D,
0x8A59, 0x0C24,
0x8A5A, 0x0C1C,
0x8A5C, 0x0C15,
0x8A5A, 0x0C0E,
0x8A58, 0x0C06,
0x8A52, 0x0C00,
0x8A4A, 0x0BFE,
0x8A42, 0x0C02,
0x8A3B, 0x0C08,
0x8A34, 0x0C09,
0x8A2C, 0x0C0D,
0x8A25, 0x0C13,
0x8A21, 0x0C1A,
0x8A1B, 0x0C20,
0x8A15, 0x0C26,
0x8A0D, 0x0C29,
0x8A06, 0x0C25,
0x8A00, 0x0C1F,
0x89FF, 0x0C16,
0x8A02, 0x0C0F,
0x8A05, 0x0C07,
0x8A05, 0x0BFE,
0x8A07, 0x0BF6,
0x8A08, 0x0BEE,
0x8A08, 0x0BE5,
0x8A08, 0x0BDC,
0x8A08, 0x0BD4,
0x8A07, 0x0BCB,
0x8A09, 0x0BC3,
0x8A0A, 0x0BBB,
0x8A0F, 0x0BB5,
0x8A14, 0x0BB0,
0x0A14, 0x0BB0,
0x0CD4, 0x0BF2,
0x8CD4, 0x0BF2,
0x8CD8, 0x0BF6,
0x0CD4, 0x0BF2,
0x0CCF, 0x0BED,
0x8CCF, 0x0BED,
0x8CD3, 0x0BF1,
0x0CCF, 0x0BED,
0x0CAF, 0x0BF4,
0x8CAF, 0x0BF4,
0x8CB3, 0x0BF8,
0x0CAF, 0x0BF4,
0x0CAE, 0x0BEE,
0x8CAE, 0x0BEE,
0x8CB2, 0x0BF2,
0x0CAE, 0x0BEE,
0x0CA8, 0x0BF0,
0x8CA8, 0x0BF0,
0x8CAC, 0x0BF4,
0x0CA8, 0x0BF0,
0x0C9D, 0x0BEB,
0x8C9D, 0x0BEB,
0x8CA1, 0x0BEF,
0x0C9D, 0x0BEB,
0x0CA2, 0x0BF3,
0x8CA2, 0x0BF3,
0x8CA6, 0x0BF8,
0x0CA2, 0x0BF3,
0x0C95, 0x0BEF,
0x8C95, 0x0BEF,
0x8C99, 0x0BF3,
0x0C95, 0x0BEF,
0x0C90, 0x0BF1,
0x8C90, 0x0BF1,
0x8C94, 0x0BF5,
0x0C90, 0x0BF1,
0x0C91, 0x0BEF,
0x8C91, 0x0BEF,
0x8C96, 0x0BF3,
0x0C91, 0x0BEF,
0x0C77, 0x0BF2,
0x8C77, 0x0BF2,
0x8C7B, 0x0BF6,
0x0C77, 0x0BF2,
0x0C65, 0x0BF2,
0x8C65, 0x0BF2,
0x8C69, 0x0BF6,
0x0C65, 0x0BF2,
0x0C70, 0x0BEE,
0x8C70, 0x0BEE,
0x8C74, 0x0BF2,
0x0C70, 0x0BEE,
0x0C57, 0x0BF5,
0x8C57, 0x0BF5,
0x8C5B, 0x0BF9,
0x0C57, 0x0BF5,
0x0C5B, 0x0BF2,
0x8C5B, 0x0BF2,
0x8C5F, 0x0BF6,
0x0C5B, 0x0BF2,
0x0BF3, 0x0BF3,
0x8BF3, 0x0BF3,
0x8BF8, 0x0BF7,
0x0BF3, 0x0BF3,
0x0C07, 0x0BEF,
0x8C07, 0x0BEF,
0x8C0B, 0x0BF3,
0x0C07, 0x0BEF,
0x0C13, 0x0BF4,
0x8C13, 0x0BF4,
0x8C17, 0x0BF8,
0x0C13, 0x0BF4,
0x0C1B, 0x0BF4,
0x8C1B, 0x0BF4,
0x8C1F, 0x0BF8,
0x0C1B, 0x0BF4,
0x0C20, 0x0BF2,
0x8C20, 0x0BF2,
0x8C24, 0x0BF6,
0x0C20, 0x0BF2,
0x0C23, 0x0BF4,
0x8C23, 0x0BF4,
0x8C27, 0x0BF9,
0x0C23, 0x0BF4,
0x0BF2, 0x0BEB,
0x8BF2, 0x0BEB,
0x8BF6, 0x0BEF,
0x0BF2, 0x0BEB,
0x0BE1, 0x0BEE,
0x8BE1, 0x0BEE,
0x8BE5, 0x0BF2,
0x0BE1, 0x0BEE,
0x0BCB, 0x0BF5,
0x8BCB, 0x0BF5,
0x8BCF, 0x0BF9,
0x0BCB, 0x0BF5,
0x0BC7, 0x0BF0,
0x8BC7, 0x0BF0,
0x8BCB, 0x0BF4,
0x0BC7, 0x0BF0,
0x0BBF, 0x0BEF,
0x8BBF, 0x0BEF,
0x8BC3, 0x0BF3,
0x0BBF, 0x0BEF,
0x0BC8, 0x0BEC,
0x8BC8, 0x0BEC,
0x8BCC, 0x0BF0,
0x0BC8, 0x0BEC,
0x0BBB, 0x0BF0,
0x8BBB, 0x0BF0,
0x8BBF, 0x0BF4,
0x0BBB, 0x0BF0,
0x0BAF, 0x0BF3,
0x8BAF, 0x0BF3,
0x8BB3, 0x0BF7,
0x0BAF, 0x0BF3,
0x0BB7, 0x0BEC,
0x8BB7, 0x0BEC,
0x8BBB, 0x0BF0,
0x0BB7, 0x0BEC,
0x0BB0, 0x0BE9,
0x8BB0, 0x0BE9,
0x8BB5, 0x0BED,
0x0BB0, 0x0BE9,
0x0BA7, 0x0BEC,
0x8BA7, 0x0BEC,
0x8BAB, 0x0BF0,
0x0BA7, 0x0BEC,
0x0B62, 0x0BF0,
0x8B62, 0x0BF0,
0x8B66, 0x0BF4,
0x0B62, 0x0BF0,
0x0B65, 0x0BF8,
0x8B65, 0x0BF8,
0x8B69, 0x0BFC,
0x0B65, 0x0BF8,
0x0B74, 0x0BF1,
0x8B74, 0x0BF1,
0x8B78, 0x0BF5,
0x0B74, 0x0BF1,
0x0B69, 0x0BED,
0x8B69, 0x0BED,
0x8B6D, 0x0BF2,
0x0B69, 0x0BED,
0x0B78, 0x0BF3,
0x8B78, 0x0BF3,
0x8B7D, 0x0BF8,
0x0B78, 0x0BF3,
0x0B8C, 0x0BEF,
0x8B8C, 0x0BEF,
0x8B90, 0x0BF3,
0x0B8C, 0x0BEF,
0x0B93, 0x0BEF,
0x8B93, 0x0BEF,
0x8B97, 0x0BF3,
0x0B93, 0x0BEF,
0x0B53, 0x0C15,
0x8B53, 0x0C15,
0x8B57, 0x0C19,
0x0B53, 0x0C15,
0x0B60, 0x0C2C,
0x8B60, 0x0C2C,
0x8B65, 0x0C30,
0x0B60, 0x0C2C,
0x0B5D, 0x0C08,
0x8B5D, 0x0C08,
0x8B61, 0x0C0C,
0x0B5D, 0x0C08,
0x0B6A, 0x0C2D,
0x8B6A, 0x0C2D,
0x8B6E, 0x0C31,
0x0B6A, 0x0C2D,
0x0B72, 0x0C2B,
0x8B72, 0x0C2B,
0x8B76, 0x0C2F,
0x0B72, 0x0C2B,
0x0B70, 0x0C2B,
0x8B70, 0x0C2B,
0x8B74, 0x0C2F,
0x0B70, 0x0C2B,
0x0B81, 0x0C32,
0x8B81, 0x0C32,
0x8B85, 0x0C37,
0x0B81, 0x0C32,
0x0B80, 0x0C2A,
0x8B80, 0x0C2A,
0x8B84, 0x0C2E,
0x0B80, 0x0C2A,
0x0B81, 0x0C2A,
0x8B81, 0x0C2A,
0x8B85, 0x0C2E,
0x0B81, 0x0C2A,
0x0B86, 0x0C2E,
0x8B86, 0x0C2E,
0x8B8A, 0x0C32,
0x0B86, 0x0C2E,
0x0B88, 0x0C2C,
0x8B88, 0x0C2C,
0x8B8C, 0x0C30,
0x0B88, 0x0C2C,
0x0B95, 0x0C2C,
0x8B95, 0x0C2C,
0x8B99, 0x0C30,
0x0B95, 0x0C2C,
0x0B9D, 0x0C2D,
0x8B9D, 0x0C2D,
0x8BA1, 0x0C31,
0x0B9D, 0x0C2D,
0x0B9F, 0x0C26,
0x8B9F, 0x0C26,
0x8BA3, 0x0C2A,
0x0B9F, 0x0C26,
0x0BD3, 0x0C24,
0x8BD3, 0x0C24,
0x8BD7, 0x0C28,
0x0BD3, 0x0C24,
0x0BD4, 0x0C2D,
0x8BD4, 0x0C2D,
0x8BD8, 0x0C31,
0x0BD4, 0x0C2D,
0x0BD6, 0x0C27,
0x8BD6, 0x0C27,
0x8BDA, 0x0C2B,
0x0BD6, 0x0C27,
0x0BC4, 0x0C28,
0x8BC4, 0x0C28,
0x8BC8, 0x0C2C,
0x0BC4, 0x0C28,
0x0BC2, 0x0C24,
0x8BC2, 0x0C24,
0x8BC6, 0x0C28,
0x0BC2, 0x0C24,
0x0BBC, 0x0C29,
0x8BBC, 0x0C29,
0x8BC0, 0x0C2E,
0x0BBC, 0x0C29,
0x0BE8, 0x0C2C,
0x8BE8, 0x0C2C,
0x8BEC, 0x0C30,
0x0BE8, 0x0C2C,
0x0BF0, 0x0C30,
0x8BF0, 0x0C30,
0x8BF4, 0x0C34,
0x0BF0, 0x0C30,
0x0C0F, 0x0C2C,
0x8C0F, 0x0C2C,
0x8C13, 0x0C30,
0x0C0F, 0x0C2C,
0x0C16, 0x0C2C,
0x8C16, 0x0C2C,
0x8C1A, 0x0C30,
0x0C16, 0x0C2C,
0x0C17, 0x0C2E,
0x8C17, 0x0C2E,
0x8C1B, 0x0C32,
0x0C17, 0x0C2E,
0x0C30, 0x0C2A,
0x8C30, 0x0C2A,
0x8C34, 0x0C2E,
0x0C30, 0x0C2A,
0x0C30, 0x0C34,
0x8C30, 0x0C34,
0x8C34, 0x0C38,
0x0C30, 0x0C34,
0x0C44, 0x0C29,
0x8C44, 0x0C29,
0x8C48, 0x0C2D,
0x0C44, 0x0C29,
0x0C77, 0x0C27,
0x8C77, 0x0C27,
0x8C7C, 0x0C2B,
0x0C77, 0x0C27,
0x0C69, 0x0C2D,
0x8C69, 0x0C2D,
0x8C6D, 0x0C31,
0x0C69, 0x0C2D,
0x0CA0, 0x0C30,
0x8CA0, 0x0C30,
0x8CA4, 0x0C34,
0x0CA0, 0x0C30,
0x0CAA, 0x0C22,
0x8CAA, 0x0C22,
0x8CAE, 0x0C26,
0x0CAA, 0x0C22,
0x0C9F, 0x0C26,
0x8C9F, 0x0C26,
0x8CA3, 0x0C2B,
0x0C9F, 0x0C26,
0x0CA7, 0x0C22,
0x8CA7, 0x0C22,
0x8CAB, 0x0C26,
0x0CA7, 0x0C22,
0x0C87, 0x0C29,
0x8C87, 0x0C29,
0x8C8B, 0x0C2D,
0x0C87, 0x0C29,
0x0C87, 0x0C27,
0x8C87, 0x0C27,
0x8C8B, 0x0C2B,
0x0C87, 0x0C27,
0x0CB1, 0x0C2A,
0x8CB1, 0x0C2A,
0x8CB5, 0x0C2E,
0x0CB1, 0x0C2A,
0x0CB0, 0x0C2C,
0x8CB0, 0x0C2C,
0x8CB4, 0x0C30,
0x0CB0, 0x0C2C,
0x0CB3, 0x0C2E,
0x8CB3, 0x0C2E,
0x8CB7, 0x0C32,
0x0CB3, 0x0C2E,
0x0B47, 0x0C3A,
0x8B47, 0x0C3A,
0x8B4B, 0x0C3E,
0x0B47, 0x0C3A,
0x0B2E, 0x0BCE,
0x8B2E, 0x0BCE,
0x8B32, 0x0BD2,
0x0B2E, 0x0BCE,
0x0B2B, 0x0BDF,
0x8B2B, 0x0BDF,
0x8B2F, 0x0BE3,
0x0B2B, 0x0BDF,
0x0B2E, 0x0BDB,
0x8B2E, 0x0BDB,
0x8B32, 0x0BDF,
0x0B2E, 0x0BDB,
0x0B24, 0x0C33,
0x8B24, 0x0C33,
0x8B28, 0x0C37,
0x0B24, 0x0C33,
0x0B22, 0x0C35,
0x8B22, 0x0C35,
0x8B26, 0x0C3A,
0x0B22, 0x0C35,
0x0AED, 0x0BEA,
0x8AED, 0x0BEA,
0x8AF1, 0x0BEE,
0x0AED, 0x0BEA,
0x0AF1, 0x0BEC,
0x8AF1, 0x0BEC,
0x8AF5, 0x0BF0,
0x0AF1, 0x0BEC,
0x0B0F, 0x0BEA,
0x8B0F, 0x0BEA,
0x8B13, 0x0BEE,
0x0B0F, 0x0BEA,
0x0B17, 0x0BEA,
0x8B17, 0x0BEA,
0x8B1B, 0x0BEE,
0x0B17, 0x0BEA,
0x0B14, 0x0BEA,
0x8B14, 0x0BEA,
0x8B19, 0x0BEE,
0x0B14, 0x0BEA,
0x0AE5, 0x0BE8,
0x8AE5, 0x0BE8,
0x8AE9, 0x0BEC,
0x0AE5, 0x0BE8,
0x0AE5, 0x0BE4,
0x8AE5, 0x0BE4,
0x8AE9, 0x0BE8,
0x0AE5, 0x0BE4,
0x0AD5, 0x0BEA,
0x8AD5, 0x0BEA,
0x8AD9, 0x0BEF,
0x0AD5, 0x0BEA,
0x0AC9, 0x0BED,
0x8AC9, 0x0BED,
0x8ACD, 0x0BF1,
0x0AC9, 0x0BED,
0x0AC5, 0x0BEF,
0x8AC5, 0x0BEF,
0x8AC9, 0x0BF3,
0x0AC5, 0x0BEF,
0x0AC5, 0x0BE8,
0x8AC5, 0x0BE8,
0x8AC9, 0x0BEC,
0x0AC5, 0x0BE8,
0x0ACC, 0x0BE5,
0x8ACC, 0x0BE5,
0x8AD1, 0x0BE9,
0x0ACC, 0x0BE5,
0x0AC0, 0x0BE8,
0x8AC0, 0x0BE8,
0x8AC4, 0x0BEC,
0x0AC0, 0x0BE8,
0x0AAF, 0x0BEA,
0x8AAF, 0x0BEA,
0x8AB3, 0x0BEE,
0x0AAF, 0x0BEA,
0x0AAA, 0x0BF4,
0x8AAA, 0x0BF4,
0x8AAE, 0x0BF8,
0x0AAA, 0x0BF4,
0x0AA7, 0x0BF2,
0x8AA7, 0x0BF2,
0x8AAB, 0x0BF6,
0x0AA7, 0x0BF2,
0x0AA9, 0x0BEB,
0x8AA9, 0x0BEB,
0x8AAD, 0x0BEF,
0x0AA9, 0x0BEB,
0x0AAC, 0x0BEB,
0x8AAC, 0x0BEB,
0x8AB1, 0x0BEF,
0x0AAC, 0x0BEB,
0x0AA3, 0x0BF0,
0x8AA3, 0x0BF0,
0x8AA7, 0x0BF4,
0x0AA3, 0x0BF0,
0x0AA0, 0x0BEB,
0x8AA0, 0x0BEB,
0x8AA4, 0x0BEF,
0x0AA0, 0x0BEB,
0x0A90, 0x0BF0,
0x8A90, 0x0BF0,
0x8A94, 0x0BF4,
0x0A90, 0x0BF0,
0x0A89, 0x0BF5,
0x8A89, 0x0BF5,
0x8A8E, 0x0BF9,
0x0A89, 0x0BF5,
0x0A8C, 0x0BEF,
0x8A8C, 0x0BEF,
0x8A90, 0x0BF3,
0x0A8C, 0x0BEF,
0x0A88, 0x0BEE,
0x8A88, 0x0BEE,
0x8A8C, 0x0BF3,
0x0A88, 0x0BEE,
0x0A72, 0x0BEF,
0x8A72, 0x0BEF,
0x8A76, 0x0BF3,
0x0A72, 0x0BEF,
0x0B54, 0x0BF3,
0x8B54, 0x0BF3,
0x8B58, 0x0BF7,
0x0B54, 0x0BF3,
0x0B46, 0x0C07,
0x8B46, 0x0C07,
0x8B4A, 0x0C0B,
0x0B46, 0x0C07,
0x0B4E, 0x0BE2,
0x8B4E, 0x0BE2,
0x8B52, 0x0BE6,
0x0B4E, 0x0BE2,
0x0B53, 0x0BE6,
0x8B53, 0x0BE6,
0x8B57, 0x0BEA,
0x0B53, 0x0BE6,
0x0B47, 0x0BE0,
0x8B47, 0x0BE0,
0x8B4B, 0x0BE4,
0x0B47, 0x0BE0,
0x0B41, 0x0BD9,
0x8B41, 0x0BD9,
0x8B45, 0x0BDD,
0x0B41, 0x0BD9,
0x0B3B, 0x0BE6,
0x8B3B, 0x0BE6,
0x8B3F, 0x0BEB,
0x0B3B, 0x0BE6,
0x0B44, 0x0C01,
0x8B44, 0x0C01,
0x8B48, 0x0C05,
0x0B44, 0x0C01,
0x0B41, 0x0C07,
0x8B41, 0x0C07,
0x8B45, 0x0C0B,
0x0B41, 0x0C07,
0x0B3B, 0x0C21,
0x8B3B, 0x0C21,
0x8B40, 0x0C25,
0x0B3B, 0x0C21,
0x0B2F, 0x0C35,
0x8B2F, 0x0C35,
0x8B33, 0x0C39,
0x0B2F, 0x0C35,
0x0B38, 0x0C5E,
0x8B38, 0x0C5E,
0x8B3C, 0x0C62,
0x0B38, 0x0C5E,
0x0B3B, 0x0C51,
0x8B3B, 0x0C51,
0x8B3F, 0x0C55,
0x0B3B, 0x0C51,
0x0B53, 0x0C73,
0x8B53, 0x0C73,
0x8B57, 0x0C77,
0x0B53, 0x0C73,
0x0B4A, 0x0C71,
0x8B4A, 0x0C71,
0x8B4E, 0x0C75,
0x0B4A, 0x0C71,
0x0B55, 0x0C74,
0x8B55, 0x0C74,
0x8B59, 0x0C78,
0x0B55, 0x0C74,
0x0B55, 0x0C74,
0x8B55, 0x0C74,
0x8B59, 0x0C79,
0x0B55, 0x0C74,
0x0B46, 0x0C42,
0x8B46, 0x0C42,
0x8B4A, 0x0C47,
0x0B46, 0x0C42,
0x0B4B, 0x0CAD,
0x8B4B, 0x0CAD,
0x8B50, 0x0CB1,
0x0B4B, 0x0CAD,
0x0B4B, 0x0CB9,
0x8B4B, 0x0CB9,
0x8B4F, 0x0CBD,
0x0B4B, 0x0CB9,
0x0B4B, 0x0CA6,
0x8B4B, 0x0CA6,
0x8B4F, 0x0CAA,
0x0B4B, 0x0CA6,
0x0B52, 0x0C8D,
0x8B52, 0x0C8D,
0x8B56, 0x0C91,
0x0B52, 0x0C8D,
0x0B68, 0x0C6E,
0x8B68, 0x0C6E,
0x8B6C, 0x0C72,
0x0B68, 0x0C6E,
0x0B63, 0x0C65,
0x8B63, 0x0C65,
0x8B67, 0x0C69,
0x0B63, 0x0C65,
0x0B7E, 0x0C73,
0x8B7E, 0x0C73,
0x8B82, 0x0C77,
0x0B7E, 0x0C73,
0x0B8A, 0x0C6C,
0x8B8A, 0x0C6C,
0x8B8E, 0x0C70,
0x0B8A, 0x0C6C,
0x0B8E, 0x0C6D,
0x8B8E, 0x0C6D,
0x8B92, 0x0C71,
0x0B8E, 0x0C6D,
0x0B8A, 0x0C67,
0x8B8A, 0x0C67,
0x8B8E, 0x0C6C,
0x0B8A, 0x0C67,
0x0BA6, 0x0C6D,
0x8BA6, 0x0C6D,
0x8BAA, 0x0C71,
0x0BA6, 0x0C6D,
0x0BB0, 0x0C6C,
0x8BB0, 0x0C6C,
0x8BB4, 0x0C70,
0x0BB0, 0x0C6C,
0x0BB5, 0x0C72,
0x8BB5, 0x0C72,
0x8BB9, 0x0C76,
0x0BB5, 0x0C72,
0x0BE3, 0x0C66,
0x8BE3, 0x0C66,
0x8BE8, 0x0C6A,
0x0BE3, 0x0C66,
0x0BD8, 0x0C66,
0x8BD8, 0x0C66,
0x8BDC, 0x0C6A,
0x0BD8, 0x0C66,
0x0BD3, 0x0C6A,
0x8BD3, 0x0C6A,
0x8BD7, 0x0C6E,
0x0BD3, 0x0C6A,
0x0BD2, 0x0C6A,
0x8BD2, 0x0C6A,
0x8BD6, 0x0C6E,
0x0BD2, 0x0C6A,
0x0BDE, 0x0C71,
0x8BDE, 0x0C71,
0x8BE2, 0x0C75,
0x0BDE, 0x0C71,
0x0C38, 0x0C71,
0x8C38, 0x0C71,
0x8C3C, 0x0C75,
0x0C38, 0x0C71,
0x0C2F, 0x0C6E,
0x8C2F, 0x0C6E,
0x8C33, 0x0C72,
0x0C2F, 0x0C6E,
0x0C2C, 0x0C68,
0x8C2C, 0x0C68,
0x8C30, 0x0C6C,
0x0C2C, 0x0C68,
0x0C2C, 0x0C65,
0x8C2C, 0x0C65,
0x8C31, 0x0C69,
0x0C2C, 0x0C65,
0x0C56, 0x0C71,
0x8C56, 0x0C71,
0x8C5A, 0x0C75,
0x0C56, 0x0C71,
0x0C4F, 0x0C71,
0x8C4F, 0x0C71,
0x8C53, 0x0C75,
0x0C4F, 0x0C71,
0x0C45, 0x0C6C,
0x8C45, 0x0C6C,
0x8C49, 0x0C70,
0x0C45, 0x0C6C,
0x0C40, 0x0C6F,
0x8C40, 0x0C6F,
0x8C44, 0x0C73,
0x0C40, 0x0C6F,
0x0C76, 0x0C67,
0x8C76, 0x0C67,
0x8C7A, 0x0C6B,
0x0C76, 0x0C67,
0x0C75, 0x0C6F,
0x8C75, 0x0C6F,
0x8C79, 0x0C73,
0x0C75, 0x0C6F,
0x0C74, 0x0C6C,
0x8C74, 0x0C6C,
0x8C78, 0x0C70,
0x0C74, 0x0C6C,
0x0C74, 0x0C68,
0x8C74, 0x0C68,
0x8C78, 0x0C6D,
0x0C74, 0x0C68,
0x0C61, 0x0C67,
0x8C61, 0x0C67,
0x8C65, 0x0C6B,
0x0C61, 0x0C67,
0x0C58, 0x0C68,
0x8C58, 0x0C68,
0x8C5C, 0x0C6C,
0x0C58, 0x0C68,
0x0CCA, 0x0C6D,
0x8CCA, 0x0C6D,
0x8CCE, 0x0C71,
0x0CCA, 0x0C6D,
0x0CC8, 0x0C64,
0x8CC8, 0x0C64,
0x8CCC, 0x0C68,
0x0CC8, 0x0C64,
0x0CB6, 0x0C6E,
0x8CB6, 0x0C6E,
0x8CBA, 0x0C73,
0x0CB6, 0x0C6E,
0x0CB3, 0x0C62,
0x8CB3, 0x0C62,
0x8CB7, 0x0C67,
0x0CB3, 0x0C62,
0x0CAF, 0x0C70,
0x8CAF, 0x0C70,
0x8CB3, 0x0C74,
0x0CAF, 0x0C70,
0x0CAC, 0x0C6F,
0x8CAC, 0x0C6F,
0x8CB0, 0x0C73,
0x0CAC, 0x0C6F,
0x0CA7, 0x0C66,
0x8CA7, 0x0C66,
0x8CAB, 0x0C6A,
0x0CA7, 0x0C66,
0x0CAC, 0x0C66,
0x8CAC, 0x0C66,
0x8CB0, 0x0C6A,
0x0CAC, 0x0C66,
0x0CAF, 0x0C62,
0x8CAF, 0x0C62,
0x8CB3, 0x0C66,
0x0CAF, 0x0C62,
0x0C99, 0x0C62,
0x8C99, 0x0C62,
0x8C9D, 0x0C66,
0x0C99, 0x0C62,
0x0C90, 0x0C67,
0x8C90, 0x0C67,
0x8C94, 0x0C6B,
0x0C90, 0x0C67,
0x0C88, 0x0C68,
0x8C88, 0x0C68,
0x8C8C, 0x0C6C,
0x0C88, 0x0C68,
0x0B30, 0x0CA0,
0x8B30, 0x0CA0,
0x8B34, 0x0CA4,
0x0B30, 0x0CA0,
0x0B35, 0x0C9E,
0x8B35, 0x0C9E,
0x8B39, 0x0CA3,
0x0B35, 0x0C9E,
0x0B20, 0x0C92,
0x8B20, 0x0C92,
0x8B24, 0x0C96,
0x0B20, 0x0C92,
0x0B25, 0x0C95,
0x8B25, 0x0C95,
0x8B29, 0x0C99,
0x0B25, 0x0C95,
0x0B23, 0x0C81,
0x8B23, 0x0C81,
0x8B27, 0x0C85,
0x0B23, 0x0C81,
0x0B24, 0x0C7E,
0x8B24, 0x0C7E,
0x8B29, 0x0C82,
0x0B24, 0x0C7E,
0x0B2C, 0x0C67,
0x8B2C, 0x0C67,
0x8B30, 0x0C6B,
0x0B2C, 0x0C67,
0x0B3C, 0x0C92,
0x8B3C, 0x0C92,
0x8B40, 0x0C96,
0x0B3C, 0x0C92,
0x0B31, 0x0C67,
0x8B31, 0x0C67,
0x8B35, 0x0C6B,
0x0B31, 0x0C67,
0x0B41, 0x0C98,
0x8B41, 0x0C98,
0x8B45, 0x0C9C,
0x0B41, 0x0C98,
0x0B3F, 0x0C87,
0x8B3F, 0x0C87,
0x8B43, 0x0C8B,
0x0B3F, 0x0C87,
0x0B61, 0x0CAA,
0x8B61, 0x0CAA,
0x8B65, 0x0CAE,
0x0B61, 0x0CAA,
0x0B6C, 0x0CA9,
0x8B6C, 0x0CA9,
0x8B70, 0x0CAD,
0x0B6C, 0x0CA9,
0x0B56, 0x0CA9,
0x8B56, 0x0CA9,
0x8B5A, 0x0CAD,
0x0B56, 0x0CA9,
0x0B52, 0x0CA5,
0x8B52, 0x0CA5,
0x8B56, 0x0CA9,
0x0B52, 0x0CA5,
0x0B53, 0x0CA2,
0x8B53, 0x0CA2,
0x8B57, 0x0CA6,
0x0B53, 0x0CA2,
0x0B80, 0x0CA7,
0x8B80, 0x0CA7,
0x8B84, 0x0CAB,
0x0B80, 0x0CA7,
0x0B84, 0x0CAC,
0x8B84, 0x0CAC,
0x8B89, 0x0CB0,
0x0B84, 0x0CAC,
0x0B85, 0x0CA8,
0x8B85, 0x0CA8,
0x8B89, 0x0CAC,
0x0B85, 0x0CA8,
0x0B9A, 0x0CAC,
0x8B9A, 0x0CAC,
0x8B9E, 0x0CB0,
0x0B9A, 0x0CAC,
0x0BA2, 0x0CA5,
0x8BA2, 0x0CA5,
0x8BA6, 0x0CA9,
0x0BA2, 0x0CA5,
0x0BA7, 0x0CAF,
0x8BA7, 0x0CAF,
0x8BAB, 0x0CB3,
0x0BA7, 0x0CAF,
0x0BB7, 0x0CA7,
0x8BB7, 0x0CA7,
0x8BBB, 0x0CAB,
0x0BB7, 0x0CA7,
0x0BAE, 0x0CA9,
0x8BAE, 0x0CA9,
0x8BB3, 0x0CAD,
0x0BAE, 0x0CA9,
0x0BAA, 0x0CAB,
0x8BAA, 0x0CAB,
0x8BAE, 0x0CB0,
0x0BAA, 0x0CAB,
0x0BB2, 0x0CB0,
0x8BB2, 0x0CB0,
0x8BB7, 0x0CB4,
0x0BB2, 0x0CB0,
0x0BC2, 0x0CA9,
0x8BC2, 0x0CA9,
0x8BC6, 0x0CAD,
0x0BC2, 0x0CA9,
0x0BC6, 0x0CA8,
0x8BC6, 0x0CA8,
0x8BCA, 0x0CAC,
0x0BC6, 0x0CA8,
0x0BC6, 0x0CAF,
0x8BC6, 0x0CAF,
0x8BCA, 0x0CB3,
0x0BC6, 0x0CAF,
0x0BDD, 0x0CA8,
0x8BDD, 0x0CA8,
0x8BE1, 0x0CAC,
0x0BDD, 0x0CA8,
0x0BFA, 0x0CA9,
0x8BFA, 0x0CA9,
0x8BFF, 0x0CAD,
0x0BFA, 0x0CA9,
0x0BFF, 0x0CB0,
0x8BFF, 0x0CB0,
0x8C04, 0x0CB4,
0x0BFF, 0x0CB0,
0x0BEE, 0x0CAE,
0x8BEE, 0x0CAE,
0x8BF2, 0x0CB2,
0x0BEE, 0x0CAE,
0x0BE6, 0x0CB0,
0x8BE6, 0x0CB0,
0x8BEA, 0x0CB4,
0x0BE6, 0x0CB0,
0x0BE8, 0x0CAC,
0x8BE8, 0x0CAC,
0x8BEC, 0x0CB0,
0x0BE8, 0x0CAC,
0x0BE2, 0x0CAD,
0x8BE2, 0x0CAD,
0x8BE6, 0x0CB1,
0x0BE2, 0x0CAD,
0x0BE4, 0x0CAC,
0x8BE4, 0x0CAC,
0x8BE8, 0x0CB0,
0x0BE4, 0x0CAC,
0x0BE4, 0x0CAF,
0x8BE4, 0x0CAF,
0x8BE8, 0x0CB3,
0x0BE4, 0x0CAF,
0x0C2A, 0x0CAC,
0x8C2A, 0x0CAC,
0x8C2E, 0x0CB1,
0x0C2A, 0x0CAC,
0x0C1E, 0x0CB5,
0x8C1E, 0x0CB5,
0x8C22, 0x0CB9,
0x0C1E, 0x0CB5,
0x0C13, 0x0CB3,
0x8C13, 0x0CB3,
0x8C17, 0x0CB7,
0x0C13, 0x0CB3,
0x0C18, 0x0CA8,
0x8C18, 0x0CA8,
0x8C1C, 0x0CAC,
0x0C18, 0x0CA8,
0x0C0A, 0x0CB3,
0x8C0A, 0x0CB3,
0x8C0F, 0x0CB7,
0x0C0A, 0x0CB3,
0x0C4E, 0x0CA7,
0x8C4E, 0x0CA7,
0x8C52, 0x0CAB,
0x0C4E, 0x0CA7,
0x0C4F, 0x0CA5,
0x8C4F, 0x0CA5,
0x8C53, 0x0CA9,
0x0C4F, 0x0CA5,
0x0C4A, 0x0CA7,
0x8C4A, 0x0CA7,
0x8C4E, 0x0CAB,
0x0C4A, 0x0CA7,
0x0C42, 0x0CB1,
0x8C42, 0x0CB1,
0x8C46, 0x0CB5,
0x0C42, 0x0CB1,
0x0C48, 0x0CAE,
0x8C48, 0x0CAE,
0x8C4C, 0x0CB2,
0x0C48, 0x0CAE,
0x0C94, 0x0CA5,
0x8C94, 0x0CA5,
0x8C98, 0x0CA9,
0x0C94, 0x0CA5,
0x0C8E, 0x0CA4,
0x8C8E, 0x0CA4,
0x8C92, 0x0CA8,
0x0C8E, 0x0CA4,
0x0C8B, 0x0CA5,
0x8C8B, 0x0CA5,
0x8C8F, 0x0CA9,
0x0C8B, 0x0CA5,
0x0C92, 0x0CA9,
0x8C92, 0x0CA9,
0x8C96, 0x0CAD,
0x0C92, 0x0CA9,
0x0C82, 0x0CA8,
0x8C82, 0x0CA8,
0x8C86, 0x0CAC,
0x0C82, 0x0CA8,
0x0C80, 0x0CAC,
0x8C80, 0x0CAC,
0x8C84, 0x0CB0,
0x0C80, 0x0CAC,
0x0C8D, 0x0CA8,
0x8C8D, 0x0CA8,
0x8C92, 0x0CAC,
0x0C8D, 0x0CA8,
0x0C74, 0x0CA8,
0x8C74, 0x0CA8,
0x8C78, 0x0CAC,
0x0C74, 0x0CA8,
0x0C6F, 0x0CAE,
0x8C6F, 0x0CAE,
0x8C73, 0x0CB2,
0x0C6F, 0x0CAE,
0x0C6A, 0x0CB0,
0x8C6A, 0x0CB0,
0x8C6E, 0x0CB5,
0x0C6A, 0x0CB0,
0x0C76, 0x0CA6,
0x8C76, 0x0CA6,
0x8C7A, 0x0CAA,
0x0C76, 0x0CA6,
0x0C71, 0x0CAA,
0x8C71, 0x0CAA,
0x8C75, 0x0CAE,
0x0C71, 0x0CAA,
0x0C70, 0x0CA7,
0x8C70, 0x0CA7,
0x8C74, 0x0CAB,
0x0C70, 0x0CA7,
0x0C69, 0x0CA5,
0x8C69, 0x0CA5,
0x8C6D, 0x0CA9,
0x0C69, 0x0CA5,
0x0C9E, 0x0CAB,
0x8C9E, 0x0CAB,
0x8CA2, 0x0CAF,
0x0C9E, 0x0CAB,
0x0CA2, 0x0CB1,
0x8CA2, 0x0CB1,
0x8CA6, 0x0CB5,
0x0CA2, 0x0CB1,
0x0CA3, 0x0CAE,
0x8CA3, 0x0CAE,
0x8CA7, 0x0CB2,
0x0CA3, 0x0CAE,
0x0CAA, 0x0CB1,
0x8CAA, 0x0CB1,
0x8CAE, 0x0CB5,
0x0CAA, 0x0CB1,
0x0CD4, 0x0CB6,
0x8CD4, 0x0CB6,
0x8CD8, 0x0CBA,
0x0CD4, 0x0CB6,
0x0CB9, 0x0CB6,
0x8CB9, 0x0CB6,
0x8CBD, 0x0CBA,
0x0CB9, 0x0CB6,
0x0CC2, 0x0CA7,
0x8CC2, 0x0CA7,
0x8CC6, 0x0CAB,
0x0CC2, 0x0CA7,
0x0B2E, 0x0CCA,
0x8B2E, 0x0CCA,
0x8B32, 0x0CCE,
0x0B2E, 0x0CCA,
0x0B34, 0x0CC0,
0x8B34, 0x0CC0,
0x8B38, 0x0CC4,
0x0B34, 0x0CC0,
0x0B37, 0x0CCD,
0x8B37, 0x0CCD,
0x8B3B, 0x0CD1,
0x0B37, 0x0CCD,
0x0B38, 0x0CCD,
0x8B38, 0x0CCD,
0x8B3D, 0x0CD1,
0x0B38, 0x0CCD,
0x0B2F, 0x0CC7,
0x8B2F, 0x0CC7,
0x8B33, 0x0CCB,
0x0B2F, 0x0CC7,
0x0B2A, 0x0CCF,
0x8B2A, 0x0CCF,
0x8B2E, 0x0CD3,
0x0B2A, 0x0CCF,
0x0B2F, 0x0CD8,
0x8B2F, 0x0CD8,
0x8B33, 0x0CDC,
0x0B2F, 0x0CD8,
0x0B2B, 0x0CD9,
0x8B2B, 0x0CD9,
0x8B2F, 0x0CDD,
0x0B2B, 0x0CD9,
0x0B25, 0x0CDB,
0x8B25, 0x0CDB,
0x8B29, 0x0CDF,
0x0B25, 0x0CDB,
0x0B1A, 0x0CAF,
0x8B1A, 0x0CAF,
0x8B1E, 0x0CB3,
0x0B1A, 0x0CAF,
0x0B21, 0x0CAA,
0x8B21, 0x0CAA,
0x8B25, 0x0CAE,
0x0B21, 0x0CAA,
0x0B18, 0x0CA9,
0x8B18, 0x0CA9,
0x8B1C, 0x0CAD,
0x0B18, 0x0CA9,
0x0B25, 0x0C9D,
0x8B25, 0x0C9D,
0x8B2A, 0x0CA1,
0x0B25, 0x0C9D,
0x0B25, 0x0CA0,
0x8B25, 0x0CA0,
0x8B29, 0x0CA4,
0x0B25, 0x0CA0,
0x0AB3, 0x0C7F,
0x8AB3, 0x0C7F,
0x8AB7, 0x0C83,
0x0AB3, 0x0C7F,
0x0AB4, 0x0C82,
0x8AB4, 0x0C82,
0x8AB8, 0x0C86,
0x0AB4, 0x0C82,
0x0ABB, 0x0C7C,
0x8ABB, 0x0C7C,
0x8ABF, 0x0C80,
0x0ABB, 0x0C7C,
0x0ACE, 0x0C69,
0x8ACE, 0x0C69,
0x8AD2, 0x0C6D,
0x0ACE, 0x0C69,
0x0AD3, 0x0C6C,
0x8AD3, 0x0C6C,
0x8AD7, 0x0C70,
0x0AD3, 0x0C6C,
0x0AD5, 0x0C6C,
0x8AD5, 0x0C6C,
0x8AD9, 0x0C70,
0x0AD5, 0x0C6C,
0x0ADC, 0x0C68,
0x8ADC, 0x0C68,
0x8AE0, 0x0C6C,
0x0ADC, 0x0C68,
0x0ADF, 0x0C6F,
0x8ADF, 0x0C6F,
0x8AE3, 0x0C73,
0x0ADF, 0x0C6F,
0x0ADF, 0x0C6A,
0x8ADF, 0x0C6A,
0x8AE3, 0x0C6F,
0x0ADF, 0x0C6A,
0x0B0B, 0x0C67,
0x8B0B, 0x0C67,
0x8B0F, 0x0C6B,
0x0B0B, 0x0C67,
0x0B11, 0x0C68,
0x8B11, 0x0C68,
0x8B15, 0x0C6C,
0x0B11, 0x0C68,
0x0B15, 0x0CAF,
0x8B15, 0x0CAF,
0x8B19, 0x0CB3,
0x0B15, 0x0CAF,
0x0ABE, 0x0C8E,
0x8ABE, 0x0C8E,
0x8AC2, 0x0C92,
0x0ABE, 0x0C8E,
0x0AC6, 0x0C8D,
0x8AC6, 0x0C8D,
0x8ACA, 0x0C91,
0x0AC6, 0x0C8D,
0x0AD1, 0x0CA4,
0x8AD1, 0x0CA4,
0x8AD5, 0x0CA9,
0x0AD1, 0x0CA4,
0x0ACE, 0x0CB3,
0x8ACE, 0x0CB3,
0x8AD2, 0x0CB7,
0x0ACE, 0x0CB3,
0x0ADA, 0x0CAF,
0x8ADA, 0x0CAF,
0x8ADE, 0x0CB3,
0x0ADA, 0x0CAF,
0x0AC3, 0x0CB7,
0x8AC3, 0x0CB7,
0x8AC7, 0x0CBC,
0x0AC3, 0x0CB7,
0x0AC2, 0x0CBC,
0x8AC2, 0x0CBC,
0x8AC6, 0x0CC0,
0x0AC2, 0x0CBC,
0x0ABE, 0x0CBF,
0x8ABE, 0x0CBF,
0x8AC2, 0x0CC3,
0x0ABE, 0x0CBF,
0x0AB5, 0x0CCB,
0x8AB5, 0x0CCB,
0x8ABA, 0x0CD0,
0x0AB5, 0x0CCB,
0x0AB6, 0x0CD3,
0x8AB6, 0x0CD3,
0x8ABA, 0x0CD8,
0x0AB6, 0x0CD3,
0x0AA3, 0x0CC0,
0x8AA3, 0x0CC0,
0x8AA7, 0x0CC4,
0x0AA3, 0x0CC0,
0x0AA3, 0x0CBF,
0x8AA3, 0x0CBF,
0x8AA7, 0x0CC4,
0x0AA3, 0x0CBF,
0x0AA5, 0x0CCD,
0x8AA5, 0x0CCD,
0x8AAA, 0x0CD1,
0x0AA5, 0x0CCD,
0x0A9A, 0x0C83,
0x8A9A, 0x0C83,
0x8A9E, 0x0C87,
0x0A9A, 0x0C83,
0x0A9C, 0x0C8B,
0x8A9C, 0x0C8B,
0x8AA0, 0x0C8F,
0x0A9C, 0x0C8B,
0x0A9F, 0x0C83,
0x8A9F, 0x0C83,
0x8AA3, 0x0C88,
0x0A9F, 0x0C83,
0x0AA5, 0x0C79,
0x8AA5, 0x0C79,
0x8AA9, 0x0C7D,
0x0AA5, 0x0C79,
0x0AA4, 0x0C7B,
0x8AA4, 0x0C7B,
0x8AA8, 0x0C7F,
0x0AA4, 0x0C7B,
0x0B02, 0x0C33,
0x8B02, 0x0C33,
0x8B06, 0x0C37,
0x0B02, 0x0C33,
0x0AF0, 0x0C32,
0x8AF0, 0x0C32,
0x8AF4, 0x0C37,
0x0AF0, 0x0C32,
0x0AF5, 0x0C33,
0x8AF5, 0x0C33,
0x8AF9, 0x0C37,
0x0AF5, 0x0C33,
0x0AEB, 0x0C37,
0x8AEB, 0x0C37,
0x8AEF, 0x0C3B,
0x0AEB, 0x0C37,
0x0AE3, 0x0C33,
0x8AE3, 0x0C33,
0x8AE7, 0x0C37,
0x0AE3, 0x0C33,
0x0AD7, 0x0C31,
0x8AD7, 0x0C31,
0x8ADB, 0x0C35,
0x0AD7, 0x0C31,
0x0AC9, 0x0C34,
0x8AC9, 0x0C34,
0x8ACD, 0x0C38,
0x0AC9, 0x0C34,
0x0AC2, 0x0C30,
0x8AC2, 0x0C30,
0x8AC7, 0x0C34,
0x0AC2, 0x0C30,
0x0AB5, 0x0C38,
0x8AB5, 0x0C38,
0x8AB9, 0x0C3C,
0x0AB5, 0x0C38,
0x0AA1, 0x0C52,
0x8AA1, 0x0C52,
0x8AA5, 0x0C56,
0x0AA1, 0x0C52,
0x0AA1, 0x0C50,
0x8AA1, 0x0C50,
0x8AA5, 0x0C54,
0x0AA1, 0x0C50,
0x0AA2, 0x0C57,
0x8AA2, 0x0C57,
0x8AA6, 0x0C5B,
0x0AA2, 0x0C57,
0x0AA3, 0x0C5D,
0x8AA3, 0x0C5D,
0x8AA7, 0x0C61,
0x0AA3, 0x0C5D,
0x0A85, 0x0C86,
0x8A85, 0x0C86,
0x8A89, 0x0C8A,
0x0A85, 0x0C86,
0x0A86, 0x0C7E,
0x8A86, 0x0C7E,
0x8A8A, 0x0C82,
0x0A86, 0x0C7E,
0x0A93, 0x0C84,
0x8A93, 0x0C84,
0x8A97, 0x0C88,
0x0A93, 0x0C84,
0x0A97, 0x0C9D,
0x8A97, 0x0C9D,
0x8A9C, 0x0CA1,
0x0A97, 0x0C9D,
0x0A8C, 0x0CAA,
0x8A8C, 0x0CAA,
0x8A90, 0x0CAE,
0x0A8C, 0x0CAA,
0x0A93, 0x0C88,
0x8A93, 0x0C88,
0x8A97, 0x0C8D,
0x0A93, 0x0C88,
0x0A92, 0x0C94,
0x8A92, 0x0C94,
0x8A96, 0x0C98,
0x0A92, 0x0C94,
0x0A8A, 0x0C75,
0x8A8A, 0x0C75,
0x8A8F, 0x0C79,
0x0A8A, 0x0C75,
0x0AA7, 0x0C3E,
0x8AA7, 0x0C3E,
0x8AAB, 0x0C42,
0x0AA7, 0x0C3E,
0x0AA5, 0x0C3E,
0x8AA5, 0x0C3E,
0x8AA9, 0x0C42,
0x0AA5, 0x0C3E,
0x0A99, 0x0C50,
0x8A99, 0x0C50,
0x8A9E, 0x0C54,
0x0A99, 0x0C50,
0x0A8B, 0x0C61,
0x8A8B, 0x0C61,
0x8A8F, 0x0C65,
0x0A8B, 0x0C61,
0x0A9F, 0x0C32,
0x8A9F, 0x0C32,
0x8AA3, 0x0C36,
0x0A9F, 0x0C32,
0x0A91, 0x0C59,
0x8A91, 0x0C59,
0x8A95, 0x0C5D,
0x0A91, 0x0C59,
0x0A96, 0x0C28,
0x8A96, 0x0C28,
0x8A9A, 0x0C2C,
0x0A96, 0x0C28,
0x0A88, 0x0C24,
0x8A88, 0x0C24,
0x8A8C, 0x0C28,
0x0A88, 0x0C24,
0x0A77, 0x0C16,
0x8A77, 0x0C16,
0x8A7B, 0x0C1A,
0x0A77, 0x0C16,
0x0A76, 0x0C16,
0x8A76, 0x0C16,
0x8A7A, 0x0C1A,
0x0A76, 0x0C16,
0x0A81, 0x0C15,
0x8A81, 0x0C15,
0x8A85, 0x0C19,
0x0A81, 0x0C15,
0x0A76, 0x0C0C,
0x8A76, 0x0C0C,
0x8A7A, 0x0C10,
0x0A76, 0x0C0C,
0x0A86, 0x0C17,
0x8A86, 0x0C17,
0x8A8A, 0x0C1B,
0x0A86, 0x0C17,
0x0A6F, 0x0C12,
0x8A6F, 0x0C12,
0x8A73, 0x0C16,
0x0A6F, 0x0C12,
0x0A70, 0x0C16,
0x8A70, 0x0C16,
0x8A74, 0x0C1A,
0x0A70, 0x0C16,
0x0A6E, 0x0C5B,
0x8A6E, 0x0C5B,
0x8A72, 0x0C5F,
0x0A6E, 0x0C5B,
0x0A75, 0x0C4E,
0x8A75, 0x0C4E,
0x8A79, 0x0C52,
0x0A75, 0x0C4E,
0x0A77, 0x0C56,
0x8A77, 0x0C56,
0x8A7B, 0x0C5A,
0x0A77, 0x0C56,
0x0A74, 0x0C64,
0x8A74, 0x0C64,
0x8A78, 0x0C69,
0x0A74, 0x0C64,
0x0A76, 0x0CD4,
0x8A76, 0x0CD4,
0x8A7A, 0x0CD8,
0x0A76, 0x0CD4,
0x0A72, 0x0CCB,
0x8A72, 0x0CCB,
0x8A76, 0x0CCF,
0x0A72, 0x0CCB,
0x0A6E, 0x0CD2,
0x8A6E, 0x0CD2,
0x8A72, 0x0CD6,
0x0A6E, 0x0CD2,
0x0A6E, 0x0CDF,
0x8A6E, 0x0CDF,
0x8A72, 0x0CE3,
0x0A6E, 0x0CDF,
0x0A63, 0x0CE0,
0x8A63, 0x0CE0,
0x8A67, 0x0CE4,
0x0A63, 0x0CE0,
0x0A66, 0x0CE2,
0x8A66, 0x0CE2,
0x8A6A, 0x0CE6,
0x0A66, 0x0CE2,
0x0A5E, 0x0CDF,
0x8A5E, 0x0CDF,
0x8A62, 0x0CE3,
0x0A5E, 0x0CDF,
0x0A69, 0x0CF1,
0x8A69, 0x0CF1,
0x8A6D, 0x0CF6,
0x0A69, 0x0CF1,
0x0A5C, 0x0CDF,
0x8A5C, 0x0CDF,
0x8A60, 0x0CE3,
0x0A5C, 0x0CDF,
0x0A69, 0x0CFD,
0x8A69, 0x0CFD,
0x8A6D, 0x0D02,
0x0A69, 0x0CFD,
0x0A60, 0x0D08,
0x8A60, 0x0D08,
0x8A64, 0x0D0C,
0x0A60, 0x0D08,
0x0A54, 0x0CA6,
0x8A54, 0x0CA6,
0x8A58, 0x0CAA,
0x0A54, 0x0CA6,
0x0A4D, 0x0CB4,
0x8A4D, 0x0CB4,
0x8A51, 0x0CB8,
0x0A4D, 0x0CB4,
0x0A49, 0x0CB0,
0x8A49, 0x0CB0,
0x8A4D, 0x0CB4,
0x0A49, 0x0CB0,
0x0A60, 0x0C87,
0x8A60, 0x0C87,
0x8A64, 0x0C8B,
0x0A60, 0x0C87,
0x0A6A, 0x0C7E,
0x8A6A, 0x0C7E,
0x8A6E, 0x0C82,
0x0A6A, 0x0C7E,
0x0A68, 0x0C80,
0x8A68, 0x0C80,
0x8A6D, 0x0C84,
0x0A68, 0x0C80,
0x0A69, 0x0C73,
0x8A69, 0x0C73,
0x8A6D, 0x0C77,
0x0A69, 0x0C73,
0x0A65, 0x0C64,
0x8A65, 0x0C64,
0x8A69, 0x0C68,
0x0A65, 0x0C64,
0x0A69, 0x0C71,
0x8A69, 0x0C71,
0x8A6D, 0x0C75,
0x0A69, 0x0C71,
0x0A68, 0x0C5A,
0x8A68, 0x0C5A,
0x8A6C, 0x0C5F,
0x0A68, 0x0C5A,
0x0A5C, 0x0C55,
0x8A5C, 0x0C55,
0x8A60, 0x0C59,
0x0A5C, 0x0C55,
0x0A5C, 0x0C3A,
0x8A5C, 0x0C3A,
0x8A60, 0x0C3E,
0x0A5C, 0x0C3A,
0x0A56, 0x0C3B,
0x8A56, 0x0C3B,
0x8A5A, 0x0C3F,
0x0A56, 0x0C3B,
0x0A56, 0x0C47,
0x8A56, 0x0C47,
0x8A5A, 0x0C4B,
0x0A56, 0x0C47,
0x0A52, 0x0C55,
0x8A52, 0x0C55,
0x8A56, 0x0C59,
0x0A52, 0x0C55,
0x0A5F, 0x0BFB,
0x8A5F, 0x0BFB,
0x8A63, 0x0BFF,
0x0A5F, 0x0BFB,
0x0A5F, 0x0C01,
0x8A5F, 0x0C01,
0x8A63, 0x0C05,
0x0A5F, 0x0C01,
0x0A65, 0x0BFA,
0x8A65, 0x0BFA,
0x8A69, 0x0BFE,
0x0A65, 0x0BFA,
0x0A60, 0x0C07,
0x8A60, 0x0C07,
0x8A64, 0x0C0B,
0x0A60, 0x0C07,
0x0A5F, 0x0C1A,
0x8A5F, 0x0C1A,
0x8A64, 0x0C1F,
0x0A5F, 0x0C1A,
0x0A5C, 0x0BF7,
0x8A5C, 0x0BF7,
0x8A60, 0x0BFB,
0x0A5C, 0x0BF7,
0x0A53, 0x0BFE,
0x8A53, 0x0BFE,
0x8A57, 0x0C02,
0x0A53, 0x0BFE,
0x0A4A, 0x0BEE,
0x8A4A, 0x0BEE,
0x8A4E, 0x0BF2,
0x0A4A, 0x0BEE,
0x0A47, 0x0BE7,
0x8A47, 0x0BE7,
0x8A4B, 0x0BEB,
0x0A47, 0x0BE7,
0x0A41, 0x0BE8,
0x8A41, 0x0BE8,
0x8A45, 0x0BEC,
0x0A41, 0x0BE8,
0x0A44, 0x0BE9,
0x8A44, 0x0BE9,
0x8A48, 0x0BED,
0x0A44, 0x0BE9,
0x0A2D, 0x0BD9,
0x8A2D, 0x0BD9,
0x8A31, 0x0BDD,
0x0A2D, 0x0BD9,
0x0A2C, 0x0BD9,
0x8A2C, 0x0BD9,
0x8A30, 0x0BDD,
0x0A2C, 0x0BD9,
0x0A12, 0x0BE2,
0x8A12, 0x0BE2,
0x8A16, 0x0BE6,
0x0A12, 0x0BE2,
0x0A2F, 0x0BD7,
0x8A2F, 0x0BD7,
0x8A33, 0x0BDB,
0x0A2F, 0x0BD7,
0x0A13, 0x0BD7,
0x8A13, 0x0BD7,
0x8A18, 0x0BDB,
0x0A13, 0x0BD7,
0x0A1F, 0x0BCF,
0x8A1F, 0x0BCF,
0x8A23, 0x0BD3,
0x0A1F, 0x0BCF,
0x0A14, 0x0BCF,
0x8A14, 0x0BCF,
0x8A18, 0x0BD3,
0x0A14, 0x0BCF,
0x0A19, 0x0BBE,
0x8A19, 0x0BBE,
0x8A1D, 0x0BC2,
0x0A19, 0x0BBE,
0x0A13, 0x0BC0,
0x8A13, 0x0BC0,
0x8A18, 0x0BC4,
0x0A13, 0x0BC0,
0x0A2C, 0x0BFE,
0x8A2C, 0x0BFE,
0x8A30, 0x0C02,
0x0A2C, 0x0BFE,
0x0A49, 0x0C55,
0x8A49, 0x0C55,
0x8A4D, 0x0C59,
0x0A49, 0x0C55,
0x0A3F, 0x0CF3,
0x8A3F, 0x0CF3,
0x8A43, 0x0CF7,
0x0A3F, 0x0CF3,
0x0A3E, 0x0CE6,
0x8A3E, 0x0CE6,
0x8A42, 0x0CEA,
0x0A3E, 0x0CE6,
0x0A3D, 0x0CF9,
0x8A3D, 0x0CF9,
0x8A41, 0x0CFD,
0x0A3D, 0x0CF9,
0x0A39, 0x0CBF,
0x8A39, 0x0CBF,
0x8A3D, 0x0CC3,
0x0A39, 0x0CBF,
0x0A45, 0x0CED,
0x8A45, 0x0CED,
0x8A49, 0x0CF1,
0x0A45, 0x0CED,
0x0A35, 0x0CD3,
0x8A35, 0x0CD3,
0x8A39, 0x0CD7,
0x0A35, 0x0CD3,
0x0A36, 0x0C76,
0x8A36, 0x0C76,
0x8A3A, 0x0C7A,
0x0A36, 0x0C76,
0x0A33, 0x0CB7,
0x8A33, 0x0CB7,
0x8A37, 0x0CBB,
0x0A33, 0x0CB7,
0x0A30, 0x0C8C,
0x8A30, 0x0C8C,
0x8A34, 0x0C90,
0x0A30, 0x0C8C,
0x0A2E, 0x0CC1,
0x8A2E, 0x0CC1,
0x8A32, 0x0CC5,
0x0A2E, 0x0CC1,
0x0A2D, 0x0CC4,
0x8A2D, 0x0CC4,
0x8A31, 0x0CC9,
0x0A2D, 0x0CC4,
0x0A2C, 0x0CC6,
0x8A2C, 0x0CC6,
0x8A30, 0x0CCB,
0x0A2C, 0x0CC6,
0x0A26, 0x0CAC,
0x8A26, 0x0CAC,
0x8A2A, 0x0CB1,
0x0A26, 0x0CAC,
0x0A1E, 0x0CE4,
0x8A1E, 0x0CE4,
0x8A22, 0x0CE8,
0x0A1E, 0x0CE4,
0x0A25, 0x0CB1,
0x8A25, 0x0CB1,
0x8A29, 0x0CB5,
0x0A25, 0x0CB1,
0x0A21, 0x0CD7,
0x8A21, 0x0CD7,
0x8A25, 0x0CDB,
0x0A21, 0x0CD7,
0x0A16, 0x0CA6,
0x8A16, 0x0CA6,
0x8A1B, 0x0CAA,
0x0A16, 0x0CA6,
0x0A18, 0x0CA4,
0x8A18, 0x0CA4,
0x8A1C, 0x0CA8,
0x0A18, 0x0CA4,
0x0A11, 0x0CAE,
0x8A11, 0x0CAE,
0x8A15, 0x0CB2,
0x0A11, 0x0CAE,
0x0A18, 0x0C9C,
0x8A18, 0x0C9C,
0x8A1C, 0x0CA0,
0x0A18, 0x0C9C,
0x0A29, 0x0C38,
0x8A29, 0x0C38,
0x8A2D, 0x0C3D,
0x0A29, 0x0C38,
0x0A14, 0x0CA2,
0x8A14, 0x0CA2,
0x8A18, 0x0CA6,
0x0A14, 0x0CA2,
0x0A15, 0x0C99,
0x8A15, 0x0C99,
0x8A19, 0x0C9D,
0x0A15, 0x0C99,
0x0A2A, 0x0C37,
0x8A2A, 0x0C37,
0x8A2E, 0x0C3B,
0x0A2A, 0x0C37,
0x0A18, 0x0C05,
0x8A18, 0x0C05,
0x8A1C, 0x0C09,
0x0A18, 0x0C05,
0x0A11, 0x0C05,
0x8A11, 0x0C05,
0x8A15, 0x0C09,
0x0A11, 0x0C05,
0x0A1A, 0x0C4D,
0x8A1A, 0x0C4D,
0x8A1E, 0x0C51,
0x0A1A, 0x0C4D,
0x0A01, 0x0CB5,
0x8A01, 0x0CB5,
0x8A05, 0x0CB9,
0x0A01, 0x0CB5,
0x0A19, 0x0C5A,
0x8A19, 0x0C5A,
0x8A1D, 0x0C5E,
0x0A19, 0x0C5A,
0x0A0B, 0x0C6B,
0x8A0B, 0x0C6B,
0x8A10, 0x0C6F,
0x0A0B, 0x0C6B,
0x0A07, 0x0C7A,
0x8A07, 0x0C7A,
0x8A0B, 0x0C7E,
0x0A07, 0x0C7A,
0x09FB, 0x0C98,
0x89FB, 0x0C98,
0x89FF, 0x0C9C,
0x09FB, 0x0C98,
0x0A06, 0x0C6C,
0x8A06, 0x0C6C,
0x8A0A, 0x0C70,
0x0A06, 0x0C6C,
0x09F4, 0x0C99,
0x89F4, 0x0C99,
0x89F8, 0x0C9D,
0x09F4, 0x0C99,
0x0A18, 0x0C13,
0x8A18, 0x0C13,
0x8A1C, 0x0C17,
0x0A18, 0x0C13,
0x0A09, 0x0C18,
0x8A09, 0x0C18,
0x8A0D, 0x0C1C,
0x0A09, 0x0C18,
0x0A03, 0x0C18,
0x8A03, 0x0C18,
0x8A07, 0x0C1C,
0x0A03, 0x0C18,
0x09F6, 0x0C91,
0x89F6, 0x0C91,
0x89FA, 0x0C96,
0x09F6, 0x0C91,
0x09F4, 0x0C84,
0x89F4, 0x0C84,
0x89F9, 0x0C88,
0x09F4, 0x0C84,
0x09F0, 0x0C85,
0x89F0, 0x0C85,
0x89F4, 0x0C89,
0x09F0, 0x0C85,
0x09E8, 0x0C83,
0x89E8, 0x0C83,
0x89EC, 0x0C87,
0x09E8, 0x0C83,
0x09E3, 0x0C81,
0x89E3, 0x0C81,
0x89E7, 0x0C85,
0x09E3, 0x0C81,
0x09DE, 0x0C8B,
0x89DE, 0x0C8B,
0x89E2, 0x0C8F,
0x09DE, 0x0C8B,
0x09D5, 0x0C8A,
0x89D5, 0x0C8A,
0x89D9, 0x0C8E,
0x09D5, 0x0C8A
};

const unsigned short draw_23[] PROGMEM = {
0x08D8, 0x0BBC,
0x88D8, 0x0BBC,
0x88E0, 0x0BBF,
0x88E7, 0x0BC4,
0x88EA, 0x0BCB,
0x88EA, 0x0BD4,
0x88EA, 0x0BDB,
0x88EA, 0x0BE4,
0x88EA, 0x0BEC,
0x88EA, 0x0BF5,
0x88EA, 0x0BFD,
0x88EA, 0x0C05,
0x88EA, 0x0C0D,
0x88EA, 0x0C15,
0x88EA, 0x0C1E,
0x88DB, 0x0C1D,
0x88DB, 0x0C15,
0x88D7, 0x0C0F,
0x88D5, 0x0C07,
0x88D6, 0x0BFF,
0x88D6, 0x0BF8,
0x88D5, 0x0BF0,
0x88D5, 0x0BE8,
0x88D5, 0x0BE0,
0x88CF, 0x0BDB,
0x88CD, 0x0BDC,
0x88C7, 0x0BE2,
0x88C1, 0x0BE7,
0x88BA, 0x0BEB,
0x88B5, 0x0BF0,
0x88AF, 0x0BF7,
0x88AF, 0x0BFE,
0x88B1, 0x0C06,
0x88AF, 0x0C0D,
0x88B0, 0x0C14,
0x88B4, 0x0C1B,
0x88B1, 0x0C22,
0x88B1, 0x0C29,
0x88B7, 0x0C2F,
0x88BA, 0x0C36,
0x88BF, 0x0C3B,
0x88C6, 0x0C3F,
0x88CD, 0x0C43,
0x88D4, 0x0C46,
0x88DA, 0x0C42,
0x88DB, 0x0C3A,
0x88DB, 0x0C32,
0x88D7, 0x0C2C,
0x88DB, 0x0C25,
0x88DB, 0x0C1D,
0x88EA, 0x0C1E,
0x88EA, 0x0C26,
0x88EA, 0x0C2D,
0x88EA, 0x0C36,
0x88EA, 0x0C3E,
0x88EA, 0x0C47,
0x88EA, 0x0C4F,
0x88ED, 0x0C56,
0x88F2, 0x0C5B,
0x88FB, 0x0C5B,
0x8903, 0x0C5B,
0x890B, 0x0C59,
0x8912, 0x0C56,
0x891A, 0x0C56,
0x8922, 0x0C56,
0x892A, 0x0C55,
0x8932, 0x0C52,
0x893A, 0x0C52,
0x8942, 0x0C53,
0x894A, 0x0C53,
0x8951, 0x0C55,
0x8959, 0x0C52,
0x8961, 0x0C50,
0x8968, 0x0C51,
0x8970, 0x0C4F,
0x8978, 0x0C4F,
0x8980, 0x0C52,
0x8987, 0x0C52,
0x8990, 0x0C52,
0x8997, 0x0C55,
0x899C, 0x0C5B,
0x899B, 0x0C63,
0x8995, 0x0C68,
0x898D, 0x0C6B,
0x8987, 0x0C66,
0x897F, 0x0C66,
0x8977, 0x0C66,
0x896E, 0x0C66,
0x8966, 0x0C66,
0x895E, 0x0C65,
0x8956, 0x0C66,
0x894F, 0x0C68,
0x8948, 0x0C68,
0x8941, 0x0C6B,
0x893A, 0x0C69,
0x8932, 0x0C66,
0x892B, 0x0C6B,
0x8923, 0x0C6B,
0x891B, 0x0C6B,
0x8913, 0x0C6B,
0x890B, 0x0C6D,
0x8903, 0x0C6E,
0x88FB, 0x0C6E,
0x88F3, 0x0C71,
0x88EE, 0x0C76,
0x88EC, 0x0C7F,
0x88EF, 0x0C86,
0x88F0, 0x0C8E,
0x88F0, 0x0C96,
0x88F2, 0x0C9E,
0x88F6, 0x0CA5,
0x88F7, 0x0CAD,
0x88FA, 0x0CB5,
0x88FC, 0x0CBC,
0x8901, 0x0CC3,
0x8906, 0x0CC9,
0x890A, 0x0CD0,
0x890D, 0x0CD7,
0x8911, 0x0CDF,
0x8915, 0x0CE5,
0x8919, 0x0CEC,
0x891E, 0x0CF3,
0x8920, 0x0CFB,
0x891F, 0x0D02,
0x8919, 0x0D07,
0x8912, 0x0D07,
0x890A, 0x0D08,
0x8901, 0x0D08,
0x88F9, 0x0D06,
0x88FD, 0x0CF6,
0x8905, 0x0CF5,
0x8905, 0x0CEF,
0x88FF, 0x0CE9,
0x88FD, 0x0CE1,
0x88F9, 0x0CDB,
0x88F4, 0x0CD4,
0x88F2, 0x0CCD,
0x88ED, 0x0CC6,
0x88E7, 0x0CC3,
0x88E7, 0x0CC3,
0x88E4, 0x0CCC,
0x88E4, 0x0CD4,
0x88E3, 0x0CDC,
0x88E1, 0x0CE4,
0x88DE, 0x0CEB,
0x88DE, 0x0CF4,
0x88E4, 0x0CF7,
0x88EC, 0x0CF5,
0x88F4, 0x0CF5,
0x88FD, 0x0CF6,
0x88F9, 0x0D06,
0x88F2, 0x0D08,
0x88EA, 0x0D09,
0x88E2, 0x0D0A,
0x88DA, 0x0D0C,
0x88D2, 0x0D0C,
0x88CA, 0x0D0C,
0x88C2, 0x0D0C,
0x88BA, 0x0D09,
0x88B8, 0x0D02,
0x88B7, 0x0CFA,
0x88B8, 0x0CF2,
0x88B9, 0x0CE9,
0x88B8, 0x0CE1,
0x88B4, 0x0CDB,
0x88B0, 0x0CD3,
0x88AA, 0x0CCE,
0x88A4, 0x0CC9,
0x889F, 0x0CC3,
0x889A, 0x0CBC,
0x8893, 0x0CB9,
0x888E, 0x0CB2,
0x8888, 0x0CAD,
0x8882, 0x0CA8,
0x887A, 0x0CA4,
0x8873, 0x0CA0,
0x886D, 0x0C9C,
0x886A, 0x0C94,
0x886A, 0x0C8C,
0x886F, 0x0C85,
0x8875, 0x0C81,
0x887C, 0x0C84,
0x8884, 0x0C81,
0x888B, 0x0C7E,
0x8890, 0x0C78,
0x8896, 0x0C72,
0x8899, 0x0C6A,
0x889A, 0x0C62,
0x88A0, 0x0C5E,
0x88A7, 0x0C61,
0x88AE, 0x0C62,
0x88B5, 0x0C5E,
0x88BD, 0x0C6D,
0x88B6, 0x0C73,
0x88B0, 0x0C78,
0x88AB, 0x0C7E,
0x88AA, 0x0C86,
0x88AB, 0x0C8E,
0x88AB, 0x0C97,
0x88AB, 0x0C9F,
0x88AA, 0x0CA7,
0x88AE, 0x0CAE,
0x88B4, 0x0CB4,
0x88BA, 0x0CBA,
0x88BF, 0x0CC1,
0x88C4, 0x0CC7,
0x88C9, 0x0CCE,
0x88CF, 0x0CD2,
0x88D3, 0x0CCA,
0x88D5, 0x0CC3,
0x88D5, 0x0CBA,
0x88D5, 0x0CB2,
0x88D7, 0x0CAA,
0x88DB, 0x0CA3,
0x88DB, 0x0C9B,
0x88DB, 0x0C92,
0x88DB, 0x0C8A,
0x88DB, 0x0C82,
0x88DB, 0x0C79,
0x88DA, 0x0C72,
0x88D6, 0x0C6B,
0x88D1, 0x0C66,
0x88CC, 0x0C66,
0x88C4, 0x0C6B,
0x88BD, 0x0C6D,
0x88B5, 0x0C5E,
0x88BA, 0x0C58,
0x88B9, 0x0C51,
0x88B3, 0x0C4B,
0x88AD, 0x0C45,
0x88AA, 0x0C3E,
0x88A4, 0x0C38,
0x889D, 0x0C33,
0x8898, 0x0C2C,
0x8892, 0x0C27,
0x888A, 0x0C24,
0x8882, 0x0C24,
0x887A, 0x0C24,
0x8872, 0x0C23,
0x886A, 0x0C20,
0x8864, 0x0C1B,
0x885F, 0x0C15,
0x885E, 0x0C0D,
0x8860, 0x0C05,
0x8867, 0x0C02,
0x8870, 0x0C02,
0x8878, 0x0C02,
0x8880, 0x0C01,
0x8887, 0x0BFD,
0x888E, 0x0BF9,
0x8895, 0x0BF4,
0x889B, 0x0BF0,
0x88A0, 0x0BEA,
0x88A2, 0x0BE3,
0x88A7, 0x0BDC,
0x88AE, 0x0BD8,
0x88B6, 0x0BD6,
0x88BC, 0x0BD1,
0x88C2, 0x0BCB,
0x88C9, 0x0BC7,
0x88CF, 0x0BC2,
0x88D6, 0x0BBE,
0x88D8, 0x0BBC,
0x08D8, 0x0BBC,
0x08E1, 0x0C0F,
0x88E1, 0x0C0F,
0x88E5, 0x0C13,
0x08E1, 0x0C0F,
0x08E3, 0x0C16,
0x88E3, 0x0C16,
0x88E7, 0x0C1A,
0x08E3, 0x0C16,
0x08DE, 0x0C23,
0x88DE, 0x0C23,
0x88E2, 0x0C27,
0x08DE, 0x0C23,
0x08DE, 0x0C2E,
0x88DE, 0x0C2E,
0x88E2, 0x0C32,
0x08DE, 0x0C2E,
0x08E1, 0x0BFA,
0x88E1, 0x0BFA,
0x88E5, 0x0BFE,
0x08E1, 0x0BFA,
0x08D9, 0x0C07,
0x88D9, 0x0C07,
0x88DD, 0x0C0B,
0x08D9, 0x0C07,
0x08DF, 0x0BF8,
0x88DF, 0x0BF8,
0x88E3, 0x0BFC,
0x08DF, 0x0BF8,
0x08DA, 0x0C06,
0x88DA, 0x0C06,
0x88DF, 0x0C0A,
0x08DA, 0x0C06,
0x08E2, 0x0BF6,
0x88E2, 0x0BF6,
0x88E6, 0x0BFB,
0x08E2, 0x0BF6,
0x08E1, 0x0BF5,
0x88E1, 0x0BF5,
0x88E5, 0x0BF9,
0x08E1, 0x0BF5,
0x08DF, 0x0BFA,
0x88DF, 0x0BFA,
0x88E3, 0x0BFE,
0x08DF, 0x0BFA,
0x08DC, 0x0BE9,
0x88DC, 0x0BE9,
0x88E0, 0x0BED,
0x08DC, 0x0BE9,
0x08E1, 0x0BE8,
0x88E1, 0x0BE8,
0x88E5, 0x0BEC,
0x08E1, 0x0BE8,
0x08E3, 0x0BE4,
0x88E3, 0x0BE4,
0x88E7, 0x0BE8,
0x08E3, 0x0BE4,
0x08AE, 0x0BDF,
0x88AE, 0x0BDF,
0x88B2, 0x0BE3,
0x08AE, 0x0BDF,
0x08AB, 0x0C2B,
0x88AB, 0x0C2B,
0x88AF, 0x0C2F,
0x08AB, 0x0C2B,
0x08AC, 0x0C2E,
0x88AC, 0x0C2E,
0x88B0, 0x0C32,
0x08AC, 0x0C2E,
0x08A8, 0x0C1A,
0x88A8, 0x0C1A,
0x88AD, 0x0C1F,
0x08A8, 0x0C1A,
0x08A3, 0x0C00,
0x88A3, 0x0C00,
0x88A7, 0x0C04,
0x08A3, 0x0C00,
0x08A7, 0x0C21,
0x88A7, 0x0C21,
0x88AB, 0x0C25,
0x08A7, 0x0C21,
0x08A2, 0x0C01,
0x88A2, 0x0C01,
0x88A6, 0x0C05,
0x08A2, 0x0C01,
0x08A1, 0x0BFA,
0x88A1, 0x0BFA,
0x88A5, 0x0BFE,
0x08A1, 0x0BFA,
0x08A3, 0x0C1A,
0x88A3, 0x0C1A,
0x88A7, 0x0C1F,
0x08A3, 0x0C1A,
0x08AE, 0x0BE2,
0x88AE, 0x0BE2,
0x88B2, 0x0BE6,
0x08AE, 0x0BE2,
0x08B5, 0x0BDE,
0x88B5, 0x0BDE,
0x88B9, 0x0BE2,
0x08B5, 0x0BDE,
0x08B6, 0x0BDA,
0x88B6, 0x0BDA,
0x88BB, 0x0BDE,
0x08B6, 0x0BDA,
0x08B8, 0x0BDF,
0x88B8, 0x0BDF,
0x88BC, 0x0BE4,
0x08B8, 0x0BDF,
0x08B9, 0x0BE1,
0x88B9, 0x0BE1,
0x88BD, 0x0BE5,
0x08B9, 0x0BE1,
0x08CF, 0x0BD3,
0x88CF, 0x0BD3,
0x88D3, 0x0BD7,
0x08CF, 0x0BD3,
0x08CC, 0x0BCB,
0x88CC, 0x0BCB,
0x88D1, 0x0BCF,
0x08CC, 0x0BCB,
0x08CE, 0x0BD3,
0x88CE, 0x0BD3,
0x88D2, 0x0BD7,
0x08CE, 0x0BD3,
0x08CE, 0x0BD0,
0x88CE, 0x0BD0,
0x88D2, 0x0BD5,
0x08CE, 0x0BD0,
0x08CD, 0x0BCE,
0x88CD, 0x0BCE,
0x88D1, 0x0BD2,
0x08CD, 0x0BCE,
0x08CF, 0x0BCA,
0x88CF, 0x0BCA,
0x88D3, 0x0BCE,
0x08CF, 0x0BCA,
0x08D4, 0x0BD9,
0x88D4, 0x0BD9,
0x88D8, 0x0BDD,
0x08D4, 0x0BD9,
0x08D5, 0x0BD9,
0x88D5, 0x0BD9,
0x88D9, 0x0BDD,
0x08D5, 0x0BD9,
0x08D0, 0x0BCB,
0x88D0, 0x0BCB,
0x88D4, 0x0BCF,
0x08D0, 0x0BCB,
0x08DC, 0x0BCE,
0x88DC, 0x0BCE,
0x88E0, 0x0BD2,
0x08DC, 0x0BCE,
0x08DB, 0x0BC1,
0x88DB, 0x0BC1,
0x88DF, 0x0BC5,
0x08DB, 0x0BC1,
0x08D6, 0x0BCD,
0x88D6, 0x0BCD,
0x88DA, 0x0BD1,
0x08D6, 0x0BCD,
0x08B5, 0x0C38,
0x88B5, 0x0C38,
0x88B9, 0x0C3C,
0x08B5, 0x0C38,
0x08B7, 0x0C41,
0x88B7, 0x0C41,
0x88BB, 0x0C45,
0x08B7, 0x0C41,
0x08B8, 0x0C45,
0x88B8, 0x0C45,
0x88BC, 0x0C49,
0x08B8, 0x0C45,
0x08B6, 0x0C36,
0x88B6, 0x0C36,
0x88BA, 0x0C3A,
0x08B6, 0x0C36,
0x08B2, 0x0C3A,
0x88B2, 0x0C3A,
0x88B6, 0x0C3E,
0x08B2, 0x0C3A,
0x08B3, 0x0C49,
0x88B3, 0x0C49,
0x88B7, 0x0C4D,
0x08B3, 0x0C49,
0x0901, 0x0D01,
0x8901, 0x0D01,
0x8905, 0x0D05,
0x0901, 0x0D01,
0x0905, 0x0CFB,
0x8905, 0x0CFB,
0x8909, 0x0CFF,
0x0905, 0x0CFB,
0x0906, 0x0CFF,
0x8906, 0x0CFF,
0x890A, 0x0D04,
0x0906, 0x0CFF,
0x0908, 0x0CFA,
0x8908, 0x0CFA,
0x890C, 0x0CFE,
0x0908, 0x0CFA,
0x090E, 0x0CFE,
0x890E, 0x0CFE,
0x8912, 0x0D02,
0x090E, 0x0CFE,
0x0908, 0x0CFE,
0x8908, 0x0CFE,
0x890C, 0x0D02,
0x0908, 0x0CFE,
0x0909, 0x0CFB,
0x8909, 0x0CFB,
0x890D, 0x0CFF,
0x0909, 0x0CFB,
0x090D, 0x0CFD,
0x890D, 0x0CFD,
0x8911, 0x0D01,
0x090D, 0x0CFD,
0x0909, 0x0CFE,
0x8909, 0x0CFE,
0x890D, 0x0D02,
0x0909, 0x0CFE,
0x0909, 0x0CFC,
0x8909, 0x0CFC,
0x890D, 0x0D01,
0x0909, 0x0CFC,
0x0913, 0x0CFE,
0x8913, 0x0CFE,
0x8917, 0x0D02,
0x0913, 0x0CFE,
0x090B, 0x0CFC,
0x890B, 0x0CFC,
0x890F, 0x0D01,
0x090B, 0x0CFC,
0x090E, 0x0CFD,
0x890E, 0x0CFD,
0x8913, 0x0D01,
0x090E, 0x0CFD,
0x0912, 0x0CF1,
0x8912, 0x0CF1,
0x8916, 0x0CF5,
0x0912, 0x0CF1,
0x08E0, 0x0CB7,
0x88E0, 0x0CB7,
0x88E4, 0x0CBB,
0x08E0, 0x0CB7,
0x08E0, 0x0CBB,
0x88E0, 0x0CBB,
0x88E4, 0x0CBF,
0x08E0, 0x0CBB,
0x08DB, 0x0CC6,
0x88DB, 0x0CC6,
0x88DF, 0x0CCA,
0x08DB, 0x0CC6,
0x08D9, 0x0CC9,
0x88D9, 0x0CC9,
0x88DE, 0x0CCD,
0x08D9, 0x0CC9,
0x08E0, 0x0CF8,
0x88E0, 0x0CF8,
0x88E5, 0x0CFC,
0x08E0, 0x0CF8,
0x08E0, 0x0D00,
0x88E0, 0x0D00,
0x88E4, 0x0D04,
0x08E0, 0x0D00,
0x08E4, 0x0CFB,
0x88E4, 0x0CFB,
0x88E9, 0x0CFF,
0x08E4, 0x0CFB,
0x08EB, 0x0D01,
0x88EB, 0x0D01,
0x88EF, 0x0D05,
0x08EB, 0x0D01,
0x08E8, 0x0CFF,
0x88E8, 0x0CFF,
0x88ED, 0x0D03,
0x08E8, 0x0CFF,
0x08E9, 0x0CFB,
0x88E9, 0x0CFB,
0x88ED, 0x0CFF,
0x08E9, 0x0CFB,
0x08E9, 0x0CFD,
0x88E9, 0x0CFD,
0x88ED, 0x0D01,
0x08E9, 0x0CFD,
0x0906, 0x0CE1,
0x8906, 0x0CE1,
0x890A, 0x0CE5,
0x0906, 0x0CE1,
0x0905, 0x0CE7,
0x8905, 0x0CE7,
0x890A, 0x0CEB,
0x0905, 0x0CE7,
0x0903, 0x0CD9,
0x8903, 0x0CD9,
0x8907, 0x0CDE,
0x0903, 0x0CD9,
0x0904, 0x0CDB,
0x8904, 0x0CDB,
0x8908, 0x0CDF,
0x0904, 0x0CDB,
0x08FF, 0x0CCB,
0x88FF, 0x0CCB,
0x8903, 0x0CCF,
0x08FF, 0x0CCB,
0x0906, 0x0CD9,
0x8906, 0x0CD9,
0x890A, 0x0CDD,
0x0906, 0x0CD9,
0x0902, 0x0CD8,
0x8902, 0x0CD8,
0x8906, 0x0CDC,
0x0902, 0x0CD8,
0x0904, 0x0CD6,
0x8904, 0x0CD6,
0x8908, 0x0CDA,
0x0904, 0x0CD6,
0x0902, 0x0CD7,
0x8902, 0x0CD7,
0x8906, 0x0CDB,
0x0902, 0x0CD7,
0x08F9, 0x0CD4,
0x88F9, 0x0CD4,
0x88FD, 0x0CD8,
0x08F9, 0x0CD4,
0x08F9, 0x0CCB,
0x88F9, 0x0CCB,
0x88FD, 0x0CD0,
0x08F9, 0x0CCB,
0x08F9, 0x0CD3,
0x88F9, 0x0CD3,
0x88FD, 0x0CD7,
0x08F9, 0x0CD3,
0x08F9, 0x0CD3,
0x88F9, 0x0CD3,
0x88FD, 0x0CD7,
0x08F9, 0x0CD3,
0x08F4, 0x0CC6,
0x88F4, 0x0CC6,
0x88F8, 0x0CCA,
0x08F4, 0x0CC6,
0x08F6, 0x0CBD,
0x88F6, 0x0CBD,
0x88FA, 0x0CC1,
0x08F6, 0x0CBD,
0x08F2, 0x0CBF,
0x88F2, 0x0CBF,
0x88F7, 0x0CC3,
0x08F2, 0x0CBF,
0x08F2, 0x0CB4,
0x88F2, 0x0CB4,
0x88F6, 0x0CB8,
0x08F2, 0x0CB4,
0x08EF, 0x0CBC,
0x88EF, 0x0CBC,
0x88F3, 0x0CC0,
0x08EF, 0x0CBC,
0x08F2, 0x0CB5,
0x88F2, 0x0CB5,
0x88F6, 0x0CB9,
0x08F2, 0x0CB5,
0x08EF, 0x0CB5,
0x88EF, 0x0CB5,
0x88F3, 0x0CB9,
0x08EF, 0x0CB5,
0x098C, 0x0C5A,
0x898C, 0x0C5A,
0x8990, 0x0C5E,
0x098C, 0x0C5A,
0x0984, 0x0C55,
0x8984, 0x0C55,
0x8988, 0x0C5A,
0x0984, 0x0C55,
0x098D, 0x0C59,
0x898D, 0x0C59,
0x8991, 0x0C5D,
0x098D, 0x0C59,
0x0990, 0x0C5E,
0x8990, 0x0C5E,
0x8995, 0x0C62,
0x0990, 0x0C5E,
0x098E, 0x0C5B,
0x898E, 0x0C5B,
0x8992, 0x0C5F,
0x098E, 0x0C5B,
0x0993, 0x0C55,
0x8993, 0x0C55,
0x8997, 0x0C5A,
0x0993, 0x0C55,
0x097C, 0x0C5A,
0x897C, 0x0C5A,
0x8980, 0x0C5E,
0x097C, 0x0C5A,
0x097B, 0x0C56,
0x897B, 0x0C56,
0x897F, 0x0C5A,
0x097B, 0x0C56,
0x0976, 0x0C52,
0x8976, 0x0C52,
0x897A, 0x0C56,
0x0976, 0x0C52,
0x097A, 0x0C54,
0x897A, 0x0C54,
0x897E, 0x0C58,
0x097A, 0x0C54,
0x0975, 0x0C5A,
0x8975, 0x0C5A,
0x8979, 0x0C5E,
0x0975, 0x0C5A,
0x0979, 0x0C56,
0x8979, 0x0C56,
0x897D, 0x0C5A,
0x0979, 0x0C56,
0x096F, 0x0C59,
0x896F, 0x0C59,
0x8973, 0x0C5E,
0x096F, 0x0C59,
0x0975, 0x0C5B,
0x8975, 0x0C5B,
0x8979, 0x0C5F,
0x0975, 0x0C5B,
0x0976, 0x0C5A,
0x8976, 0x0C5A,
0x897A, 0x0C5E,
0x0976, 0x0C5A,
0x0973, 0x0C53,
0x8973, 0x0C53,
0x8977, 0x0C57,
0x0973, 0x0C53,
0x0974, 0x0C58,
0x8974, 0x0C58,
0x8978, 0x0C5C,
0x0974, 0x0C58,
0x0963, 0x0C55,
0x8963, 0x0C55,
0x8967, 0x0C59,
0x0963, 0x0C55,
0x0960, 0x0C5D,
0x8960, 0x0C5D,
0x8964, 0x0C61,
0x0960, 0x0C5D,
0x095C, 0x0C5A,
0x895C, 0x0C5A,
0x8960, 0x0C5E,
0x095C, 0x0C5A,
0x095E, 0x0C5B,
0x895E, 0x0C5B,
0x8962, 0x0C5F,
0x095E, 0x0C5B,
0x0959, 0x0C5A,
0x8959, 0x0C5A,
0x895D, 0x0C5E,
0x0959, 0x0C5A,
0x0956, 0x0C58,
0x8956, 0x0C58,
0x895A, 0x0C5C,
0x0956, 0x0C58,
0x0959, 0x0C5D,
0x8959, 0x0C5D,
0x895D, 0x0C61,
0x0959, 0x0C5D,
0x094B, 0x0C5D,
0x894B, 0x0C5D,
0x894F, 0x0C61,
0x094B, 0x0C5D,
0x094C, 0x0C5D,
0x894C, 0x0C5D,
0x8950, 0x0C61,
0x094C, 0x0C5D,
0x094C, 0x0C59,
0x894C, 0x0C59,
0x8950, 0x0C5E,
0x094C, 0x0C59,
0x094B, 0x0C5B,
0x894B, 0x0C5B,
0x894F, 0x0C5F,
0x094B, 0x0C5B,
0x094B, 0x0C5A,
0x894B, 0x0C5A,
0x894F, 0x0C5E,
0x094B, 0x0C5A,
0x0941, 0x0C59,
0x8941, 0x0C59,
0x8945, 0x0C5D,
0x0941, 0x0C59,
0x0940, 0x0C5B,
0x8940, 0x0C5B,
0x8944, 0x0C5F,
0x0940, 0x0C5B,
0x093C, 0x0C57,
0x893C, 0x0C57,
0x8940, 0x0C5B,
0x093C, 0x0C57,
0x0939, 0x0C57,
0x8939, 0x0C57,
0x893D, 0x0C5B,
0x0939, 0x0C57,
0x0940, 0x0C60,
0x8940, 0x0C60,
0x8944, 0x0C64,
0x0940, 0x0C60,
0x0939, 0x0C59,
0x8939, 0x0C59,
0x893D, 0x0C5D,
0x0939, 0x0C59,
0x093E, 0x0C5E,
0x893E, 0x0C5E,
0x8942, 0x0C62,
0x093E, 0x0C5E,
0x093E, 0x0C62,
0x893E, 0x0C62,
0x8942, 0x0C66,
0x093E, 0x0C62,
0x0920, 0x0C5C,
0x8920, 0x0C5C,
0x8924, 0x0C60,
0x0920, 0x0C5C,
0x0925, 0x0C5B,
0x8925, 0x0C5B,
0x8929, 0x0C5F,
0x0925, 0x0C5B,
0x092A, 0x0C5F,
0x892A, 0x0C5F,
0x892E, 0x0C63,
0x092A, 0x0C5F,
0x092A, 0x0C60,
0x892A, 0x0C60,
0x892E, 0x0C64,
0x092A, 0x0C60,
0x0904, 0x0C61,
0x8904, 0x0C61,
0x8908, 0x0C65,
0x0904, 0x0C61,
0x0903, 0x0C64,
0x8903, 0x0C64,
0x8908, 0x0C68,
0x0903, 0x0C64,
0x0910, 0x0C62,
0x8910, 0x0C62,
0x8914, 0x0C67,
0x0910, 0x0C62,
0x090D, 0x0C60,
0x890D, 0x0C60,
0x8911, 0x0C64,
0x090D, 0x0C60,
0x090E, 0x0C5D,
0x890E, 0x0C5D,
0x8912, 0x0C61,
0x090E, 0x0C5D,
0x090E, 0x0C60,
0x890E, 0x0C60,
0x8912, 0x0C64,
0x090E, 0x0C60,
0x08E9, 0x0CB6,
0x88E9, 0x0CB6,
0x88ED, 0x0CBA,
0x08E9, 0x0CB6,
0x08E8, 0x0CBA,
0x88E8, 0x0CBA,
0x88EC, 0x0CBE,
0x08E8, 0x0CBA,
0x08EA, 0x0CBD,
0x88EA, 0x0CBD,
0x88EE, 0x0CC1,
0x08EA, 0x0CBD,
0x08EB, 0x0C61,
0x88EB, 0x0C61,
0x88EF, 0x0C65,
0x08EB, 0x0C61,
0x08ED, 0x0CB2,
0x88ED, 0x0CB2,
0x88F1, 0x0CB6,
0x08ED, 0x0CB2,
0x08ED, 0x0CA7,
0x88ED, 0x0CA7,
0x88F1, 0x0CAB,
0x08ED, 0x0CA7,
0x08F1, 0x0C79,
0x88F1, 0x0C79,
0x88F5, 0x0C7D,
0x08F1, 0x0C79,
0x08F0, 0x0C82,
0x88F0, 0x0C82,
0x88F4, 0x0C86,
0x08F0, 0x0C82,
0x08F2, 0x0C65,
0x88F2, 0x0C65,
0x88F6, 0x0C69,
0x08F2, 0x0C65,
0x08F5, 0x0C83,
0x88F5, 0x0C83,
0x88F9, 0x0C87,
0x08F5, 0x0C83,
0x08F3, 0x0C7D,
0x88F3, 0x0C7D,
0x88F7, 0x0C81,
0x08F3, 0x0C7D,
0x08F7, 0x0C7A,
0x88F7, 0x0C7A,
0x88FC, 0x0C7E,
0x08F7, 0x0C7A,
0x08F8, 0x0C7A,
0x88F8, 0x0C7A,
0x88FC, 0x0C7E,
0x08F8, 0x0C7A,
0x08F6, 0x0C8A,
0x88F6, 0x0C8A,
0x88FA, 0x0C8E,
0x08F6, 0x0C8A,
0x08FD, 0x0C64,
0x88FD, 0x0C64,
0x8901, 0x0C68,
0x08FD, 0x0C64,
0x08FD, 0x0C65,
0x88FD, 0x0C65,
0x8901, 0x0C69,
0x08FD, 0x0C65,
0x08FC, 0x0C65,
0x88FC, 0x0C65,
0x8900, 0x0C6A,
0x08FC, 0x0C65,
0x08E0, 0x0CAE,
0x88E0, 0x0CAE,
0x88E4, 0x0CB2,
0x08E0, 0x0CAE,
0x08E3, 0x0CB3,
0x88E3, 0x0CB3,
0x88E7, 0x0CB7,
0x08E3, 0x0CB3,
0x08E0, 0x0CAC,
0x88E0, 0x0CAC,
0x88E5, 0x0CB0,
0x08E0, 0x0CAC,
0x08E3, 0x0C8C,
0x88E3, 0x0C8C,
0x88E7, 0x0C90,
0x08E3, 0x0C8C,
0x08E4, 0x0C72,
0x88E4, 0x0C72,
0x88E8, 0x0C76,
0x08E4, 0x0C72,
0x08E0, 0x0C82,
0x88E0, 0x0C82,
0x88E4, 0x0C86,
0x08E0, 0x0C82,
0x08E1, 0x0CA8,
0x88E1, 0x0CA8,
0x88E5, 0x0CAC,
0x08E1, 0x0CA8,
0x08E3, 0x0C95,
0x88E3, 0x0C95,
0x88E7, 0x0C99,
0x08E3, 0x0C95,
0x08E2, 0x0CAA,
0x88E2, 0x0CAA,
0x88E6, 0x0CAE,
0x08E2, 0x0CAA,
0x08E6, 0x0CAC,
0x88E6, 0x0CAC,
0x88EA, 0x0CB0,
0x08E6, 0x0CAC,
0x08E4, 0x0C89,
0x88E4, 0x0C89,
0x88E8, 0x0C8D,
0x08E4, 0x0C89,
0x08E2, 0x0C87,
0x88E2, 0x0C87,
0x88E7, 0x0C8B,
0x08E2, 0x0C87,
0x08E0, 0x0CA5,
0x88E0, 0x0CA5,
0x88E4, 0x0CA9,
0x08E0, 0x0CA5,
0x08E9, 0x0C68,
0x88E9, 0x0C68,
0x88ED, 0x0C6C,
0x08E9, 0x0C68,
0x08E5, 0x0C6A,
0x88E5, 0x0C6A,
0x88E9, 0x0C6E,
0x08E5, 0x0C6A,
0x08E0, 0x0C4A,
0x88E0, 0x0C4A,
0x88E4, 0x0C4E,
0x08E0, 0x0C4A,
0x08DD, 0x0C53,
0x88DD, 0x0C53,
0x88E1, 0x0C57,
0x08DD, 0x0C53,
0x08DF, 0x0C44,
0x88DF, 0x0C44,
0x88E3, 0x0C48,
0x08DF, 0x0C44,
0x08DC, 0x0C61,
0x88DC, 0x0C61,
0x88E0, 0x0C66,
0x08DC, 0x0C61,
0x08E1, 0x0C43,
0x88E1, 0x0C43,
0x88E5, 0x0C48,
0x08E1, 0x0C43,
0x08D8, 0x0C68,
0x88D8, 0x0C68,
0x88DD, 0x0C6C,
0x08D8, 0x0C68,
0x08D5, 0x0C51,
0x88D5, 0x0C51,
0x88D9, 0x0C55,
0x08D5, 0x0C51,
0x08DA, 0x0C5A,
0x88DA, 0x0C5A,
0x88DE, 0x0C5E,
0x08DA, 0x0C5A,
0x08D8, 0x0C67,
0x88D8, 0x0C67,
0x88DC, 0x0C6B,
0x08D8, 0x0C67,
0x08D9, 0x0C51,
0x88D9, 0x0C51,
0x88DD, 0x0C55,
0x08D9, 0x0C51,
0x08D6, 0x0C54,
0x88D6, 0x0C54,
0x88DA, 0x0C58,
0x08D6, 0x0C54,
0x08D6, 0x0C52,
0x88D6, 0x0C52,
0x88DA, 0x0C56,
0x08D6, 0x0C52,
0x08D6, 0x0C4B,
0x88D6, 0x0C4B,
0x88DA, 0x0C50,
0x08D6, 0x0C4B,
0x08C1, 0x0C5B,
0x88C1, 0x0C5B,
0x88C5, 0x0C5F,
0x08C1, 0x0C5B,
0x08BB, 0x0C4C,
0x88BB, 0x0C4C,
0x88BF, 0x0C50,
0x08BB, 0x0C4C,
0x08C0, 0x0C56,
0x88C0, 0x0C56,
0x88C4, 0x0C5A,
0x08C0, 0x0C56,
0x08C6, 0x0C5A,
0x88C6, 0x0C5A,
0x88CA, 0x0C5E,
0x08C6, 0x0C5A,
0x08BC, 0x0C40,
0x88BC, 0x0C40,
0x88C0, 0x0C44,
0x08BC, 0x0C40,
0x08BB, 0x0C3D,
0x88BB, 0x0C3D,
0x88BF, 0x0C41,
0x08BB, 0x0C3D,
0x08BC, 0x0C44,
0x88BC, 0x0C44,
0x88C0, 0x0C48,
0x08BC, 0x0C44,
0x08BF, 0x0C56,
0x88BF, 0x0C56,
0x88C3, 0x0C5A,
0x08BF, 0x0C56,
0x08BE, 0x0C53,
0x88BE, 0x0C53,
0x88C2, 0x0C58,
0x08BE, 0x0C53,
0x08BE, 0x0C43,
0x88BE, 0x0C43,
0x88C2, 0x0C47,
0x08BE, 0x0C43,
0x08BE, 0x0C52,
0x88BE, 0x0C52,
0x88C2, 0x0C56,
0x08BE, 0x0C52,
0x08C2, 0x0C50,
0x88C2, 0x0C50,
0x88C6, 0x0C54,
0x08C2, 0x0C50,
0x08C4, 0x0C55,
0x88C4, 0x0C55,
0x88C8, 0x0C59,
0x08C4, 0x0C55,
0x08C9, 0x0C5D,
0x88C9, 0x0C5D,
0x88CE, 0x0C61,
0x08C9, 0x0C5D,
0x08C1, 0x0C4D,
0x88C1, 0x0C4D,
0x88C5, 0x0C51,
0x08C1, 0x0C4D,
0x08C4, 0x0C44,
0x88C4, 0x0C44,
0x88C8, 0x0C48,
0x08C4, 0x0C44,
0x08C4, 0x0C49,
0x88C4, 0x0C49,
0x88C9, 0x0C4D,
0x08C4, 0x0C49,
0x08BF, 0x0C59,
0x88BF, 0x0C59,
0x88C3, 0x0C5E,
0x08BF, 0x0C59,
0x08C8, 0x0C56,
0x88C8, 0x0C56,
0x88CC, 0x0C5A,
0x08C8, 0x0C56,
0x08CA, 0x0C50,
0x88CA, 0x0C50,
0x88CE, 0x0C54,
0x08CA, 0x0C50,
0x08CB, 0x0C5C,
0x88CB, 0x0C5C,
0x88CF, 0x0C60,
0x08CB, 0x0C5C,
0x08C2, 0x0C5C,
0x88C2, 0x0C5C,
0x88C7, 0x0C60,
0x08C2, 0x0C5C,
0x08CB, 0x0C52,
0x88CB, 0x0C52,
0x88CF, 0x0C56,
0x08CB, 0x0C52,
0x08C7, 0x0C59,
0x88C7, 0x0C59,
0x88CB, 0x0C5D,
0x08C7, 0x0C59,
0x08D9, 0x0CDB,
0x88D9, 0x0CDB,
0x88DD, 0x0CDF,
0x08D9, 0x0CDB,
0x08BD, 0x0CD1,
0x88BD, 0x0CD1,
0x88C1, 0x0CD5,
0x08BD, 0x0CD1,
0x08C0, 0x0CE5,
0x88C0, 0x0CE5,
0x88C4, 0x0CE9,
0x08C0, 0x0CE5,
0x08BF, 0x0CDD,
0x88BF, 0x0CDD,
0x88C3, 0x0CE1,
0x08BF, 0x0CDD,
0x08C1, 0x0CD8,
0x88C1, 0x0CD8,
0x88C5, 0x0CDC,
0x08C1, 0x0CD8,
0x08BD, 0x0CE5,
0x88BD, 0x0CE5,
0x88C1, 0x0CE9,
0x08BD, 0x0CE5,
0x08C9, 0x0CF2,
0x88C9, 0x0CF2,
0x88CD, 0x0CF6,
0x08C9, 0x0CF2,
0x08C3, 0x0CE8,
0x88C3, 0x0CE8,
0x88C7, 0x0CEC,
0x08C3, 0x0CE8,
0x08CD, 0x0CFD,
0x88CD, 0x0CFD,
0x88D1, 0x0D01,
0x08CD, 0x0CFD,
0x08CA, 0x0CE9,
0x88CA, 0x0CE9,
0x88CE, 0x0CED,
0x08CA, 0x0CE9,
0x08C2, 0x0CEC,
0x88C2, 0x0CEC,
0x88C6, 0x0CF0,
0x08C2, 0x0CEC,
0x08BE, 0x0CE2,
0x88BE, 0x0CE2,
0x88C2, 0x0CE6,
0x08BE, 0x0CE2,
0x08C2, 0x0CE5,
0x88C2, 0x0CE5,
0x88C6, 0x0CE9,
0x08C2, 0x0CE5,
0x08CA, 0x0CE0,
0x88CA, 0x0CE0,
0x88CE, 0x0CE4,
0x08CA, 0x0CE0,
0x08CB, 0x0CF1,
0x88CB, 0x0CF1,
0x88CF, 0x0CF5,
0x08CB, 0x0CF1,
0x08CC, 0x0CE7,
0x88CC, 0x0CE7,
0x88D0, 0x0CEB,
0x08CC, 0x0CE7,
0x08D0, 0x0CF2,
0x88D0, 0x0CF2,
0x88D4, 0x0CF6,
0x08D0, 0x0CF2,
0x08CC, 0x0CDD,
0x88CC, 0x0CDD,
0x88D0, 0x0CE1,
0x08CC, 0x0CDD,
0x08D9, 0x0D00,
0x88D9, 0x0D00,
0x88DD, 0x0D04,
0x08D9, 0x0D00,
0x08CC, 0x0CE9,
0x88CC, 0x0CE9,
0x88D0, 0x0CED,
0x08CC, 0x0CE9,
0x08CA, 0x0CDD,
0x88CA, 0x0CDD,
0x88CE, 0x0CE1,
0x08CA, 0x0CDD,
0x08D4, 0x0CF2,
0x88D4, 0x0CF2,
0x88D8, 0x0CF6,
0x08D4, 0x0CF2,
0x08D6, 0x0CF4,
0x88D6, 0x0CF4,
0x88DA, 0x0CF8,
0x08D6, 0x0CF4,
0x08D7, 0x0CDC,
0x88D7, 0x0CDC,
0x88DB, 0x0CE0,
0x08D7, 0x0CDC,
0x08D4, 0x0CD2,
0x88D4, 0x0CD2,
0x88D8, 0x0CD6,
0x08D4, 0x0CD2,
0x08D4, 0x0CD4,
0x88D4, 0x0CD4,
0x88D8, 0x0CD8,
0x08D4, 0x0CD4,
0x08BE, 0x0CF5,
0x88BE, 0x0CF5,
0x88C2, 0x0CF9,
0x08BE, 0x0CF5,
0x08BC, 0x0CF5,
0x88BC, 0x0CF5,
0x88C0, 0x0CF9,
0x08BC, 0x0CF5,
0x08BC, 0x0CFA,
0x88BC, 0x0CFA,
0x88C0, 0x0CFE,
0x08BC, 0x0CFA,
0x08BC, 0x0CF7,
0x88BC, 0x0CF7,
0x88C0, 0x0CFB,
0x08BC, 0x0CF7,
0x08BD, 0x0CFA,
0x88BD, 0x0CFA,
0x88C1, 0x0CFE,
0x08BD, 0x0CFA,
0x08AE, 0x0C6B,
0x88AE, 0x0C6B,
0x88B2, 0x0C6F,
0x08AE, 0x0C6B,
0x08AA, 0x0C6C,
0x88AA, 0x0C6C,
0x88AE, 0x0C71,
0x08AA, 0x0C6C,
0x08BB, 0x0C64,
0x88BB, 0x0C64,
0x88BF, 0x0C68,
0x08BB, 0x0C64,
0x08C3, 0x0C5F,
0x88C3, 0x0C5F,
0x88C7, 0x0C63,
0x08C3, 0x0C5F,
0x08BD, 0x0C5C,
0x88BD, 0x0C5C,
0x88C1, 0x0C60,
0x08BD, 0x0C5C,
0x08C1, 0x0C60,
0x88C1, 0x0C60,
0x88C5, 0x0C64,
0x08C1, 0x0C60,
0x08BB, 0x0CC5,
0x88BB, 0x0CC5,
0x88BF, 0x0CC9,
0x08BB, 0x0CC5,
0x08B9, 0x0CCB,
0x88B9, 0x0CCB,
0x88BD, 0x0CCF,
0x08B9, 0x0CCB,
0x08BC, 0x0CCC,
0x88BC, 0x0CCC,
0x88C0, 0x0CD0,
0x08BC, 0x0CCC,
0x08BA, 0x0CCC,
0x88BA, 0x0CCC,
0x88BF, 0x0CD0,
0x08BA, 0x0CCC,
0x08B8, 0x0CC7,
0x88B8, 0x0CC7,
0x88BC, 0x0CCB,
0x08B8, 0x0CC7,
0x08B7, 0x0CC9,
0x88B7, 0x0CC9,
0x88BB, 0x0CCE,
0x08B7, 0x0CC9,
0x08B4, 0x0CD0,
0x88B4, 0x0CD0,
0x88B8, 0x0CD4,
0x08B4, 0x0CD0,
0x08B4, 0x0CC1,
0x88B4, 0x0CC1,
0x88B8, 0x0CC5,
0x08B4, 0x0CC1,
0x08BB, 0x0CC2,
0x88BB, 0x0CC2,
0x88BF, 0x0CC6,
0x08BB, 0x0CC2,
0x08B2, 0x0CC0,
0x88B2, 0x0CC0,
0x88B6, 0x0CC4,
0x08B2, 0x0CC0,
0x08B3, 0x0CD0,
0x88B3, 0x0CD0,
0x88B7, 0x0CD4,
0x08B3, 0x0CD0,
0x08B3, 0x0CBA,
0x88B3, 0x0CBA,
0x88B7, 0x0CBE,
0x08B3, 0x0CBA,
0x08AF, 0x0CBB,
0x88AF, 0x0CBB,
0x88B3, 0x0CBF,
0x08AF, 0x0CBB,
0x08AD, 0x0CB7,
0x88AD, 0x0CB7,
0x88B1, 0x0CBC,
0x08AD, 0x0CB7,
0x08B2, 0x0CC1,
0x88B2, 0x0CC1,
0x88B6, 0x0CC5,
0x08B2, 0x0CC1,
0x08B0, 0x0CC7,
0x88B0, 0x0CC7,
0x88B4, 0x0CCB,
0x08B0, 0x0CC7,
0x08B5, 0x0CC3,
0x88B5, 0x0CC3,
0x88B9, 0x0CC7,
0x08B5, 0x0CC3,
0x08AC, 0x0CBF,
0x88AC, 0x0CBF,
0x88B0, 0x0CC3,
0x08AC, 0x0CBF,
0x08A9, 0x0CC2,
0x88A9, 0x0CC2,
0x88AD, 0x0CC6,
0x08A9, 0x0CC2,
0x08A8, 0x0CC4,
0x88A8, 0x0CC4,
0x88AC, 0x0CC8,
0x08A8, 0x0CC4,
0x08A5, 0x0CB6,
0x88A5, 0x0CB6,
0x88A9, 0x0CBB,
0x08A5, 0x0CB6,
0x08A0, 0x0C69,
0x88A0, 0x0C69,
0x88A4, 0x0C6D,
0x08A0, 0x0C69,
0x08A0, 0x0CB9,
0x88A0, 0x0CB9,
0x88A4, 0x0CBD,
0x08A0, 0x0CB9,
0x08A3, 0x0CBF,
0x88A3, 0x0CBF,
0x88A7, 0x0CC3,
0x08A3, 0x0CBF,
0x089E, 0x0CAB,
0x889E, 0x0CAB,
0x88A3, 0x0CAF,
0x089E, 0x0CAB,
0x089E, 0x0C8F,
0x889E, 0x0C8F,
0x88A2, 0x0C93,
0x089E, 0x0C8F,
0x08A2, 0x0CBA,
0x88A2, 0x0CBA,
0x88A6, 0x0CBE,
0x08A2, 0x0CBA,
0x089E, 0x0C83,
0x889E, 0x0C83,
0x88A2, 0x0C88,
0x089E, 0x0C83,
0x08A0, 0x0C8B,
0x88A0, 0x0C8B,
0x88A4, 0x0C8F,
0x08A0, 0x0C8B,
0x08A2, 0x0CAC,
0x88A2, 0x0CAC,
0x88A6, 0x0CB0,
0x08A2, 0x0CAC,
0x08A7, 0x0CBD,
0x88A7, 0x0CBD,
0x88AB, 0x0CC1,
0x08A7, 0x0CBD,
0x089E, 0x0CAC,
0x889E, 0x0CAC,
0x88A2, 0x0CB0,
0x089E, 0x0CAC,
0x08A0, 0x0CB6,
0x88A0, 0x0CB6,
0x88A4, 0x0CBA,
0x08A0, 0x0CB6,
0x089E, 0x0C2F,
0x889E, 0x0C2F,
0x88A3, 0x0C33,
0x089E, 0x0C2F,
0x08A1, 0x0C2A,
0x88A1, 0x0C2A,
0x88A6, 0x0C2E,
0x08A1, 0x0C2A,
0x089F, 0x0C0A,
0x889F, 0x0C0A,
0x88A3, 0x0C0E,
0x089F, 0x0C0A,
0x089D, 0x0C02,
0x889D, 0x0C02,
0x88A1, 0x0C06,
0x089D, 0x0C02,
0x089E, 0x0C0C,
0x889E, 0x0C0C,
0x88A2, 0x0C10,
0x089E, 0x0C0C,
0x089D, 0x0C06,
0x889D, 0x0C06,
0x88A1, 0x0C0A,
0x089D, 0x0C06,
0x089B, 0x0C1A,
0x889B, 0x0C1A,
0x889F, 0x0C1E,
0x089B, 0x0C1A,
0x08A0, 0x0C2E,
0x88A0, 0x0C2E,
0x88A4, 0x0C32,
0x08A0, 0x0C2E,
0x089E, 0x0C1D,
0x889E, 0x0C1D,
0x88A2, 0x0C21,
0x089E, 0x0C1D,
0x0898, 0x0C23,
0x8898, 0x0C23,
0x889C, 0x0C27,
0x0898, 0x0C23,
0x089F, 0x0C2B,
0x889F, 0x0C2B,
0x88A3, 0x0C2F,
0x089F, 0x0C2B,
0x089F, 0x0C28,
0x889F, 0x0C28,
0x88A3, 0x0C2D,
0x089F, 0x0C28,
0x0897, 0x0C1C,
0x8897, 0x0C1C,
0x889C, 0x0C20,
0x0897, 0x0C1C,
0x0897, 0x0C17,
0x8897, 0x0C17,
0x889B, 0x0C1B,
0x0897, 0x0C17,
0x089F, 0x0C26,
0x889F, 0x0C26,
0x88A3, 0x0C2A,
0x089F, 0x0C26,
0x0896, 0x0C11,
0x8896, 0x0C11,
0x889A, 0x0C15,
0x0896, 0x0C11,
0x088F, 0x0BFD,
0x888F, 0x0BFD,
0x8893, 0x0C01,
0x088F, 0x0BFD,
0x0893, 0x0C08,
0x8893, 0x0C08,
0x8897, 0x0C0C,
0x0893, 0x0C08,
0x0896, 0x0C1A,
0x8896, 0x0C1A,
0x889B, 0x0C1E,
0x0896, 0x0C1A,
0x0899, 0x0C89,
0x8899, 0x0C89,
0x889D, 0x0C8D,
0x0899, 0x0C89,
0x0895, 0x0CA8,
0x8895, 0x0CA8,
0x8899, 0x0CAC,
0x0895, 0x0CA8,
0x0895, 0x0CA4,
0x8895, 0x0CA4,
0x8899, 0x0CA8,
0x0895, 0x0CA4,
0x0895, 0x0C8D,
0x8895, 0x0C8D,
0x8899, 0x0C91,
0x0895, 0x0C8D,
0x0898, 0x0CB1,
0x8898, 0x0CB1,
0x889C, 0x0CB5,
0x0898, 0x0CB1,
0x0896, 0x0C8C,
0x8896, 0x0C8C,
0x889A, 0x0C91,
0x0896, 0x0C8C,
0x0895, 0x0CA0,
0x8895, 0x0CA0,
0x8899, 0x0CA4,
0x0895, 0x0CA0,
0x0895, 0x0CAD,
0x8895, 0x0CAD,
0x8899, 0x0CB1,
0x0895, 0x0CAD,
0x0898, 0x0CA3,
0x8898, 0x0CA3,
0x889C, 0x0CA7,
0x0898, 0x0CA3,
0x0897, 0x0C95,
0x8897, 0x0C95,
0x889B, 0x0C99,
0x0897, 0x0C95,
0x0890, 0x0C91,
0x8890, 0x0C91,
0x8895, 0x0C95,
0x0890, 0x0C91,
0x0892, 0x0CAD,
0x8892, 0x0CAD,
0x8896, 0x0CB1,
0x0892, 0x0CAD,
0x0893, 0x0CA5,
0x8893, 0x0CA5,
0x8897, 0x0CA9,
0x0893, 0x0CA5,
0x0891, 0x0C81,
0x8891, 0x0C81,
0x8895, 0x0C85,
0x0891, 0x0C81,
0x0892, 0x0CA0,
0x8892, 0x0CA0,
0x8896, 0x0CA4,
0x0892, 0x0CA0,
0x0894, 0x0CAC,
0x8894, 0x0CAC,
0x8898, 0x0CB0,
0x0894, 0x0CAC,
0x088E, 0x0C96,
0x888E, 0x0C96,
0x8893, 0x0C9A,
0x088E, 0x0C96,
0x0890, 0x0CA7,
0x8890, 0x0CA7,
0x8894, 0x0CAB,
0x0890, 0x0CA7,
0x088D, 0x0C01,
0x888D, 0x0C01,
0x8891, 0x0C05,
0x088D, 0x0C01,
0x088F, 0x0C19,
0x888F, 0x0C19,
0x8893, 0x0C1D,
0x088F, 0x0C19,
0x0890, 0x0C16,
0x8890, 0x0C16,
0x8894, 0x0C1A,
0x0890, 0x0C16,
0x0889, 0x0C10,
0x8889, 0x0C10,
0x888D, 0x0C15,
0x0889, 0x0C10,
0x088E, 0x0BFF,
0x888E, 0x0BFF,
0x8892, 0x0C03,
0x088E, 0x0BFF,
0x0889, 0x0C09,
0x8889, 0x0C09,
0x888D, 0x0C0D,
0x0889, 0x0C09,
0x088C, 0x0C08,
0x888C, 0x0C08,
0x8890, 0x0C0C,
0x088C, 0x0C08,
0x0889, 0x0C1A,
0x8889, 0x0C1A,
0x888D, 0x0C1E,
0x0889, 0x0C1A,
0x088C, 0x0C0F,
0x888C, 0x0C0F,
0x8890, 0x0C13,
0x088C, 0x0C0F,
0x088B, 0x0C00,
0x888B, 0x0C00,
0x888F, 0x0C05,
0x088B, 0x0C00,
0x0884, 0x0C12,
0x8884, 0x0C12,
0x8888, 0x0C16,
0x0884, 0x0C12,
0x0884, 0x0C0A,
0x8884, 0x0C0A,
0x8888, 0x0C0E,
0x0884, 0x0C0A,
0x087E, 0x0C14,
0x887E, 0x0C14,
0x8882, 0x0C18,
0x087E, 0x0C14,
0x0887, 0x0C08,
0x8887, 0x0C08,
0x888B, 0x0C0C,
0x0887, 0x0C08,
0x087D, 0x0C10,
0x887D, 0x0C10,
0x8881, 0x0C14,
0x087D, 0x0C10,
0x087E, 0x0C10,
0x887E, 0x0C10,
0x8882, 0x0C15,
0x087E, 0x0C10,
0x087F, 0x0C07,
0x887F, 0x0C07,
0x8883, 0x0C0B,
0x087F, 0x0C07,
0x0879, 0x0C13,
0x8879, 0x0C13,
0x887D, 0x0C17,
0x0879, 0x0C13,
0x086E, 0x0C0A,
0x886E, 0x0C0A,
0x8872, 0x0C0E,
0x086E, 0x0C0A,
0x0870, 0x0C16,
0x8870, 0x0C16,
0x8875, 0x0C1A,
0x0870, 0x0C16,
0x086B, 0x0C07,
0x886B, 0x0C07,
0x886F, 0x0C0B,
0x086B, 0x0C07,
0x0870, 0x0C10,
0x8870, 0x0C10,
0x8874, 0x0C14,
0x0870, 0x0C10,
0x0871, 0x0C1B,
0x8871, 0x0C1B,
0x8875, 0x0C20,
0x0871, 0x0C1B,
0x086E, 0x0C16,
0x886E, 0x0C16,
0x8872, 0x0C1A,
0x086E, 0x0C16,
0x086E, 0x0C12,
0x886E, 0x0C12,
0x8872, 0x0C16,
0x086E, 0x0C12,
0x0865, 0x0C10,
0x8865, 0x0C10,
0x8869, 0x0C14,
0x0865, 0x0C10,
0x086D, 0x0C0A,
0x886D, 0x0C0A,
0x8871, 0x0C0E,
0x086D, 0x0C0A,
0x0868, 0x0C07,
0x8868, 0x0C07,
0x886C, 0x0C0B,
0x0868, 0x0C07,
0x086B, 0x0C0F,
0x886B, 0x0C0F,
0x886F, 0x0C13,
0x086B, 0x0C0F,
0x086C, 0x0C0D,
0x886C, 0x0C0D,
0x8870, 0x0C11,
0x086C, 0x0C0D,
0x0864, 0x0C11,
0x8864, 0x0C11,
0x8868, 0x0C15,
0x0864, 0x0C11,
0x0868, 0x0C0B,
0x8868, 0x0C0B,
0x886C, 0x0C10,
0x0868, 0x0C0B,
0x0869, 0x0C0E,
0x8869, 0x0C0E,
0x886D, 0x0C12,
0x0869, 0x0C0E,
0x0864, 0x0C13,
0x8864, 0x0C13,
0x8869, 0x0C17,
0x0864, 0x0C13,
0x0887, 0x0C88,
0x8887, 0x0C88,
0x888B, 0x0C8C,
0x0887, 0x0C88,
0x0886, 0x0C88,
0x8886, 0x0C88,
0x888A, 0x0C8C,
0x0886, 0x0C88,
0x0888, 0x0CA6,
0x8888, 0x0CA6,
0x888C, 0x0CAA,
0x0888, 0x0CA6,
0x087D, 0x0C89,
0x887D, 0x0C89,
0x8882, 0x0C8D,
0x087D, 0x0C89,
0x0887, 0x0C8A,
0x8887, 0x0C8A,
0x888B, 0x0C8E,
0x0887, 0x0C8A,
0x0889, 0x0C96,
0x8889, 0x0C96,
0x888D, 0x0C9A,
0x0889, 0x0C96,
0x087F, 0x0C8D,
0x887F, 0x0C8D,
0x8883, 0x0C92,
0x087F, 0x0C8D,
0x0882, 0x0C93,
0x8882, 0x0C93,
0x8886, 0x0C97,
0x0882, 0x0C93,
0x0880, 0x0C89,
0x8880, 0x0C89,
0x8884, 0x0C8D,
0x0880, 0x0C89,
0x0883, 0x0C87,
0x8883, 0x0C87,
0x8887, 0x0C8B,
0x0883, 0x0C87,
0x0882, 0x0C9E,
0x8882, 0x0C9E,
0x8887, 0x0CA3,
0x0882, 0x0C9E,
0x087C, 0x0C9F,
0x887C, 0x0C9F,
0x8880, 0x0CA3,
0x087C, 0x0C9F,
0x0881, 0x0C8C,
0x8881, 0x0C8C,
0x8885, 0x0C90,
0x0881, 0x0C8C,
0x087E, 0x0C9B,
0x887E, 0x0C9B,
0x8882, 0x0C9F,
0x087E, 0x0C9B,
0x087B, 0x0C99,
0x887B, 0x0C99,
0x887F, 0x0C9D,
0x087B, 0x0C99,
0x0877, 0x0C90,
0x8877, 0x0C90,
0x887B, 0x0C95,
0x0877, 0x0C90,
0x087D, 0x0C8E,
0x887D, 0x0C8E,
0x8881, 0x0C92,
0x087D, 0x0C8E,
0x087C, 0x0C93,
0x887C, 0x0C93,
0x8880, 0x0C97,
0x087C, 0x0C93,
0x0881, 0x0C8A,
0x8881, 0x0C8A,
0x8885, 0x0C8F,
0x0881, 0x0C8A,
0x086F, 0x0C93,
0x886F, 0x0C93,
0x8873, 0x0C97,
0x086F, 0x0C93,
0x086D, 0x0C8E,
0x886D, 0x0C8E,
0x8872, 0x0C92,
0x086D, 0x0C8E,
0x086E, 0x0C8F,
0x886E, 0x0C8F,
0x8872, 0x0C93,
0x086E, 0x0C8F
};

const unsigned short draw_24[] PROGMEM = {
0x07A5, 0x0BBF,
0x87A5, 0x0BBF,
0x87AD, 0x0BC2,
0x87AE, 0x0BCA,
0x87AE, 0x0BD3,
0x87AE, 0x0BDB,
0x87AE, 0x0BE4,
0x87B1, 0x0BEC,
0x87B4, 0x0BF3,
0x87B4, 0x0BFC,
0x87B4, 0x0C05,
0x87B4, 0x0C0D,
0x87B4, 0x0C16,
0x87B4, 0x0C1E,
0x87B4, 0x0C27,
0x87B4, 0x0C2F,
0x87B4, 0x0C38,
0x87B0, 0x0C3F,
0x87AE, 0x0C48,
0x87AE, 0x0C50,
0x87AE, 0x0C59,
0x87AE, 0x0C61,
0x87B0, 0x0C69,
0x87B3, 0x0C71,
0x87B4, 0x0C79,
0x87B8, 0x0C80,
0x87B9, 0x0C88,
0x87BA, 0x0C91,
0x87BA, 0x0C99,
0x87BE, 0x0CA0,
0x87C1, 0x0CA9,
0x87C1, 0x0CB1,
0x87C4, 0x0CB9,
0x87C8, 0x0CC0,
0x87CB, 0x0CC8,
0x87CC, 0x0CD0,
0x87D0, 0x0CD8,
0x87D5, 0x0CD6,
0x87D9, 0x0CCF,
0x87DB, 0x0CC6,
0x87DF, 0x0CBF,
0x87E2, 0x0CB7,
0x87E7, 0x0CB0,
0x87E8, 0x0CA7,
0x87E7, 0x0C9F,
0x87E3, 0x0C99,
0x87DA, 0x0C99,
0x87D4, 0x0C93,
0x87D5, 0x0C8C,
0x87DA, 0x0C85,
0x87DE, 0x0C7E,
0x87E2, 0x0C76,
0x87E7, 0x0C70,
0x87EB, 0x0C68,
0x87EE, 0x0C60,
0x87F2, 0x0C59,
0x87F2, 0x0C51,
0x87F2, 0x0C48,
0x87F3, 0x0C40,
0x87F4, 0x0C37,
0x87F4, 0x0C2F,
0x87F4, 0x0C26,
0x87F4, 0x0C1E,
0x87F4, 0x0C15,
0x87F4, 0x0C0C,
0x87F8, 0x0C05,
0x87F9, 0x0BFC,
0x87F9, 0x0BF4,
0x87F9, 0x0BEB,
0x87F9, 0x0BE3,
0x87F9, 0x0BDA,
0x87FA, 0x0BD2,
0x8800, 0x0BCC,
0x8808, 0x0BCB,
0x880E, 0x0BD1,
0x8812, 0x0BD8,
0x880F, 0x0BE0,
0x880F, 0x0BE9,
0x880F, 0x0BF1,
0x880F, 0x0BFA,
0x880F, 0x0C02,
0x880F, 0x0C0B,
0x880E, 0x0C12,
0x880B, 0x0C1B,
0x8807, 0x0C23,
0x8808, 0x0C2B,
0x880D, 0x0C32,
0x880E, 0x0C3A,
0x8810, 0x0C42,
0x8816, 0x0C48,
0x8819, 0x0C50,
0x881A, 0x0C59,
0x880F, 0x0C62,
0x880A, 0x0C5C,
0x8805, 0x0C56,
0x8804, 0x0C56,
0x8801, 0x0C5E,
0x8801, 0x0C66,
0x8801, 0x0C6E,
0x87FE, 0x0C75,
0x87F9, 0x0C7B,
0x87FD, 0x0C80,
0x8802, 0x0C86,
0x880A, 0x0C88,
0x8811, 0x0C89,
0x8819, 0x0C8A,
0x881E, 0x0C85,
0x8819, 0x0C7F,
0x8816, 0x0C78,
0x8813, 0x0C70,
0x8811, 0x0C69,
0x880F, 0x0C62,
0x881A, 0x0C59,
0x881F, 0x0C60,
0x8824, 0x0C67,
0x8826, 0x0C6E,
0x882B, 0x0C75,
0x8830, 0x0C7C,
0x8835, 0x0C82,
0x8839, 0x0C8A,
0x883B, 0x0C92,
0x8839, 0x0C9A,
0x8834, 0x0CA0,
0x882C, 0x0C9E,
0x8824, 0x0C9B,
0x881C, 0x0C9C,
0x8815, 0x0CA1,
0x880C, 0x0CA1,
0x8804, 0x0C9F,
0x8803, 0x0CA6,
0x8807, 0x0CAD,
0x880A, 0x0CB5,
0x880E, 0x0CBD,
0x8810, 0x0CC5,
0x8815, 0x0CCB,
0x881A, 0x0CD2,
0x881E, 0x0CDA,
0x8822, 0x0CE0,
0x8816, 0x0CE8,
0x8813, 0x0CE2,
0x880E, 0x0CDC,
0x8809, 0x0CD5,
0x8804, 0x0CCF,
0x8800, 0x0CC8,
0x87FE, 0x0CC0,
0x87FB, 0x0CB9,
0x87F6, 0x0CB4,
0x87F6, 0x0CB4,
0x87F1, 0x0CBB,
0x87EF, 0x0CC3,
0x87EC, 0x0CC9,
0x87EA, 0x0CD2,
0x87E8, 0x0CD9,
0x87E4, 0x0CE0,
0x87E5, 0x0CE8,
0x87EA, 0x0CED,
0x87F2, 0x0CED,
0x87FA, 0x0CED,
0x8802, 0x0CED,
0x880A, 0x0CED,
0x8812, 0x0CED,
0x8816, 0x0CE8,
0x8822, 0x0CE0,
0x8829, 0x0CE6,
0x882F, 0x0CEC,
0x8831, 0x0CF4,
0x8830, 0x0CFC,
0x8829, 0x0D00,
0x8821, 0x0D01,
0x8818, 0x0D01,
0x880F, 0x0D01,
0x8807, 0x0D00,
0x87FE, 0x0D00,
0x87F6, 0x0D00,
0x87EF, 0x0D03,
0x87E7, 0x0D06,
0x87DF, 0x0D09,
0x87D6, 0x0D09,
0x87CE, 0x0D09,
0x87C5, 0x0D09,
0x87BD, 0x0D09,
0x87B4, 0x0D08,
0x87AD, 0x0D0B,
0x87A4, 0x0D0D,
0x879C, 0x0D0A,
0x8794, 0x0D09,
0x878C, 0x0D09,
0x8785, 0x0D05,
0x8784, 0x0CFC,
0x8788, 0x0CF5,
0x878E, 0x0CEF,
0x878F, 0x0CE6,
0x8793, 0x0CDF,
0x8794, 0x0CD7,
0x8795, 0x0CCE,
0x8799, 0x0CC7,
0x87A4, 0x0CCB,
0x87A3, 0x0CD4,
0x87A3, 0x0CDC,
0x87A2, 0x0CE4,
0x87A0, 0x0CEC,
0x87A0, 0x0CF4,
0x87A3, 0x0CFC,
0x87AB, 0x0CFD,
0x87B2, 0x0CFA,
0x87BA, 0x0CF8,
0x87C2, 0x0CF6,
0x87C8, 0x0CF4,
0x87C6, 0x0CEC,
0x87C3, 0x0CE5,
0x87BE, 0x0CDE,
0x87BD, 0x0CD6,
0x87B8, 0x0CCF,
0x87B7, 0x0CC7,
0x87B3, 0x0CC0,
0x87B0, 0x0CB8,
0x87AC, 0x0CB4,
0x87AC, 0x0CB4,
0x87A8, 0x0CBD,
0x87A8, 0x0CC5,
0x87A4, 0x0CCB,
0x8799, 0x0CC7,
0x8799, 0x0CBE,
0x8799, 0x0CB5,
0x879B, 0x0CAE,
0x879B, 0x0CA5,
0x879B, 0x0C9C,
0x879B, 0x0C93,
0x879B, 0x0C8B,
0x879C, 0x0C83,
0x879F, 0x0C7B,
0x879F, 0x0C72,
0x879D, 0x0C6B,
0x879C, 0x0C62,
0x879F, 0x0C5B,
0x879F, 0x0C53,
0x879F, 0x0C4A,
0x87A0, 0x0C42,
0x879F, 0x0C39,
0x879B, 0x0C32,
0x879D, 0x0C2A,
0x87A0, 0x0C22,
0x879F, 0x0C19,
0x879F, 0x0C11,
0x879F, 0x0C08,
0x879F, 0x0C00,
0x879F, 0x0BF7,
0x879F, 0x0BEF,
0x879C, 0x0BE7,
0x879C, 0x0BDF,
0x879B, 0x0BD7,
0x879B, 0x0BCE,
0x879F, 0x0BC7,
0x87A3, 0x0BC0,
0x87A5, 0x0BBF,
0x07A5, 0x0BBF,
0x07A4, 0x0C1F,
0x87A4, 0x0C1F,
0x87A8, 0x0C23,
0x07A4, 0x0C1F,
0x07AC, 0x0C26,
0x87AC, 0x0C26,
0x87B0, 0x0C2A,
0x07AC, 0x0C26,
0x07A6, 0x0C15,
0x87A6, 0x0C15,
0x87AA, 0x0C19,
0x07A6, 0x0C15,
0x07A6, 0x0C0D,
0x87A6, 0x0C0D,
0x87AB, 0x0C11,
0x07A6, 0x0C0D,
0x07A4, 0x0C0F,
0x87A4, 0x0C0F,
0x87A8, 0x0C13,
0x07A4, 0x0C0F,
0x07AA, 0x0C0E,
0x87AA, 0x0C0E,
0x87AE, 0x0C12,
0x07AA, 0x0C0E,
0x07A7, 0x0C06,
0x87A7, 0x0C06,
0x87AB, 0x0C0A,
0x07A7, 0x0C06,
0x07A9, 0x0C04,
0x87A9, 0x0C04,
0x87AD, 0x0C08,
0x07A9, 0x0C04,
0x07A6, 0x0BFF,
0x87A6, 0x0BFF,
0x87AA, 0x0C03,
0x07A6, 0x0BFF,
0x07A4, 0x0BFB,
0x87A4, 0x0BFB,
0x87A8, 0x0BFF,
0x07A4, 0x0BFB,
0x07A9, 0x0BFE,
0x87A9, 0x0BFE,
0x87AD, 0x0C02,
0x07A9, 0x0BFE,
0x07A8, 0x0BFC,
0x87A8, 0x0BFC,
0x87AC, 0x0C00,
0x07A8, 0x0BFC,
0x07A8, 0x0BEF,
0x87A8, 0x0BEF,
0x87AC, 0x0BF3,
0x07A8, 0x0BEF,
0x07A9, 0x0BEA,
0x87A9, 0x0BEA,
0x87AD, 0x0BEE,
0x07A9, 0x0BEA,
0x07A2, 0x0BE6,
0x87A2, 0x0BE6,
0x87A7, 0x0BEB,
0x07A2, 0x0BE6,
0x07A9, 0x0BE4,
0x87A9, 0x0BE4,
0x87AD, 0x0BE8,
0x07A9, 0x0BE4,
0x07A3, 0x0BE3,
0x87A3, 0x0BE3,
0x87A7, 0x0BE7,
0x07A3, 0x0BE3,
0x07A1, 0x0BE2,
0x87A1, 0x0BE2,
0x87A5, 0x0BE6,
0x07A1, 0x0BE2,
0x07A2, 0x0BE1,
0x87A2, 0x0BE1,
0x87A7, 0x0BE5,
0x07A2, 0x0BE1,
0x07A2, 0x0BE2,
0x87A2, 0x0BE2,
0x87A7, 0x0BE6,
0x07A2, 0x0BE2,
0x07A4, 0x0BDA,
0x87A4, 0x0BDA,
0x87A8, 0x0BDE,
0x07A4, 0x0BDA,
0x07A2, 0x0BD3,
0x87A2, 0x0BD3,
0x87A6, 0x0BD7,
0x07A2, 0x0BD3,
0x07A5, 0x0BCC,
0x87A5, 0x0BCC,
0x87A9, 0x0BD0,
0x07A5, 0x0BCC,
0x07A6, 0x0BCB,
0x87A6, 0x0BCB,
0x87AA, 0x0BCF,
0x07A6, 0x0BCB,
0x07A6, 0x0BC8,
0x87A6, 0x0BC8,
0x87AA, 0x0BCC,
0x07A6, 0x0BC8,
0x07B5, 0x0C9F,
0x87B5, 0x0C9F,
0x87B9, 0x0CA3,
0x07B5, 0x0C9F,
0x07B6, 0x0CB4,
0x87B6, 0x0CB4,
0x87BA, 0x0CB9,
0x07B6, 0x0CB4,
0x07B6, 0x0CB3,
0x87B6, 0x0CB3,
0x87BA, 0x0CB7,
0x07B6, 0x0CB3,
0x07B6, 0x0CBB,
0x87B6, 0x0CBB,
0x87BA, 0x0CBF,
0x07B6, 0x0CBB,
0x07B6, 0x0CB3,
0x87B6, 0x0CB3,
0x87BA, 0x0CB7,
0x07B6, 0x0CB3,
0x07A2, 0x0C2B,
0x87A2, 0x0C2B,
0x87A6, 0x0C2F,
0x07A2, 0x0C2B,
0x07A7, 0x0C3F,
0x87A7, 0x0C3F,
0x87AB, 0x0C43,
0x07A7, 0x0C3F,
0x07BD, 0x0CBB,
0x87BD, 0x0CBB,
0x87C1, 0x0CBF,
0x07BD, 0x0CBB,
0x07BF, 0x0CBB,
0x87BF, 0x0CBB,
0x87C3, 0x0CBF,
0x07BF, 0x0CBB,
0x07C8, 0x0CD7,
0x87C8, 0x0CD7,
0x87CC, 0x0CDB,
0x07C8, 0x0CD7,
0x07C6, 0x0CE1,
0x87C6, 0x0CE1,
0x87CA, 0x0CE5,
0x07C6, 0x0CE1,
0x07C4, 0x0CCA,
0x87C4, 0x0CCA,
0x87C8, 0x0CCE,
0x07C4, 0x0CCA,
0x07C4, 0x0CDF,
0x87C4, 0x0CDF,
0x87C9, 0x0CE3,
0x07C4, 0x0CDF,
0x07C4, 0x0CDA,
0x87C4, 0x0CDA,
0x87C8, 0x0CDE,
0x07C4, 0x0CDA,
0x07C3, 0x0CCB,
0x87C3, 0x0CCB,
0x87C7, 0x0CCF,
0x07C3, 0x0CCB,
0x07C6, 0x0CD1,
0x87C6, 0x0CD1,
0x87CA, 0x0CD5,
0x07C6, 0x0CD1,
0x07C4, 0x0CD1,
0x87C4, 0x0CD1,
0x87C8, 0x0CD5,
0x07C4, 0x0CD1,
0x07C3, 0x0CD3,
0x87C3, 0x0CD3,
0x87C8, 0x0CD7,
0x07C3, 0x0CD3,
0x0825, 0x0CF4,
0x8825, 0x0CF4,
0x8829, 0x0CF8,
0x0825, 0x0CF4,
0x0829, 0x0CF4,
0x8829, 0x0CF4,
0x882D, 0x0CF8,
0x0829, 0x0CF4,
0x0829, 0x0CF2,
0x8829, 0x0CF2,
0x882D, 0x0CF6,
0x0829, 0x0CF2,
0x0829, 0x0CF5,
0x8829, 0x0CF5,
0x882D, 0x0CF9,
0x0829, 0x0CF5,
0x0823, 0x0CE7,
0x8823, 0x0CE7,
0x8827, 0x0CEB,
0x0823, 0x0CE7,
0x0824, 0x0CED,
0x8824, 0x0CED,
0x8828, 0x0CF1,
0x0824, 0x0CED,
0x0824, 0x0CEA,
0x8824, 0x0CEA,
0x8828, 0x0CEE,
0x0824, 0x0CEA,
0x0811, 0x0CF1,
0x8811, 0x0CF1,
0x8815, 0x0CF5,
0x0811, 0x0CF1,
0x0812, 0x0CF7,
0x8812, 0x0CF7,
0x8816, 0x0CFB,
0x0812, 0x0CF7,
0x0811, 0x0CF6,
0x8811, 0x0CF6,
0x8815, 0x0CFA,
0x0811, 0x0CF6,
0x080D, 0x0CF6,
0x880D, 0x0CF6,
0x8812, 0x0CFA,
0x080D, 0x0CF6,
0x0809, 0x0CF2,
0x8809, 0x0CF2,
0x880D, 0x0CF6,
0x0809, 0x0CF2,
0x080A, 0x0CF3,
0x880A, 0x0CF3,
0x880E, 0x0CF7,
0x080A, 0x0CF3,
0x080E, 0x0CF1,
0x880E, 0x0CF1,
0x8813, 0x0CF5,
0x080E, 0x0CF1,
0x0809, 0x0CF2,
0x8809, 0x0CF2,
0x880D, 0x0CF6,
0x0809, 0x0CF2,
0x0808, 0x0CF9,
0x8808, 0x0CF9,
0x880C, 0x0CFD,
0x0808, 0x0CF9,
0x0803, 0x0CF7,
0x8803, 0x0CF7,
0x8807, 0x0CFB,
0x0803, 0x0CF7,
0x0808, 0x0CF5,
0x8808, 0x0CF5,
0x880C, 0x0CF9,
0x0808, 0x0CF5,
0x080D, 0x0CF3,
0x880D, 0x0CF3,
0x8811, 0x0CF8,
0x080D, 0x0CF3,
0x080B, 0x0CF4,
0x880B, 0x0CF4,
0x880F, 0x0CF8,
0x080B, 0x0CF4,
0x0804, 0x0CF1,
0x8804, 0x0CF1,
0x8808, 0x0CF5,
0x0804, 0x0CF1,
0x0803, 0x0CF5,
0x8803, 0x0CF5,
0x8807, 0x0CF9,
0x0803, 0x0CF5,
0x07FB, 0x0CF1,
0x87FB, 0x0CF1,
0x87FF, 0x0CF5,
0x07FB, 0x0CF1,
0x0804, 0x0CF2,
0x8804, 0x0CF2,
0x8808, 0x0CF6,
0x0804, 0x0CF2,
0x0806, 0x0CF0,
0x8806, 0x0CF0,
0x880A, 0x0CF4,
0x0806, 0x0CF0,
0x07DF, 0x0CD2,
0x87DF, 0x0CD2,
0x87E3, 0x0CD6,
0x07DF, 0x0CD2,
0x07F1, 0x0CF6,
0x87F1, 0x0CF6,
0x87F5, 0x0CFA,
0x07F1, 0x0CF6,
0x07F1, 0x0CF6,
0x87F1, 0x0CF6,
0x87F5, 0x0CFA,
0x07F1, 0x0CF6,
0x07EE, 0x0CF2,
0x87EE, 0x0CF2,
0x87F2, 0x0CF6,
0x07EE, 0x0CF2,
0x07EE, 0x0CF1,
0x87EE, 0x0CF1,
0x87F2, 0x0CF5,
0x07EE, 0x0CF1,
0x07F1, 0x0CF3,
0x87F1, 0x0CF3,
0x87F5, 0x0CF7,
0x07F1, 0x0CF3,
0x07E0, 0x0CCE,
0x87E0, 0x0CCE,
0x87E4, 0x0CD2,
0x07E0, 0x0CCE,
0x07CF, 0x0CEA,
0x87CF, 0x0CEA,
0x87D3, 0x0CEE,
0x07CF, 0x0CEA,
0x07CB, 0x0CDE,
0x87CB, 0x0CDE,
0x87CF, 0x0CE2,
0x07CB, 0x0CDE,
0x07D3, 0x0CEA,
0x87D3, 0x0CEA,
0x87D7, 0x0CEE,
0x07D3, 0x0CEA,
0x07D7, 0x0CF9,
0x87D7, 0x0CF9,
0x87DB, 0x0CFE,
0x07D7, 0x0CF9,
0x07D9, 0x0D00,
0x87D9, 0x0D00,
0x87DD, 0x0D04,
0x07D9, 0x0D00,
0x07D1, 0x0CF9,
0x87D1, 0x0CF9,
0x87D5, 0x0CFD,
0x07D1, 0x0CF9,
0x07D7, 0x0CFA,
0x87D7, 0x0CFA,
0x87DB, 0x0CFE,
0x07D7, 0x0CFA,
0x07D1, 0x0CE5,
0x87D1, 0x0CE5,
0x87D5, 0x0CE9,
0x07D1, 0x0CE5,
0x07CC, 0x0CF1,
0x87CC, 0x0CF1,
0x87D1, 0x0CF5,
0x07CC, 0x0CF1,
0x07D5, 0x0CF4,
0x87D5, 0x0CF4,
0x87D9, 0x0CF8,
0x07D5, 0x0CF4,
0x07D8, 0x0CF7,
0x87D8, 0x0CF7,
0x87DC, 0x0CFB,
0x07D8, 0x0CF7,
0x07CF, 0x0CDE,
0x87CF, 0x0CDE,
0x87D3, 0x0CE2,
0x07CF, 0x0CDE,
0x07D2, 0x0CF7,
0x87D2, 0x0CF7,
0x87D6, 0x0CFB,
0x07D2, 0x0CF7,
0x07D6, 0x0CF6,
0x87D6, 0x0CF6,
0x87DA, 0x0CFA,
0x07D6, 0x0CF6,
0x07D2, 0x0CEC,
0x87D2, 0x0CEC,
0x87D6, 0x0CF0,
0x07D2, 0x0CEC,
0x07D3, 0x0CDC,
0x87D3, 0x0CDC,
0x87D7, 0x0CE0,
0x07D3, 0x0CDC,
0x07D4, 0x0CDC,
0x87D4, 0x0CDC,
0x87D8, 0x0CE0,
0x07D4, 0x0CDC,
0x07D7, 0x0CF9,
0x87D7, 0x0CF9,
0x87DB, 0x0CFD,
0x07D7, 0x0CF9,
0x07DF, 0x0CFA,
0x87DF, 0x0CFA,
0x87E3, 0x0CFE,
0x07DF, 0x0CFA,
0x07DD, 0x0CF7,
0x87DD, 0x0CF7,
0x87E1, 0x0CFB,
0x07DD, 0x0CF7,
0x07CE, 0x0CF3,
0x87CE, 0x0CF3,
0x87D2, 0x0CF7,
0x07CE, 0x0CF3,
0x07E2, 0x0CEF,
0x87E2, 0x0CEF,
0x87E6, 0x0CF3,
0x07E2, 0x0CEF,
0x07E2, 0x0CC8,
0x87E2, 0x0CC8,
0x87E6, 0x0CCC,
0x07E2, 0x0CC8,
0x07E3, 0x0CC0,
0x87E3, 0x0CC0,
0x87E7, 0x0CC4,
0x07E3, 0x0CC0,
0x07E6, 0x0CB8,
0x87E6, 0x0CB8,
0x87EA, 0x0CBC,
0x07E6, 0x0CB8,
0x07E7, 0x0CB7,
0x87E7, 0x0CB7,
0x87EB, 0x0CBC,
0x07E7, 0x0CB7,
0x0811, 0x0CD8,
0x8811, 0x0CD8,
0x8815, 0x0CDC,
0x0811, 0x0CD8,
0x0812, 0x0CDB,
0x8812, 0x0CDB,
0x8816, 0x0CDF,
0x0812, 0x0CDB,
0x0810, 0x0CCC,
0x8810, 0x0CCC,
0x8814, 0x0CD0,
0x0810, 0x0CCC,
0x080E, 0x0CCD,
0x880E, 0x0CCD,
0x8812, 0x0CD1,
0x080E, 0x0CCD,
0x080C, 0x0CC9,
0x880C, 0x0CC9,
0x8810, 0x0CCD,
0x080C, 0x0CC9,
0x080A, 0x0CCD,
0x880A, 0x0CCD,
0x880E, 0x0CD1,
0x080A, 0x0CCD,
0x080D, 0x0CC8,
0x880D, 0x0CC8,
0x8811, 0x0CCC,
0x080D, 0x0CC8,
0x0807, 0x0CBD,
0x8807, 0x0CBD,
0x880C, 0x0CC1,
0x0807, 0x0CBD,
0x0805, 0x0CC1,
0x8805, 0x0CC1,
0x8809, 0x0CC5,
0x0805, 0x0CC1,
0x0806, 0x0CC9,
0x8806, 0x0CC9,
0x880A, 0x0CCD,
0x0806, 0x0CC9,
0x0808, 0x0CC7,
0x8808, 0x0CC7,
0x880C, 0x0CCB,
0x0808, 0x0CC7,
0x0804, 0x0CB6,
0x8804, 0x0CB6,
0x8808, 0x0CBA,
0x0804, 0x0CB6,
0x082C, 0x0C86,
0x882C, 0x0C86,
0x8830, 0x0C8A,
0x082C, 0x0C86,
0x0828, 0x0C8A,
0x8828, 0x0C8A,
0x882D, 0x0C8E,
0x0828, 0x0C8A,
0x0821, 0x0C87,
0x8821, 0x0C87,
0x8826, 0x0C8B,
0x0821, 0x0C87,
0x082C, 0x0C83,
0x882C, 0x0C83,
0x8830, 0x0C87,
0x082C, 0x0C83,
0x0831, 0x0C89,
0x8831, 0x0C89,
0x8835, 0x0C8D,
0x0831, 0x0C89,
0x082C, 0x0C83,
0x882C, 0x0C83,
0x8830, 0x0C87,
0x082C, 0x0C83,
0x0830, 0x0C86,
0x8830, 0x0C86,
0x8834, 0x0C8A,
0x0830, 0x0C86,
0x0822, 0x0C81,
0x8822, 0x0C81,
0x8827, 0x0C86,
0x0822, 0x0C81,
0x0830, 0x0C84,
0x8830, 0x0C84,
0x8834, 0x0C88,
0x0830, 0x0C84,
0x081F, 0x0C7D,
0x881F, 0x0C7D,
0x8823, 0x0C81,
0x081F, 0x0C7D,
0x0822, 0x0C77,
0x8822, 0x0C77,
0x8826, 0x0C7B,
0x0822, 0x0C77,
0x0821, 0x0C76,
0x8821, 0x0C76,
0x8825, 0x0C7A,
0x0821, 0x0C76,
0x082A, 0x0C7E,
0x882A, 0x0C7E,
0x882E, 0x0C82,
0x082A, 0x0C7E,
0x0822, 0x0C70,
0x8822, 0x0C70,
0x8826, 0x0C74,
0x0822, 0x0C70,
0x0817, 0x0C6F,
0x8817, 0x0C6F,
0x881B, 0x0C73,
0x0817, 0x0C6F,
0x081C, 0x0C6C,
0x881C, 0x0C6C,
0x8820, 0x0C70,
0x081C, 0x0C6C,
0x0820, 0x0C6E,
0x8820, 0x0C6E,
0x8824, 0x0C72,
0x0820, 0x0C6E,
0x081A, 0x0C68,
0x881A, 0x0C68,
0x881E, 0x0C6C,
0x081A, 0x0C68,
0x081A, 0x0C6B,
0x881A, 0x0C6B,
0x881F, 0x0C70,
0x081A, 0x0C6B,
0x081C, 0x0C6B,
0x881C, 0x0C6B,
0x8820, 0x0C6F,
0x081C, 0x0C6B,
0x081D, 0x0C6A,
0x881D, 0x0C6A,
0x8821, 0x0C6E,
0x081D, 0x0C6A,
0x0809, 0x0C8F,
0x8809, 0x0C8F,
0x880D, 0x0C93,
0x0809, 0x0C8F,
0x080B, 0x0C95,
0x880B, 0x0C95,
0x880F, 0x0C9A,
0x080B, 0x0C95,
0x080A, 0x0C97,
0x880A, 0x0C97,
0x880E, 0x0C9B,
0x080A, 0x0C97,
0x080D, 0x0C90,
0x880D, 0x0C90,
0x8811, 0x0C94,
0x080D, 0x0C90,
0x080D, 0x0C90,
0x880D, 0x0C90,
0x8811, 0x0C94,
0x080D, 0x0C90,
0x0811, 0x0C96,
0x8811, 0x0C96,
0x8815, 0x0C9A,
0x0811, 0x0C96,
0x0812, 0x0C94,
0x8812, 0x0C94,
0x8816, 0x0C98,
0x0812, 0x0C94,
0x0810, 0x0C97,
0x8810, 0x0C97,
0x8815, 0x0C9B,
0x0810, 0x0C97,
0x080D, 0x0C97,
0x880D, 0x0C97,
0x8811, 0x0C9B,
0x080D, 0x0C97,
0x0812, 0x0C8F,
0x8812, 0x0C8F,
0x8816, 0x0C93,
0x0812, 0x0C8F,
0x0811, 0x0C96,
0x8811, 0x0C96,
0x8815, 0x0C9A,
0x0811, 0x0C96,
0x0815, 0x0C90,
0x8815, 0x0C90,
0x8819, 0x0C94,
0x0815, 0x0C90,
0x0818, 0x0C90,
0x8818, 0x0C90,
0x881C, 0x0C94,
0x0818, 0x0C90,
0x0819, 0x0C91,
0x8819, 0x0C91,
0x881D, 0x0C95,
0x0819, 0x0C91,
0x0815, 0x0C94,
0x8815, 0x0C94,
0x8819, 0x0C98,
0x0815, 0x0C94,
0x0819, 0x0C90,
0x8819, 0x0C90,
0x881E, 0x0C94,
0x0819, 0x0C90,
0x0800, 0x0CBB,
0x8800, 0x0CBB,
0x8804, 0x0CBF,
0x0800, 0x0CBB,
0x0801, 0x0CB1,
0x8801, 0x0CB1,
0x8805, 0x0CB5,
0x0801, 0x0CB1,
0x0802, 0x0C95,
0x8802, 0x0C95,
0x8807, 0x0C99,
0x0802, 0x0C95,
0x07FC, 0x0C8B,
0x87FC, 0x0C8B,
0x8800, 0x0C8F,
0x07FC, 0x0C8B,
0x07FC, 0x0C99,
0x87FC, 0x0C99,
0x8800, 0x0C9D,
0x07FC, 0x0C99,
0x07FB, 0x0C89,
0x87FB, 0x0C89,
0x87FF, 0x0C8D,
0x07FB, 0x0C89,
0x07FC, 0x0C98,
0x87FC, 0x0C98,
0x8800, 0x0C9D,
0x07FC, 0x0C98,
0x07FB, 0x0CAD,
0x87FB, 0x0CAD,
0x87FF, 0x0CB2,
0x07FB, 0x0CAD,
0x07FD, 0x0C8B,
0x87FD, 0x0C8B,
0x8801, 0x0C8F,
0x07FD, 0x0C8B,
0x07FC, 0x0C98,
0x87FC, 0x0C98,
0x8801, 0x0C9D,
0x07FC, 0x0C98,
0x07F8, 0x0C4C,
0x87F8, 0x0C4C,
0x87FC, 0x0C50,
0x07F8, 0x0C4C,
0x07FA, 0x0C32,
0x87FA, 0x0C32,
0x87FE, 0x0C36,
0x07FA, 0x0C32,
0x07FE, 0x0C42,
0x87FE, 0x0C42,
0x8802, 0x0C46,
0x07FE, 0x0C42,
0x07F9, 0x0C18,
0x87F9, 0x0C18,
0x87FE, 0x0C1C,
0x07F9, 0x0C18,
0x07FA, 0x0C16,
0x87FA, 0x0C16,
0x87FE, 0x0C1A,
0x07FA, 0x0C16,
0x07FF, 0x0C4A,
0x87FF, 0x0C4A,
0x8803, 0x0C4F,
0x07FF, 0x0C4A,
0x07FF, 0x0C3F,
0x87FF, 0x0C3F,
0x8803, 0x0C43,
0x07FF, 0x0C3F,
0x07F8, 0x0C83,
0x87F8, 0x0C83,
0x87FC, 0x0C87,
0x07F8, 0x0C83,
0x080D, 0x0C47,
0x880D, 0x0C47,
0x8811, 0x0C4B,
0x080D, 0x0C47,
0x080E, 0x0C47,
0x880E, 0x0C47,
0x8812, 0x0C4B,
0x080E, 0x0C47,
0x080D, 0x0C4E,
0x880D, 0x0C4E,
0x8811, 0x0C52,
0x080D, 0x0C4E,
0x080D, 0x0C49,
0x880D, 0x0C49,
0x8811, 0x0C4D,
0x080D, 0x0C49,
0x0809, 0x0C47,
0x8809, 0x0C47,
0x880D, 0x0C4B,
0x0809, 0x0C47,
0x0807, 0x0C4F,
0x8807, 0x0C4F,
0x880B, 0x0C53,
0x0807, 0x0C4F,
0x080B, 0x0C43,
0x880B, 0x0C43,
0x880F, 0x0C47,
0x080B, 0x0C43,
0x080B, 0x0C4A,
0x880B, 0x0C4A,
0x880F, 0x0C4E,
0x080B, 0x0C4A,
0x0808, 0x0BE9,
0x8808, 0x0BE9,
0x880C, 0x0BED,
0x0808, 0x0BE9,
0x0805, 0x0BE4,
0x8805, 0x0BE4,
0x880A, 0x0BE8,
0x0805, 0x0BE4,
0x0801, 0x0BE7,
0x8801, 0x0BE7,
0x8805, 0x0BEB,
0x0801, 0x0BE7,
0x07FE, 0x0BE2,
0x87FE, 0x0BE2,
0x8802, 0x0BE6,
0x07FE, 0x0BE2,
0x0802, 0x0BD0,
0x8802, 0x0BD0,
0x8806, 0x0BD5,
0x0802, 0x0BD0,
0x0806, 0x0C40,
0x8806, 0x0C40,
0x880A, 0x0C45,
0x0806, 0x0C40,
0x0801, 0x0C2E,
0x8801, 0x0C2E,
0x8805, 0x0C33,
0x0801, 0x0C2E,
0x0806, 0x0C33,
0x8806, 0x0C33,
0x880B, 0x0C37,
0x0806, 0x0C33,
0x0805, 0x0C3C,
0x8805, 0x0C3C,
0x8809, 0x0C40,
0x0805, 0x0C3C,
0x0800, 0x0C25,
0x8800, 0x0C25,
0x8804, 0x0C29,
0x0800, 0x0C25,
0x0803, 0x0C4B,
0x8803, 0x0C4B,
0x8807, 0x0C4F,
0x0803, 0x0C4B,
0x0804, 0x0C4B,
0x8804, 0x0C4B,
0x8808, 0x0C4F,
0x0804, 0x0C4B,
0x0805, 0x0C42,
0x8805, 0x0C42,
0x8809, 0x0C46,
0x0805, 0x0C42,
0x0800, 0x0C14,
0x8800, 0x0C14,
0x8804, 0x0C18,
0x0800, 0x0C14,
0x0803, 0x0C4A,
0x8803, 0x0C4A,
0x8808, 0x0C4E,
0x0803, 0x0C4A,
0x0801, 0x0C2D,
0x8801, 0x0C2D,
0x8805, 0x0C31,
0x0801, 0x0C2D,
0x0802, 0x0C38,
0x8802, 0x0C38,
0x8806, 0x0C3C,
0x0802, 0x0C38,
0x0801, 0x0C41,
0x8801, 0x0C41,
0x8806, 0x0C45,
0x0801, 0x0C41,
0x0805, 0x0C31,
0x8805, 0x0C31,
0x8809, 0x0C35,
0x0805, 0x0C31,
0x07F5, 0x0C8A,
0x87F5, 0x0C8A,
0x87F9, 0x0C8F,
0x07F5, 0x0C8A,
0x07F4, 0x0C64,
0x87F4, 0x0C64,
0x87F8, 0x0C68,
0x07F4, 0x0C64,
0x07F5, 0x0C7E,
0x87F5, 0x0C7E,
0x87F9, 0x0C82,
0x07F5, 0x0C7E,
0x07F5, 0x0C8F,
0x87F5, 0x0C8F,
0x87F9, 0x0C93,
0x07F5, 0x0C8F,
0x07F4, 0x0C6F,
0x87F4, 0x0C6F,
0x87F8, 0x0C73,
0x07F4, 0x0C6F,
0x07F8, 0x0C90,
0x87F8, 0x0C90,
0x87FC, 0x0C94,
0x07F8, 0x0C90,
0x07F6, 0x0C65,
0x87F6, 0x0C65,
0x87FA, 0x0C69,
0x07F6, 0x0C65,
0x07F6, 0x0C63,
0x87F6, 0x0C63,
0x87FA, 0x0C68,
0x07F6, 0x0C63,
0x07E8, 0x0C9A,
0x87E8, 0x0C9A,
0x87EC, 0x0C9E,
0x07E8, 0x0C9A,
0x07EA, 0x0C92,
0x87EA, 0x0C92,
0x87EE, 0x0C96,
0x07EA, 0x0C92,
0x07ED, 0x0C98,
0x87ED, 0x0C98,
0x87F1, 0x0C9C,
0x07ED, 0x0C98,
0x07EC, 0x0CA0,
0x87EC, 0x0CA0,
0x87F1, 0x0CA4,
0x07EC, 0x0CA0,
0x07EB, 0x0C98,
0x87EB, 0x0C98,
0x87EF, 0x0C9C,
0x07EB, 0x0C98,
0x07E8, 0x0C8F,
0x87E8, 0x0C8F,
0x87EC, 0x0C93,
0x07E8, 0x0C8F,
0x07EC, 0x0C7F,
0x87EC, 0x0C7F,
0x87F0, 0x0C83,
0x07EC, 0x0C7F,
0x07EC, 0x0C85,
0x87EC, 0x0C85,
0x87F0, 0x0C89,
0x07EC, 0x0C85,
0x07EB, 0x0C87,
0x87EB, 0x0C87,
0x87EF, 0x0C8B,
0x07EB, 0x0C87,
0x07EF, 0x0C8B,
0x87EF, 0x0C8B,
0x87F3, 0x0C90,
0x07EF, 0x0C8B,
0x07EB, 0x0C93,
0x87EB, 0x0C93,
0x87EF, 0x0C97,
0x07EB, 0x0C93,
0x07EA, 0x0C7B,
0x87EA, 0x0C7B,
0x87EE, 0x0C7F,
0x07EA, 0x0C7B,
0x07F3, 0x0CAC,
0x87F3, 0x0CAC,
0x87F7, 0x0CB0,
0x07F3, 0x0CAC,
0x07F1, 0x0C99,
0x87F1, 0x0C99,
0x87F5, 0x0C9D,
0x07F1, 0x0C99,
0x07EF, 0x0C72,
0x87EF, 0x0C72,
0x87F3, 0x0C77,
0x07EF, 0x0C72,
0x07F0, 0x0C66,
0x87F0, 0x0C66,
0x87F4, 0x0C6B,
0x07F0, 0x0C66,
0x07ED, 0x0C71,
0x87ED, 0x0C71,
0x87F1, 0x0C75,
0x07ED, 0x0C71,
0x07E1, 0x0C81,
0x87E1, 0x0C81,
0x87E5, 0x0C85,
0x07E1, 0x0C81,
0x07E0, 0x0C88,
0x87E0, 0x0C88,
0x87E4, 0x0C8C,
0x07E0, 0x0C88,
0x07E4, 0x0C89,
0x87E4, 0x0C89,
0x87E8, 0x0C8D,
0x07E4, 0x0C89,
0x07E3, 0x0C8C,
0x87E3, 0x0C8C,
0x87E8, 0x0C91,
0x07E3, 0x0C8C,
0x07E3, 0x0C93,
0x87E3, 0x0C93,
0x87E7, 0x0C97,
0x07E3, 0x0C93,
0x07E2, 0x0C8A,
0x87E2, 0x0C8A,
0x87E6, 0x0C8E,
0x07E2, 0x0C8A,
0x07E1, 0x0C87,
0x87E1, 0x0C87,
0x87E5, 0x0C8B,
0x07E1, 0x0C87,
0x07DB, 0x0C90,
0x87DB, 0x0C90,
0x87DF, 0x0C94,
0x07DB, 0x0C90,
0x07CD, 0x0CFE,
0x87CD, 0x0CFE,
0x87D1, 0x0D02,
0x07CD, 0x0CFE,
0x07C9, 0x0CFE,
0x87C9, 0x0CFE,
0x87CD, 0x0D02,
0x07C9, 0x0CFE,
0x07CA, 0x0D00,
0x87CA, 0x0D00,
0x87CE, 0x0D04,
0x07CA, 0x0D00,
0x07C5, 0x0D00,
0x87C5, 0x0D00,
0x87CA, 0x0D04,
0x07C5, 0x0D00,
0x07C1, 0x0CFD,
0x87C1, 0x0CFD,
0x87C5, 0x0D02,
0x07C1, 0x0CFD,
0x07B6, 0x0CFF,
0x87B6, 0x0CFF,
0x87BA, 0x0D03,
0x07B6, 0x0CFF,
0x07A8, 0x0D02,
0x87A8, 0x0D02,
0x87AC, 0x0D06,
0x07A8, 0x0D02,
0x07A6, 0x0D03,
0x87A6, 0x0D03,
0x87AA, 0x0D07,
0x07A6, 0x0D03,
0x07A6, 0x0D03,
0x87A6, 0x0D03,
0x87AA, 0x0D07,
0x07A6, 0x0D03,
0x07A2, 0x0C60,
0x87A2, 0x0C60,
0x87A6, 0x0C64,
0x07A2, 0x0C60,
0x07A7, 0x0C74,
0x87A7, 0x0C74,
0x87AB, 0x0C78,
0x07A7, 0x0C74,
0x07AE, 0x0CA2,
0x87AE, 0x0CA2,
0x87B2, 0x0CA6,
0x07AE, 0x0CA2,
0x07AC, 0x0C95,
0x87AC, 0x0C95,
0x87B0, 0x0C99,
0x07AC, 0x0C95,
0x07A2, 0x0C6D,
0x87A2, 0x0C6D,
0x87A6, 0x0C72,
0x07A2, 0x0C6D,
0x07AF, 0x0CAE,
0x87AF, 0x0CAE,
0x87B3, 0x0CB2,
0x07AF, 0x0CAE,
0x07A4, 0x0C66,
0x87A4, 0x0C66,
0x87A8, 0x0C6A,
0x07A4, 0x0C66,
0x07AA, 0x0C8F,
0x87AA, 0x0C8F,
0x87AE, 0x0C93,
0x07AA, 0x0C8F,
0x07AC, 0x0CA5,
0x87AC, 0x0CA5,
0x87B0, 0x0CA9,
0x07AC, 0x0CA5,
0x07A5, 0x0C89,
0x87A5, 0x0C89,
0x87A9, 0x0C8D,
0x07A5, 0x0C89,
0x07AA, 0x0C90,
0x87AA, 0x0C90,
0x87AE, 0x0C95,
0x07AA, 0x0C90,
0x07A0, 0x0C6E,
0x87A0, 0x0C6E,
0x87A4, 0x0C72,
0x07A0, 0x0C6E,
0x07A2, 0x0C6D,
0x87A2, 0x0C6D,
0x87A6, 0x0C71,
0x07A2, 0x0C6D,
0x07A6, 0x0C9F,
0x87A6, 0x0C9F,
0x87AA, 0x0CA4,
0x07A6, 0x0C9F,
0x07A6, 0x0C9C,
0x87A6, 0x0C9C,
0x87AA, 0x0CA0,
0x07A6, 0x0C9C,
0x07A9, 0x0CAB,
0x87A9, 0x0CAB,
0x87AD, 0x0CAF,
0x07A9, 0x0CAB,
0x07A1, 0x0C8F,
0x87A1, 0x0C8F,
0x87A6, 0x0C93,
0x07A1, 0x0C8F,
0x07A2, 0x0CA5,
0x87A2, 0x0CA5,
0x87A6, 0x0CA9,
0x07A2, 0x0CA5,
0x07A2, 0x0C8C,
0x87A2, 0x0C8C,
0x87A6, 0x0C90,
0x07A2, 0x0C8C,
0x079E, 0x0CA2,
0x879E, 0x0CA2,
0x87A3, 0x0CA6,
0x079E, 0x0CA2,
0x07A4, 0x0CA6,
0x87A4, 0x0CA6,
0x87A8, 0x0CAA,
0x07A4, 0x0CA6,
0x07A3, 0x0C92,
0x87A3, 0x0C92,
0x87A7, 0x0C96,
0x07A3, 0x0C92,
0x07A2, 0x0C8F,
0x87A2, 0x0C8F,
0x87A6, 0x0C93,
0x07A2, 0x0C8F,
0x07A0, 0x0C95,
0x87A0, 0x0C95,
0x87A4, 0x0C99,
0x07A0, 0x0C95,
0x07A0, 0x0C8D,
0x87A0, 0x0C8D,
0x87A4, 0x0C91,
0x07A0, 0x0C8D,
0x07A0, 0x0C8D,
0x87A0, 0x0C8D,
0x87A4, 0x0C91,
0x07A0, 0x0C8D,
0x07A2, 0x0CA7,
0x87A2, 0x0CA7,
0x87A6, 0x0CAB,
0x07A2, 0x0CA7,
0x07A1, 0x0CA8,
0x87A1, 0x0CA8,
0x87A5, 0x0CAC,
0x07A1, 0x0CA8,
0x07A5, 0x0CA4,
0x87A5, 0x0CA4,
0x87A9, 0x0CA8,
0x07A5, 0x0CA4,
0x079F, 0x0CA3,
0x879F, 0x0CA3,
0x87A3, 0x0CA7,
0x079F, 0x0CA3,
0x079E, 0x0CBD,
0x879E, 0x0CBD,
0x87A2, 0x0CC2,
0x079E, 0x0CBD,
0x07B4, 0x0CB0,
0x87B4, 0x0CB0,
0x87B8, 0x0CB5,
0x07B4, 0x0CB0,
0x07A7, 0x0C61,
0x87A7, 0x0C61,
0x87AB, 0x0C65,
0x07A7, 0x0C61,
0x07AA, 0x0C77,
0x87AA, 0x0C77,
0x87AF, 0x0C7B,
0x07AA, 0x0C77,
0x07A4, 0x0C3E,
0x87A4, 0x0C3E,
0x87A8, 0x0C43,
0x07A4, 0x0C3E,
0x07A9, 0x0C75,
0x87A9, 0x0C75,
0x87AD, 0x0C79,
0x07A9, 0x0C75,
0x07B1, 0x0CA2,
0x87B1, 0x0CA2,
0x87B5, 0x0CA6,
0x07B1, 0x0CA2,
0x07A8, 0x0C6D,
0x87A8, 0x0C6D,
0x87AC, 0x0C71,
0x07A8, 0x0C6D,
0x07A6, 0x0C61,
0x87A6, 0x0C61,
0x87AA, 0x0C65,
0x07A6, 0x0C61,
0x07A8, 0x0C6F,
0x87A8, 0x0C6F,
0x87AC, 0x0C73,
0x07A8, 0x0C6F,
0x07AB, 0x0C85,
0x87AB, 0x0C85,
0x87AF, 0x0C89,
0x07AB, 0x0C85,
0x079B, 0x0CD6,
0x879B, 0x0CD6,
0x879F, 0x0CDA,
0x079B, 0x0CD6,
0x079B, 0x0CD4,
0x879B, 0x0CD4,
0x879F, 0x0CD8,
0x079B, 0x0CD4,
0x0799, 0x0CDD,
0x8799, 0x0CDD,
0x879D, 0x0CE1,
0x0799, 0x0CDD,
0x0799, 0x0CD6,
0x8799, 0x0CD6,
0x879D, 0x0CDA,
0x0799, 0x0CD6,
0x079B, 0x0CDB,
0x879B, 0x0CDB,
0x879F, 0x0CDF,
0x079B, 0x0CDB,
0x0799, 0x0CDB,
0x8799, 0x0CDB,
0x879D, 0x0CDF,
0x0799, 0x0CDB,
0x0798, 0x0CDE,
0x8798, 0x0CDE,
0x879C, 0x0CE2,
0x0798, 0x0CDE,
0x0795, 0x0CE4,
0x8795, 0x0CE4,
0x8799, 0x0CE8,
0x0795, 0x0CE4,
0x079A, 0x0CDB,
0x879A, 0x0CDB,
0x879E, 0x0CDF,
0x079A, 0x0CDB,
0x079A, 0x0D00,
0x879A, 0x0D00,
0x879E, 0x0D04,
0x079A, 0x0D00,
0x0798, 0x0CED,
0x8798, 0x0CED,
0x879C, 0x0CF1,
0x0798, 0x0CED,
0x0799, 0x0CF8,
0x8799, 0x0CF8,
0x879D, 0x0CFC,
0x0799, 0x0CF8,
0x0797, 0x0CDD,
0x8797, 0x0CDD,
0x879B, 0x0CE1,
0x0797, 0x0CDD,
0x079B, 0x0CFD,
0x879B, 0x0CFD,
0x879F, 0x0D01,
0x079B, 0x0CFD,
0x0794, 0x0D02,
0x8794, 0x0D02,
0x8798, 0x0D06,
0x0794, 0x0D02,
0x0795, 0x0CE5,
0x8795, 0x0CE5,
0x8799, 0x0CE9,
0x0795, 0x0CE5,
0x0795, 0x0CFA,
0x8795, 0x0CFA,
0x8799, 0x0CFE,
0x0795, 0x0CFA,
0x0790, 0x0CF8,
0x8790, 0x0CF8,
0x8794, 0x0CFC,
0x0790, 0x0CF8,
0x078A, 0x0CFC,
0x878A, 0x0CFC,
0x878F, 0x0D00,
0x078A, 0x0CFC,
0x078C, 0x0CFB,
0x878C, 0x0CFB,
0x8790, 0x0CFF,
0x078C, 0x0CFB,
0x078B, 0x0CFC,
0x878B, 0x0CFC,
0x878F, 0x0D00,
0x078B, 0x0CFC,
0x078B, 0x0CFE,
0x878B, 0x0CFE,
0x878F, 0x0D02,
0x078B, 0x0CFE,
0x078A, 0x0D00,
0x878A, 0x0D00,
0x878E, 0x0D04,
0x078A, 0x0D00
};

const unsigned short draw_25[] PROGMEM = {
0x0304, 0x0BD9,
0x8304, 0x0BD9,
0x830D, 0x0BD9,
0x8315, 0x0BDB,
0x831C, 0x0BDF,
0x8322, 0x0BE4,
0x832A, 0x0BE6,
0x8332, 0x0BEA,
0x8339, 0x0BED,
0x8341, 0x0BEF,
0x8348, 0x0BF1,
0x834F, 0x0BF5,
0x8357, 0x0BF6,
0x835F, 0x0BFA,
0x8366, 0x0BFF,
0x836D, 0x0C01,
0x8375, 0x0C04,
0x837C, 0x0C07,
0x8372, 0x0C17,
0x836A, 0x0C17,
0x8362, 0x0C17,
0x8362, 0x0C17,
0x8361, 0x0C1F,
0x8365, 0x0C26,
0x8367, 0x0C2D,
0x836B, 0x0C35,
0x836E, 0x0C3D,
0x8370, 0x0C44,
0x8363, 0x0C4F,
0x8360, 0x0C4C,
0x835F, 0x0C55,
0x835C, 0x0C5C,
0x8361, 0x0C62,
0x8366, 0x0C67,
0x836C, 0x0C64,
0x836A, 0x0C5D,
0x8365, 0x0C57,
0x8363, 0x0C4F,
0x8370, 0x0C44,
0x8375, 0x0C45,
0x8376, 0x0C3D,
0x8375, 0x0C35,
0x8376, 0x0C2D,
0x8376, 0x0C25,
0x8377, 0x0C1D,
0x8372, 0x0C17,
0x837C, 0x0C07,
0x8385, 0x0C08,
0x838D, 0x0C09,
0x8393, 0x0C0E,
0x839B, 0x0C11,
0x83A2, 0x0C14,
0x83AA, 0x0C18,
0x83B1, 0x0C19,
0x83BA, 0x0C1B,
0x83C1, 0x0C1F,
0x83C8, 0x0C21,
0x83CF, 0x0C25,
0x83D8, 0x0C27,
0x83DF, 0x0C2B,
0x83E7, 0x0C2C,
0x83EE, 0x0C2F,
0x83F5, 0x0C32,
0x83FD, 0x0C37,
0x8404, 0x0C38,
0x840C, 0x0C3B,
0x8414, 0x0C3E,
0x841A, 0x0C43,
0x8423, 0x0C43,
0x842B, 0x0C43,
0x8432, 0x0C46,
0x8439, 0x0C49,
0x8441, 0x0C4D,
0x8449, 0x0C4F,
0x8451, 0x0C51,
0x8459, 0x0C53,
0x8460, 0x0C56,
0x8468, 0x0C56,
0x8470, 0x0C58,
0x8477, 0x0C5C,
0x847E, 0x0C61,
0x8486, 0x0C62,
0x848D, 0x0C66,
0x8495, 0x0C68,
0x849C, 0x0C6C,
0x84A4, 0x0C6E,
0x84AC, 0x0C6F,
0x84B2, 0x0C73,
0x84BA, 0x0C76,
0x84BE, 0x0C7D,
0x84B9, 0x0C83,
0x84B1, 0x0C84,
0x84A9, 0x0C88,
0x84A2, 0x0C88,
0x8499, 0x0C89,
0x8492, 0x0C85,
0x848B, 0x0C84,
0x8484, 0x0C89,
0x847D, 0x0C8D,
0x8475, 0x0C8F,
0x846D, 0x0C92,
0x8465, 0x0C94,
0x845E, 0x0C96,
0x8456, 0x0C99,
0x844E, 0x0C99,
0x8446, 0x0C9B,
0x843D, 0x0C9B,
0x8435, 0x0C9B,
0x842D, 0x0C9B,
0x8427, 0x0C9F,
0x841E, 0x0CA2,
0x8416, 0x0CA4,
0x840E, 0x0CA4,
0x8406, 0x0CA4,
0x83FD, 0x0CA4,
0x83F5, 0x0CA5,
0x83ED, 0x0CA7,
0x83E6, 0x0CA6,
0x83DD, 0x0CA6,
0x83D4, 0x0CA6,
0x83CC, 0x0CA6,
0x83C4, 0x0CA6,
0x83BC, 0x0CA6,
0x83B5, 0x0CAB,
0x83AE, 0x0CAE,
0x83A6, 0x0CB1,
0x839E, 0x0CB3,
0x8397, 0x0CB7,
0x838F, 0x0CB8,
0x8388, 0x0CBB,
0x8383, 0x0CC2,
0x837D, 0x0CC7,
0x8375, 0x0CCA,
0x836E, 0x0CCE,
0x8366, 0x0CCF,
0x835F, 0x0CD3,
0x8357, 0x0CD6,
0x8351, 0x0CD9,
0x8348, 0x0CDB,
0x8340, 0x0CDC,
0x8338, 0x0CDD,
0x8332, 0x0CE1,
0x8329, 0x0CE2,
0x8321, 0x0CE2,
0x831A, 0x0CE6,
0x8312, 0x0CE8,
0x8309, 0x0CE8,
0x8301, 0x0CE9,
0x82FA, 0x0CE7,
0x82F7, 0x0CDF,
0x82F7, 0x0CD7,
0x82F3, 0x0CCF,
0x82F3, 0x0CC7,
0x82F7, 0x0CC1,
0x82F5, 0x0CB9,
0x82F2, 0x0CB1,
0x82F2, 0x0CA9,
0x82F3, 0x0CA1,
0x82F7, 0x0C99,
0x82F7, 0x0C91,
0x82F7, 0x0C89,
0x82F7, 0x0C80,
0x82F7, 0x0C78,
0x82F9, 0x0C70,
0x82FC, 0x0C69,
0x82F7, 0x0C67,
0x82F3, 0x0C6E,
0x82ED, 0x0C74,
0x82E4, 0x0C68,
0x82E6, 0x0C60,
0x82E8, 0x0C58,
0x82E6, 0x0C50,
0x82DF, 0x0C4D,
0x82D6, 0x0C4D,
0x82CE, 0x0C4D,
0x82C6, 0x0C4C,
0x82BE, 0x0C4A,
0x82B6, 0x0C47,
0x82AF, 0x0C42,
0x82A8, 0x0C40,
0x82A0, 0x0C3F,
0x8298, 0x0C3B,
0x8290, 0x0C3A,
0x828A, 0x0C37,
0x8282, 0x0C3B,
0x827A, 0x0C3B,
0x8273, 0x0C3F,
0x826B, 0x0C40,
0x8267, 0x0C46,
0x8268, 0x0C4E,
0x826C, 0x0C55,
0x826C, 0x0C5E,
0x826C, 0x0C66,
0x826D, 0x0C6D,
0x8262, 0x0C70,
0x8261, 0x0C69,
0x825F, 0x0C61,
0x825A, 0x0C5C,
0x825A, 0x0C5C,
0x8259, 0x0C65,
0x8258, 0x0C6D,
0x8254, 0x0C73,
0x825A, 0x0C78,
0x8261, 0x0C78,
0x8262, 0x0C70,
0x826D, 0x0C6D,
0x8272, 0x0C75,
0x8276, 0x0C7B,
0x8277, 0x0C84,
0x8272, 0x0C89,
0x826B, 0x0C8D,
0x8262, 0x0C8C,
0x825A, 0x0C8D,
0x8252, 0x0C8D,
0x824A, 0x0C8D,
0x8242, 0x0C8B,
0x823E, 0x0C83,
0x823F, 0x0C7B,
0x8240, 0x0C73,
0x8242, 0x0C6B,
0x8246, 0x0C64,
0x824A, 0x0C5D,
0x824B, 0x0C54,
0x824B, 0x0C4C,
0x824C, 0x0C44,
0x8247, 0x0C3F,
0x823F, 0x0C40,
0x8237, 0x0C40,
0x822E, 0x0C40,
0x8226, 0x0C40,
0x8220, 0x0C45,
0x8218, 0x0C48,
0x8211, 0x0C4D,
0x820D, 0x0C53,
0x820B, 0x0C5B,
0x8206, 0x0C62,
0x8206, 0x0C6A,
0x8205, 0x0C73,
0x8206, 0x0C7A,
0x820B, 0x0C81,
0x8210, 0x0C87,
0x8217, 0x0C8C,
0x821E, 0x0C8F,
0x8225, 0x0C93,
0x822C, 0x0C97,
0x8225, 0x0CA0,
0x821E, 0x0CA0,
0x8217, 0x0C9E,
0x8210, 0x0C9A,
0x820A, 0x0C96,
0x8207, 0x0C96,
0x8203, 0x0C9D,
0x8204, 0x0CA5,
0x8206, 0x0CAC,
0x8206, 0x0CB4,
0x8203, 0x0CBB,
0x8204, 0x0CC1,
0x820A, 0x0CBE,
0x8210, 0x0CB8,
0x8216, 0x0CB5,
0x821C, 0x0CB0,
0x8221, 0x0CAB,
0x8228, 0x0CA7,
0x8225, 0x0CA0,
0x822C, 0x0C97,
0x8234, 0x0C98,
0x823B, 0x0C9C,
0x8242, 0x0C9E,
0x824A, 0x0CA2,
0x8252, 0x0CA2,
0x825A, 0x0CA3,
0x8263, 0x0CA3,
0x826B, 0x0CA3,
0x8273, 0x0CA3,
0x827B, 0x0CA0,
0x8283, 0x0C9F,
0x828B, 0x0C9F,
0x8293, 0x0C9F,
0x829C, 0x0C9F,
0x82A3, 0x0CA0,
0x82AB, 0x0CA1,
0x82B3, 0x0C9E,
0x82BB, 0x0C9F,
0x82C2, 0x0C9E,
0x82C9, 0x0C99,
0x82CF, 0x0C93,
0x82D2, 0x0C8B,
0x82D4, 0x0C83,
0x82D9, 0x0C7D,
0x82DA, 0x0C75,
0x82DE, 0x0C6E,
0x82E4, 0x0C68,
0x82ED, 0x0C74,
0x82E9, 0x0C7B,
0x82E8, 0x0C84,
0x82E9, 0x0C8C,
0x82E6, 0x0C93,
0x82E1, 0x0C9A,
0x82E1, 0x0CA3,
0x82DE, 0x0CAA,
0x82D8, 0x0CAF,
0x82D5, 0x0CB7,
0x82D4, 0x0CBF,
0x82D0, 0x0CC6,
0x82CB, 0x0CCD,
0x82CB, 0x0CD5,
0x82CA, 0x0CDD,
0x82CA, 0x0CE6,
0x82C8, 0x0CED,
0x82C9, 0x0CF5,
0x82C8, 0x0CFD,
0x82C3, 0x0D03,
0x82BB, 0x0D05,
0x82B5, 0x0D00,
0x82B0, 0x0CF9,
0x82AE, 0x0CF1,
0x82AE, 0x0CE9,
0x82AB, 0x0CE2,
0x82A6, 0x0CDB,
0x82A0, 0x0CD5,
0x829B, 0x0CCE,
0x8297, 0x0CC7,
0x82A4, 0x0CC0,
0x82A9, 0x0CC6,
0x82AD, 0x0CCC,
0x82B4, 0x0CD0,
0x82B9, 0x0CCB,
0x82BB, 0x0CC4,
0x82BC, 0x0CBC,
0x82BB, 0x0CB5,
0x82B6, 0x0CB3,
0x82AE, 0x0CB7,
0x82A7, 0x0CB5,
0x82A1, 0x0CBA,
0x82A4, 0x0CC0,
0x8297, 0x0CC7,
0x8291, 0x0CC2,
0x828B, 0x0CBB,
0x8284, 0x0CB8,
0x827C, 0x0CB8,
0x8273, 0x0CB8,
0x826B, 0x0CB8,
0x8263, 0x0CB8,
0x825A, 0x0CB8,
0x8252, 0x0CB8,
0x824A, 0x0CB8,
0x8241, 0x0CB8,
0x8239, 0x0CB7,
0x8232, 0x0CBA,
0x822A, 0x0CBE,
0x8225, 0x0CC3,
0x821D, 0x0CC7,
0x8218, 0x0CCE,
0x8214, 0x0CD5,
0x820E, 0x0CDA,
0x8209, 0x0CE0,
0x8200, 0x0CE2,
0x81F8, 0x0CE3,
0x81F3, 0x0CE0,
0x81F1, 0x0CD8,
0x81F1, 0x0CCF,
0x81F2, 0x0CC7,
0x81F1, 0x0CBF,
0x81F1, 0x0CB7,
0x81F2, 0x0CAF,
0x81F2, 0x0CA6,
0x81F2, 0x0C9E,
0x81F1, 0x0C96,
0x81F1, 0x0C8D,
0x81F2, 0x0C85,
0x81F1, 0x0C7E,
0x81EF, 0x0C76,
0x81ED, 0x0C6E,
0x81F0, 0x0C67,
0x81F2, 0x0C5F,
0x81F2, 0x0C56,
0x81F2, 0x0C4E,
0x81F2, 0x0C46,
0x81F2, 0x0C3D,
0x81F2, 0x0C35,
0x81F4, 0x0C2D,
0x81FF, 0x0C2B,
0x8203, 0x0C30,
0x8207, 0x0C36,
0x820E, 0x0C33,
0x8215, 0x0C31,
0x821C, 0x0C2D,
0x821E, 0x0C27,
0x8219, 0x0C22,
0x8213, 0x0C1D,
0x820C, 0x0C1A,
0x8207, 0x0C15,
0x8203, 0x0C14,
0x8201, 0x0C1C,
0x8200, 0x0C24,
0x81FF, 0x0C2B,
0x81F4, 0x0C2D,
0x81F3, 0x0C26,
0x81F2, 0x0C1D,
0x81F2, 0x0C15,
0x81F2, 0x0C0C,
0x81F2, 0x0C04,
0x81F2, 0x0BFC,
0x81F0, 0x0BF4,
0x81F1, 0x0BEB,
0x81F5, 0x0BE5,
0x81FB, 0x0BEA,
0x81FF, 0x0BF1,
0x8201, 0x0BF9,
0x8206, 0x0BFF,
0x820B, 0x0C06,
0x8210, 0x0C0C,
0x8217, 0x0C10,
0x821E, 0x0C14,
0x8224, 0x0C19,
0x822A, 0x0C1E,
0x8231, 0x0C23,
0x8239, 0x0C26,
0x8241, 0x0C27,
0x824A, 0x0C27,
0x8251, 0x0C24,
0x8254, 0x0C1D,
0x8255, 0x0C15,
0x8255, 0x0C0C,
0x8256, 0x0C05,
0x825D, 0x0C02,
0x8260, 0x0C0A,
0x8260, 0x0C12,
0x8260, 0x0C1A,
0x8260, 0x0C22,
0x8265, 0x0C29,
0x826D, 0x0C27,
0x8275, 0x0C27,
0x827E, 0x0C27,
0x8285, 0x0C24,
0x828C, 0x0C21,
0x8293, 0x0C1C,
0x8299, 0x0C18,
0x829F, 0x0C12,
0x82A4, 0x0C0B,
0x82A7, 0x0C04,
0x82AC, 0x0BFD,
0x82B1, 0x0BF6,
0x82B5, 0x0BF0,
0x82B7, 0x0BE8,
0x82BC, 0x0BE1,
0x82C4, 0x0BDE,
0x82CB, 0x0BE0,
0x82CD, 0x0BE7,
0x82CB, 0x0BEF,
0x82CC, 0x0BF7,
0x82D0, 0x0BFE,
0x82D2, 0x0C05,
0x82D6, 0x0C0D,
0x82D7, 0x0C15,
0x82DB, 0x0C1C,
0x82DF, 0x0C23,
0x82E1, 0x0C2B,
0x82D1, 0x0C30,
0x82CF, 0x0C29,
0x82CB, 0x0C22,
0x82C7, 0x0C1C,
0x82C3, 0x0C16,
0x82BF, 0x0C10,
0x82BA, 0x0C10,
0x82B4, 0x0C16,
0x82AF, 0x0C1C,
0x82AD, 0x0C23,
0x82AE, 0x0C2A,
0x82B5, 0x0C2E,
0x82BB, 0x0C30,
0x82C3, 0x0C34,
0x82C9, 0x0C37,
0x82D1, 0x0C37,
0x82D1, 0x0C30,
0x82E1, 0x0C2B,
0x82E6, 0x0C31,
0x82EA, 0x0C38,
0x82F0, 0x0C3F,
0x82F7, 0x0C41,
0x82F9, 0x0C39,
0x82FC, 0x0C32,
0x830C, 0x0C30,
0x830D, 0x0C39,
0x830C, 0x0C41,
0x830C, 0x0C4A,
0x830C, 0x0C52,
0x830C, 0x0C5B,
0x830D, 0x0C63,
0x830E, 0x0C6C,
0x830C, 0x0C74,
0x830C, 0x0C7D,
0x830C, 0x0C85,
0x830C, 0x0C8E,
0x830C, 0x0C97,
0x830C, 0x0C9F,
0x8308, 0x0CA6,
0x8307, 0x0CAF,
0x8306, 0x0CB7,
0x8308, 0x0CBF,
0x830C, 0x0CC7,
0x830D, 0x0CCF,
0x8315, 0x0CCF,
0x831D, 0x0CCD,
0x8326, 0x0CCD,
0x832E, 0x0CCB,
0x8335, 0x0CC8,
0x833E, 0x0CC6,
0x8346, 0x0CC6,
0x834E, 0x0CC2,
0x8355, 0x0CBE,
0x835D, 0x0CBB,
0x8365, 0x0CB7,
0x836D, 0x0CB6,
0x8375, 0x0CB2,
0x837A, 0x0CAC,
0x8381, 0x0CA7,
0x8389, 0x0CA8,
0x8391, 0x0CA4,
0x8399, 0x0CA1,
0x83A0, 0x0C9D,
0x83A9, 0x0C9C,
0x83B0, 0x0C97,
0x83B8, 0x0C95,
0x83C0, 0x0C93,
0x83C8, 0x0C93,
0x83D1, 0x0C93,
0x83DA, 0x0C93,
0x83E2, 0x0C93,
0x83EB, 0x0C93,
0x83F3, 0x0C91,
0x83FB, 0x0C90,
0x8404, 0x0C90,
0x840C, 0x0C90,
0x8415, 0x0C90,
0x841D, 0x0C8E,
0x8425, 0x0C8B,
0x842D, 0x0C88,
0x8435, 0x0C88,
0x843E, 0x0C87,
0x8446, 0x0C87,
0x844F, 0x0C85,
0x8457, 0x0C85,
0x845E, 0x0C82,
0x8467, 0x0C80,
0x846E, 0x0C7C,
0x8473, 0x0C76,
0x846E, 0x0C70,
0x8466, 0x0C6C,
0x845D, 0x0C6A,
0x8456, 0x0C67,
0x844D, 0x0C65,
0x8446, 0x0C63,
0x843D, 0x0C61,
0x8436, 0x0C5D,
0x842F, 0x0C58,
0x8427, 0x0C56,
0x841E, 0x0C57,
0x8416, 0x0C57,
0x840D, 0x0C56,
0x8405, 0x0C53,
0x83FE, 0x0C4F,
0x83F7, 0x0C4A,
0x83F0, 0x0C47,
0x83EA, 0x0C41,
0x83E1, 0x0C3F,
0x83D9, 0x0C3B,
0x83D2, 0x0C39,
0x83CA, 0x0C35,
0x83C1, 0x0C34,
0x83BA, 0x0C31,
0x83B1, 0x0C2F,
0x83A9, 0x0C2C,
0x83A1, 0x0C2A,
0x8399, 0x0C28,
0x8391, 0x0C26,
0x838A, 0x0C24,
0x838C, 0x0C2C,
0x8390, 0x0C34,
0x8392, 0x0C3B,
0x8396, 0x0C44,
0x839A, 0x0C4B,
0x839B, 0x0C53,
0x838C, 0x0C5B,
0x8388, 0x0C5A,
0x8386, 0x0C63,
0x838A, 0x0C68,
0x838E, 0x0C62,
0x838C, 0x0C5B,
0x839B, 0x0C53,
0x839F, 0x0C5A,
0x83A3, 0x0C62,
0x83A7, 0x0C6A,
0x83A8, 0x0C72,
0x83A5, 0x0C7A,
0x839D, 0x0C7D,
0x8395, 0x0C7D,
0x838D, 0x0C81,
0x8385, 0x0C81,
0x837D, 0x0C83,
0x8375, 0x0C82,
0x836C, 0x0C82,
0x8365, 0x0C7F,
0x835D, 0x0C7D,
0x8354, 0x0C7D,
0x834B, 0x0C7D,
0x8343, 0x0C7D,
0x833A, 0x0C7D,
0x8332, 0x0C7D,
0x832B, 0x0C78,
0x8323, 0x0C74,
0x8321, 0x0C6C,
0x8321, 0x0C63,
0x8324, 0x0C5C,
0x8327, 0x0C54,
0x8327, 0x0C4B,
0x8327, 0x0C43,
0x8327, 0x0C3A,
0x8327, 0x0C32,
0x8327, 0x0C29,
0x8327, 0x0C20,
0x8327, 0x0C18,
0x8327, 0x0C0F,
0x833A, 0x0C10,
0x833A, 0x0C18,
0x833A, 0x0C21,
0x833A, 0x0C2A,
0x833C, 0x0C32,
0x8340, 0x0C3A,
0x8345, 0x0C42,
0x834B, 0x0C3F,
0x834B, 0x0C36,
0x834B, 0x0C2D,
0x834B, 0x0C24,
0x834B, 0x0C1B,
0x834B, 0x0C12,
0x834A, 0x0C0A,
0x8341, 0x0C06,
0x833B, 0x0C06,
0x833A, 0x0C10,
0x8327, 0x0C0F,
0x8327, 0x0C07,
0x8325, 0x0BFF,
0x831F, 0x0BF9,
0x8318, 0x0BF4,
0x830F, 0x0BF4,
0x830E, 0x0BF4,
0x830C, 0x0BFD,
0x830C, 0x0C05,
0x830C, 0x0C0E,
0x830C, 0x0C16,
0x830C, 0x0C1F,
0x830C, 0x0C28,
0x830C, 0x0C30,
0x82FC, 0x0C32,
0x82F8, 0x0C2B,
0x82F7, 0x0C22,
0x82F7, 0x0C1A,
0x82F7, 0x0C12,
0x82F7, 0x0C09,
0x82F7, 0x0C01,
0x82F7, 0x0BF9,
0x82F7, 0x0BF0,
0x82F7, 0x0BE8,
0x82F9, 0x0BE0,
0x82FF, 0x0BDA,
0x8304, 0x0BD9,
0x0304, 0x0BD9,
0x0391, 0x0C60,
0x8391, 0x0C60,
0x8396, 0x0C64,
0x0391, 0x0C60,
0x0394, 0x0C5C,
0x8394, 0x0C5C,
0x8398, 0x0C60,
0x0394, 0x0C5C,
0x0396, 0x0C5C,
0x8396, 0x0C5C,
0x839A, 0x0C60,
0x0396, 0x0C5C,
0x0382, 0x0C3D,
0x8382, 0x0C3D,
0x8386, 0x0C41,
0x0382, 0x0C3D,
0x037D, 0x0C38,
0x837D, 0x0C38,
0x8381, 0x0C3D,
0x037D, 0x0C38,
0x0393, 0x0C68,
0x8393, 0x0C68,
0x8397, 0x0C6C,
0x0393, 0x0C68,
0x039B, 0x0C72,
0x839B, 0x0C72,
0x839F, 0x0C76,
0x039B, 0x0C72,
0x038F, 0x0C6C,
0x838F, 0x0C6C,
0x8393, 0x0C70,
0x038F, 0x0C6C,
0x037C, 0x0C4C,
0x837C, 0x0C4C,
0x8380, 0x0C50,
0x037C, 0x0C4C,
0x037B, 0x0C4A,
0x837B, 0x0C4A,
0x837F, 0x0C4E,
0x037B, 0x0C4A,
0x0370, 0x0C56,
0x8370, 0x0C56,
0x8374, 0x0C5A,
0x0370, 0x0C56,
0x0375, 0x0C68,
0x8375, 0x0C68,
0x8379, 0x0C6C,
0x0375, 0x0C68,
0x037F, 0x0C56,
0x837F, 0x0C56,
0x8383, 0x0C5A,
0x037F, 0x0C56,
0x0382, 0x0C77,
0x8382, 0x0C77,
0x8386, 0x0C7B,
0x0382, 0x0C77,
0x037B, 0x0C53,
0x837B, 0x0C53,
0x837F, 0x0C58,
0x037B, 0x0C53,
0x0378, 0x0C5B,
0x8378, 0x0C5B,
0x837C, 0x0C5F,
0x0378, 0x0C5B,
0x0374, 0x0C73,
0x8374, 0x0C73,
0x8378, 0x0C77,
0x0374, 0x0C73,
0x036C, 0x0C6E,
0x836C, 0x0C6E,
0x8370, 0x0C72,
0x036C, 0x0C6E,
0x036C, 0x0C75,
0x836C, 0x0C75,
0x8370, 0x0C79,
0x036C, 0x0C75,
0x036D, 0x0C73,
0x836D, 0x0C73,
0x8371, 0x0C77,
0x036D, 0x0C73,
0x0369, 0x0C53,
0x8369, 0x0C53,
0x836D, 0x0C57,
0x0369, 0x0C53,
0x035B, 0x0C41,
0x835B, 0x0C41,
0x835F, 0x0C45,
0x035B, 0x0C41,
0x0353, 0x0C30,
0x8353, 0x0C30,
0x8357, 0x0C34,
0x0353, 0x0C30,
0x0356, 0x0C3E,
0x8356, 0x0C3E,
0x835A, 0x0C42,
0x0356, 0x0C3E,
0x0352, 0x0C38,
0x8352, 0x0C38,
0x8356, 0x0C3C,
0x0352, 0x0C38,
0x0356, 0x0C43,
0x8356, 0x0C43,
0x835A, 0x0C48,
0x0356, 0x0C43,
0x0352, 0x0C3C,
0x8352, 0x0C3C,
0x8356, 0x0C40,
0x0352, 0x0C3C,
0x0355, 0x0C20,
0x8355, 0x0C20,
0x8359, 0x0C24,
0x0355, 0x0C20,
0x0354, 0x0C1E,
0x8354, 0x0C1E,
0x8358, 0x0C22,
0x0354, 0x0C1E,
0x0356, 0x0C14,
0x8356, 0x0C14,
0x835A, 0x0C18,
0x0356, 0x0C14,
0x0398, 0x0C1B,
0x8398, 0x0C1B,
0x839C, 0x0C1F,
0x0398, 0x0C1B,
0x0395, 0x0C1C,
0x8395, 0x0C1C,
0x8399, 0x0C20,
0x0395, 0x0C1C,
0x0394, 0x0C18,
0x8394, 0x0C18,
0x8398, 0x0C1C,
0x0394, 0x0C18,
0x037C, 0x0C24,
0x837C, 0x0C24,
0x8380, 0x0C28,
0x037C, 0x0C24,
0x038F, 0x0C15,
0x838F, 0x0C15,
0x8393, 0x0C19,
0x038F, 0x0C15,
0x037D, 0x0C1F,
0x837D, 0x0C1F,
0x8381, 0x0C23,
0x037D, 0x0C1F,
0x0382, 0x0C13,
0x8382, 0x0C13,
0x8386, 0x0C17,
0x0382, 0x0C13,
0x037C, 0x0C10,
0x837C, 0x0C10,
0x8380, 0x0C15,
0x037C, 0x0C10,
0x035B, 0x0C09,
0x835B, 0x0C09,
0x835F, 0x0C0D,
0x035B, 0x0C09,
0x036F, 0x0C06,
0x836F, 0x0C06,
0x8373, 0x0C0A,
0x036F, 0x0C06,
0x0366, 0x0C07,
0x8366, 0x0C07,
0x836A, 0x0C0B,
0x0366, 0x0C07,
0x034D, 0x0C07,
0x834D, 0x0C07,
0x8352, 0x0C0B,
0x034D, 0x0C07,
0x034F, 0x0C0A,
0x834F, 0x0C0A,
0x8353, 0x0C0E,
0x034F, 0x0C0A,
0x0352, 0x0C0B,
0x8352, 0x0C0B,
0x8356, 0x0C0F,
0x0352, 0x0C0B,
0x0352, 0x0C0A,
0x8352, 0x0C0A,
0x8356, 0x0C0E,
0x0352, 0x0C0A,
0x035C, 0x0BFF,
0x835C, 0x0BFF,
0x8361, 0x0C03,
0x035C, 0x0BFF,
0x034B, 0x0BFC,
0x834B, 0x0BFC,
0x834F, 0x0C00,
0x034B, 0x0BFC,
0x0334, 0x0BFB,
0x8334, 0x0BFB,
0x8338, 0x0BFF,
0x0334, 0x0BFB,
0x0338, 0x0BF9,
0x8338, 0x0BF9,
0x833C, 0x0BFD,
0x0338, 0x0BF9,
0x0331, 0x0C07,
0x8331, 0x0C07,
0x8335, 0x0C0B,
0x0331, 0x0C07,
0x0330, 0x0C18,
0x8330, 0x0C18,
0x8335, 0x0C1C,
0x0330, 0x0C18,
0x0331, 0x0C1B,
0x8331, 0x0C1B,
0x8335, 0x0C1F,
0x0331, 0x0C1B,
0x0337, 0x0BF7,
0x8337, 0x0BF7,
0x833B, 0x0BFB,
0x0337, 0x0BF7,
0x0335, 0x0BF5,
0x8335, 0x0BF5,
0x8339, 0x0BF9,
0x0335, 0x0BF5,
0x0340, 0x0BF4,
0x8340, 0x0BF4,
0x8344, 0x0BF8,
0x0340, 0x0BF4,
0x0340, 0x0BF5,
0x8340, 0x0BF5,
0x8344, 0x0BF9,
0x0340, 0x0BF5,
0x032C, 0x0BEC,
0x832C, 0x0BEC,
0x8330, 0x0BF0,
0x032C, 0x0BEC,
0x031B, 0x0BEE,
0x831B, 0x0BEE,
0x831F, 0x0BF2,
0x031B, 0x0BEE,
0x0321, 0x0BED,
0x8321, 0x0BED,
0x8325, 0x0BF1,
0x0321, 0x0BED,
0x031C, 0x0BEF,
0x831C, 0x0BEF,
0x8321, 0x0BF3,
0x031C, 0x0BEF,
0x0305, 0x0BE2,
0x8305, 0x0BE2,
0x8309, 0x0BE6,
0x0305, 0x0BE2,
0x0303, 0x0BEB,
0x8303, 0x0BEB,
0x8307, 0x0BEF,
0x0303, 0x0BEB,
0x02FB, 0x0BF4,
0x82FB, 0x0BF4,
0x82FF, 0x0BF8,
0x02FB, 0x0BF4,
0x0312, 0x0BEA,
0x8312, 0x0BEA,
0x8316, 0x0BEE,
0x0312, 0x0BEA,
0x0399, 0x0C1D,
0x8399, 0x0C1D,
0x839D, 0x0C21,
0x0399, 0x0C1D,
0x0395, 0x0C1E,
0x8395, 0x0C1E,
0x8399, 0x0C22,
0x0395, 0x0C1E,
0x039B, 0x0C20,
0x839B, 0x0C20,
0x839F, 0x0C24,
0x039B, 0x0C20,
0x0399, 0x0C22,
0x8399, 0x0C22,
0x839D, 0x0C26,
0x0399, 0x0C22,
0x03A6, 0x0C1D,
0x83A6, 0x0C1D,
0x83AA, 0x0C21,
0x03A6, 0x0C1D,
0x03B3, 0x0C29,
0x83B3, 0x0C29,
0x83B7, 0x0C2D,
0x03B3, 0x0C29,
0x03B9, 0x0C29,
0x83B9, 0x0C29,
0x83BD, 0x0C2D,
0x03B9, 0x0C29,
0x03C4, 0x0C29,
0x83C4, 0x0C29,
0x83C9, 0x0C2D,
0x03C4, 0x0C29,
0x03D5, 0x0C2B,
0x83D5, 0x0C2B,
0x83D9, 0x0C2F,
0x03D5, 0x0C2B,
0x03DB, 0x0C32,
0x83DB, 0x0C32,
0x83DF, 0x0C36,
0x03DB, 0x0C32,
0x03DE, 0x0C35,
0x83DE, 0x0C35,
0x83E2, 0x0C39,
0x03DE, 0x0C35,
0x03F1, 0x0C3B,
0x83F1, 0x0C3B,
0x83F5, 0x0C3F,
0x03F1, 0x0C3B,
0x03F2, 0x0C3D,
0x83F2, 0x0C3D,
0x83F6, 0x0C41,
0x03F2, 0x0C3D,
0x0406, 0x0C41,
0x8406, 0x0C41,
0x840A, 0x0C45,
0x0406, 0x0C41,
0x0413, 0x0C4C,
0x8413, 0x0C4C,
0x8417, 0x0C50,
0x0413, 0x0C4C,
0x0417, 0x0C4A,
0x8417, 0x0C4A,
0x841B, 0x0C4E,
0x0417, 0x0C4A,
0x0426, 0x0C4E,
0x8426, 0x0C4E,
0x842A, 0x0C52,
0x0426, 0x0C4E,
0x0429, 0x0C50,
0x8429, 0x0C50,
0x842D, 0x0C55,
0x0429, 0x0C50,
0x042F, 0x0C4A,
0x842F, 0x0C4A,
0x8433, 0x0C4F,
0x042F, 0x0C4A,
0x042A, 0x0C5A,
0x842A, 0x0C5A,
0x842E, 0x0C5E,
0x042A, 0x0C5A,
0x0440, 0x0C51,
0x8440, 0x0C51,
0x8444, 0x0C55,
0x0440, 0x0C51,
0x0442, 0x0C51,
0x8442, 0x0C51,
0x8447, 0x0C55,
0x0442, 0x0C51,
0x0445, 0x0C5C,
0x8445, 0x0C5C,
0x8449, 0x0C60,
0x0445, 0x0C5C,
0x0447, 0x0C54,
0x8447, 0x0C54,
0x844B, 0x0C58,
0x0447, 0x0C54,
0x0446, 0x0C5B,
0x8446, 0x0C5B,
0x844A, 0x0C5F,
0x0446, 0x0C5B,
0x0472, 0x0C5F,
0x8472, 0x0C5F,
0x8476, 0x0C63,
0x0472, 0x0C5F,
0x0465, 0x0C59,
0x8465, 0x0C59,
0x8469, 0x0C5D,
0x0465, 0x0C59,
0x0468, 0x0C5C,
0x8468, 0x0C5C,
0x846C, 0x0C60,
0x0468, 0x0C5C,
0x0457, 0x0C5E,
0x8457, 0x0C5E,
0x845C, 0x0C62,
0x0457, 0x0C5E,
0x0458, 0x0C61,
0x8458, 0x0C61,
0x845C, 0x0C65,
0x0458, 0x0C61,
0x0455, 0x0C57,
0x8455, 0x0C57,
0x8459, 0x0C5B,
0x0455, 0x0C57,
0x047A, 0x0C68,
0x847A, 0x0C68,
0x847E, 0x0C6C,
0x047A, 0x0C68,
0x0473, 0x0C6C,
0x8473, 0x0C6C,
0x8477, 0x0C70,
0x0473, 0x0C6C,
0x047C, 0x0C67,
0x847C, 0x0C67,
0x8480, 0x0C6B,
0x047C, 0x0C67,
0x0482, 0x0C67,
0x8482, 0x0C67,
0x8486, 0x0C6C,
0x0482, 0x0C67,
0x0488, 0x0C6B,
0x8488, 0x0C6B,
0x848C, 0x0C6F,
0x0488, 0x0C6B,
0x047F, 0x0C69,
0x847F, 0x0C69,
0x8483, 0x0C6D,
0x047F, 0x0C69,
0x0482, 0x0C69,
0x8482, 0x0C69,
0x8486, 0x0C6D,
0x0482, 0x0C69,
0x0489, 0x0C6E,
0x8489, 0x0C6E,
0x848D, 0x0C72,
0x0489, 0x0C6E,
0x048F, 0x0C74,
0x848F, 0x0C74,
0x8493, 0x0C79,
0x048F, 0x0C74,
0x048F, 0x0C7C,
0x848F, 0x0C7C,
0x8493, 0x0C80,
0x048F, 0x0C7C,
0x04A0, 0x0C71,
0x84A0, 0x0C71,
0x84A4, 0x0C75,
0x04A0, 0x0C71,
0x0486, 0x0C7C,
0x8486, 0x0C7C,
0x848A, 0x0C80,
0x0486, 0x0C7C,
0x0488, 0x0C77,
0x8488, 0x0C77,
0x848C, 0x0C7B,
0x0488, 0x0C77,
0x04A7, 0x0C74,
0x84A7, 0x0C74,
0x84AC, 0x0C78,
0x04A7, 0x0C74,
0x048E, 0x0C7A,
0x848E, 0x0C7A,
0x8492, 0x0C7E,
0x048E, 0x0C7A,
0x0492, 0x0C7B,
0x8492, 0x0C7B,
0x8496, 0x0C7F,
0x0492, 0x0C7B,
0x049B, 0x0C78,
0x849B, 0x0C78,
0x849F, 0x0C7C,
0x049B, 0x0C78,
0x0474, 0x0C80,
0x8474, 0x0C80,
0x8479, 0x0C84,
0x0474, 0x0C80,
0x0473, 0x0C7E,
0x8473, 0x0C7E,
0x8477, 0x0C83,
0x0473, 0x0C7E,
0x0475, 0x0C81,
0x8475, 0x0C81,
0x8479, 0x0C85,
0x0475, 0x0C81,
0x0464, 0x0C84,
0x8464, 0x0C84,
0x8468, 0x0C88,
0x0464, 0x0C84,
0x0470, 0x0C86,
0x8470, 0x0C86,
0x8474, 0x0C8A,
0x0470, 0x0C86,
0x0469, 0x0C84,
0x8469, 0x0C84,
0x846D, 0x0C88,
0x0469, 0x0C84,
0x0470, 0x0C82,
0x8470, 0x0C82,
0x8475, 0x0C86,
0x0470, 0x0C82,
0x046D, 0x0C86,
0x846D, 0x0C86,
0x8471, 0x0C8A,
0x046D, 0x0C86,
0x045D, 0x0C8A,
0x845D, 0x0C8A,
0x8461, 0x0C8E,
0x045D, 0x0C8A,
0x0459, 0x0C8B,
0x8459, 0x0C8B,
0x845D, 0x0C8F,
0x0459, 0x0C8B,
0x0451, 0x0C8A,
0x8451, 0x0C8A,
0x8455, 0x0C8E,
0x0451, 0x0C8A,
0x0453, 0x0C8A,
0x8453, 0x0C8A,
0x8457, 0x0C8E,
0x0453, 0x0C8A,
0x0452, 0x0C8E,
0x8452, 0x0C8E,
0x8457, 0x0C92,
0x0452, 0x0C8E,
0x0439, 0x0C8C,
0x8439, 0x0C8C,
0x843D, 0x0C90,
0x0439, 0x0C8C,
0x0417, 0x0C97,
0x8417, 0x0C97,
0x841B, 0x0C9C,
0x0417, 0x0C97,
0x0416, 0x0C95,
0x8416, 0x0C95,
0x841B, 0x0C99,
0x0416, 0x0C95,
0x0415, 0x0C96,
0x8415, 0x0C96,
0x8419, 0x0C9A,
0x0415, 0x0C96,
0x040D, 0x0C97,
0x840D, 0x0C97,
0x8411, 0x0C9B,
0x040D, 0x0C97,
0x03FC, 0x0C96,
0x83FC, 0x0C96,
0x8401, 0x0C9A,
0x03FC, 0x0C96,
0x03F5, 0x0C95,
0x83F5, 0x0C95,
0x83F9, 0x0C99,
0x03F5, 0x0C95,
0x03FD, 0x0C94,
0x83FD, 0x0C94,
0x8401, 0x0C98,
0x03FD, 0x0C94,
0x03E9, 0x0C9A,
0x83E9, 0x0C9A,
0x83ED, 0x0C9E,
0x03E9, 0x0C9A,
0x03E4, 0x0C9A,
0x83E4, 0x0C9A,
0x83E8, 0x0C9E,
0x03E4, 0x0C9A,
0x03DC, 0x0C97,
0x83DC, 0x0C97,
0x83E0, 0x0C9B,
0x03DC, 0x0C97,
0x03BB, 0x0C9E,
0x83BB, 0x0C9E,
0x83BF, 0x0CA2,
0x03BB, 0x0C9E,
0x03BF, 0x0C9A,
0x83BF, 0x0C9A,
0x83C3, 0x0C9E,
0x03BF, 0x0C9A,
0x03B6, 0x0C9A,
0x83B6, 0x0C9A,
0x83BA, 0x0C9E,
0x03B6, 0x0C9A,
0x03C1, 0x0C9E,
0x83C1, 0x0C9E,
0x83C5, 0x0CA2,
0x03C1, 0x0C9E,
0x037C, 0x0CB5,
0x837C, 0x0CB5,
0x8380, 0x0CBA,
0x037C, 0x0CB5,
0x038C, 0x0CAF,
0x838C, 0x0CAF,
0x8390, 0x0CB3,
0x038C, 0x0CAF,
0x037D, 0x0CB0,
0x837D, 0x0CB0,
0x8381, 0x0CB4,
0x037D, 0x0CB0,
0x0380, 0x0CAE,
0x8380, 0x0CAE,
0x8384, 0x0CB2,
0x0380, 0x0CAE,
0x03A5, 0x0CA6,
0x83A5, 0x0CA6,
0x83A9, 0x0CAA,
0x03A5, 0x0CA6,
0x03A7, 0x0CA1,
0x83A7, 0x0CA1,
0x83AB, 0x0CA5,
0x03A7, 0x0CA1,
0x0353, 0x0CC4,
0x8353, 0x0CC4,
0x8357, 0x0CC8,
0x0353, 0x0CC4,
0x0369, 0x0CBC,
0x8369, 0x0CBC,
0x836E, 0x0CC0,
0x0369, 0x0CBC,
0x037A, 0x0CBC,
0x837A, 0x0CBC,
0x837E, 0x0CC0,
0x037A, 0x0CBC,
0x0315, 0x0CD4,
0x8315, 0x0CD4,
0x8319, 0x0CD9,
0x0315, 0x0CD4,
0x0311, 0x0CD4,
0x8311, 0x0CD4,
0x8315, 0x0CD9,
0x0311, 0x0CD4,
0x0321, 0x0CDA,
0x8321, 0x0CDA,
0x8325, 0x0CDE,
0x0321, 0x0CDA,
0x0322, 0x0CDA,
0x8322, 0x0CDA,
0x8326, 0x0CDF,
0x0322, 0x0CDA,
0x032D, 0x0CD8,
0x832D, 0x0CD8,
0x8331, 0x0CDC,
0x032D, 0x0CD8,
0x0335, 0x0CD5,
0x8335, 0x0CD5,
0x8339, 0x0CD9,
0x0335, 0x0CD5,
0x0335, 0x0CD2,
0x8335, 0x0CD2,
0x8339, 0x0CD6,
0x0335, 0x0CD2,
0x0337, 0x0CD4,
0x8337, 0x0CD4,
0x833B, 0x0CD8,
0x0337, 0x0CD4,
0x0347, 0x0CCD,
0x8347, 0x0CCD,
0x834B, 0x0CD1,
0x0347, 0x0CCD,
0x0351, 0x0CCD,
0x8351, 0x0CCD,
0x8356, 0x0CD2,
0x0351, 0x0CCD,
0x0355, 0x0CCA,
0x8355, 0x0CCA,
0x8359, 0x0CCE,
0x0355, 0x0CCA,
0x0352, 0x0CC8,
0x8352, 0x0CC8,
0x8357, 0x0CCC,
0x0352, 0x0CC8,
0x034B, 0x0C47,
0x834B, 0x0C47,
0x834F, 0x0C4B,
0x034B, 0x0C47,
0x0351, 0x0C55,
0x8351, 0x0C55,
0x8355, 0x0C59,
0x0351, 0x0C55,
0x0353, 0x0C57,
0x8353, 0x0C57,
0x8357, 0x0C5B,
0x0353, 0x0C57,
0x0348, 0x0C4C,
0x8348, 0x0C4C,
0x834C, 0x0C50,
0x0348, 0x0C4C,
0x034D, 0x0C4E,
0x834D, 0x0C4E,
0x8351, 0x0C52,
0x034D, 0x0C4E,
0x032D, 0x0C28,
0x832D, 0x0C28,
0x8331, 0x0C2C,
0x032D, 0x0C28,
0x0339, 0x0C54,
0x8339, 0x0C54,
0x833E, 0x0C58,
0x0339, 0x0C54,
0x0347, 0x0C65,
0x8347, 0x0C65,
0x834B, 0x0C69,
0x0347, 0x0C65,
0x032F, 0x0C45,
0x832F, 0x0C45,
0x8333, 0x0C49,
0x032F, 0x0C45,
0x032A, 0x0C6F,
0x832A, 0x0C6F,
0x832E, 0x0C73,
0x032A, 0x0C6F,
0x0325, 0x0C68,
0x8325, 0x0C68,
0x8329, 0x0C6C,
0x0325, 0x0C68,
0x0333, 0x0C6F,
0x8333, 0x0C6F,
0x8337, 0x0C73,
0x0333, 0x0C6F,
0x0333, 0x0C59,
0x8333, 0x0C59,
0x8337, 0x0C5D,
0x0333, 0x0C59,
0x02FC, 0x0C9C,
0x82FC, 0x0C9C,
0x8300, 0x0CA0,
0x02FC, 0x0C9C,
0x0301, 0x0C27,
0x8301, 0x0C27,
0x8305, 0x0C2B,
0x0301, 0x0C27,
0x02FD, 0x0C28,
0x82FD, 0x0C28,
0x8302, 0x0C2C,
0x02FD, 0x0C28,
0x02FE, 0x0C77,
0x82FE, 0x0C77,
0x8302, 0x0C7B,
0x02FE, 0x0C77,
0x0300, 0x0C66,
0x8300, 0x0C66,
0x8304, 0x0C6A,
0x0300, 0x0C66,
0x02F4, 0x0C5A,
0x82F4, 0x0C5A,
0x82F8, 0x0C5E,
0x02F4, 0x0C5A,
0x02EF, 0x0C5B,
0x82EF, 0x0C5B,
0x82F3, 0x0C5F,
0x02EF, 0x0C5B,
0x02F0, 0x0C5B,
0x82F0, 0x0C5B,
0x82F4, 0x0C5F,
0x02F0, 0x0C5B,
0x02F6, 0x0C4E,
0x82F6, 0x0C4E,
0x82FA, 0x0C52,
0x02F6, 0x0C4E,
0x0304, 0x0C42,
0x8304, 0x0C42,
0x8308, 0x0C46,
0x0304, 0x0C42,
0x02F0, 0x0C4E,
0x82F0, 0x0C4E,
0x82F5, 0x0C52,
0x02F0, 0x0C4E,
0x02F1, 0x0C55,
0x82F1, 0x0C55,
0x82F5, 0x0C59,
0x02F1, 0x0C55,
0x02FE, 0x0C3C,
0x82FE, 0x0C3C,
0x8302, 0x0C40,
0x02FE, 0x0C3C,
0x02FF, 0x0C42,
0x82FF, 0x0C42,
0x8303, 0x0C46,
0x02FF, 0x0C42,
0x02FE, 0x0CB0,
0x82FE, 0x0CB0,
0x8302, 0x0CB4,
0x02FE, 0x0CB0,
0x02FD, 0x0CB1,
0x82FD, 0x0CB1,
0x8301, 0x0CB5,
0x02FD, 0x0CB1,
0x02FC, 0x0CB5,
0x82FC, 0x0CB5,
0x8300, 0x0CB9,
0x02FC, 0x0CB5,
0x02FD, 0x0CD1,
0x82FD, 0x0CD1,
0x8301, 0x0CD5,
0x02FD, 0x0CD1,
0x02F9, 0x0CB8,
0x82F9, 0x0CB8,
0x82FD, 0x0CBC,
0x02F9, 0x0CB8,
0x02F8, 0x0CD1,
0x82F8, 0x0CD1,
0x82FC, 0x0CD5,
0x02F8, 0x0CD1,
0x02F7, 0x0CAC,
0x82F7, 0x0CAC,
0x82FB, 0x0CB0,
0x02F7, 0x0CAC,
0x02ED, 0x0C46,
0x82ED, 0x0C46,
0x82F1, 0x0C4A,
0x02ED, 0x0C46,
0x02DB, 0x0C37,
0x82DB, 0x0C37,
0x82DF, 0x0C3B,
0x02DB, 0x0C37,
0x02DD, 0x0C37,
0x82DD, 0x0C37,
0x82E2, 0x0C3C,
0x02DD, 0x0C37,
0x02DE, 0x0C38,
0x82DE, 0x0C38,
0x82E2, 0x0C3C,
0x02DE, 0x0C38,
0x02DF, 0x0C32,
0x82DF, 0x0C32,
0x82E3, 0x0C36,
0x02DF, 0x0C32,
0x02D0, 0x0C1F,
0x82D0, 0x0C1F,
0x82D4, 0x0C24,
0x02D0, 0x0C1F,
0x02D5, 0x0C1B,
0x82D5, 0x0C1B,
0x82DA, 0x0C20,
0x02D5, 0x0C1B,
0x02E8, 0x0C6B,
0x82E8, 0x0C6B,
0x82EC, 0x0C6F,
0x02E8, 0x0C6B,
0x02E8, 0x0C6A,
0x82E8, 0x0C6A,
0x82EC, 0x0C6E,
0x02E8, 0x0C6A,
0x02CE, 0x0C45,
0x82CE, 0x0C45,
0x82D2, 0x0C49,
0x02CE, 0x0C45,
0x02C5, 0x0C39,
0x82C5, 0x0C39,
0x82C9, 0x0C3D,
0x02C5, 0x0C39,
0x02D2, 0x0C41,
0x82D2, 0x0C41,
0x82D6, 0x0C45,
0x02D2, 0x0C41,
0x02BC, 0x0BEB,
0x82BC, 0x0BEB,
0x82C0, 0x0BEF,
0x02BC, 0x0BEB,
0x02BF, 0x0BE7,
0x82BF, 0x0BE7,
0x82C3, 0x0BEB,
0x02BF, 0x0BE7,
0x02BC, 0x0BED,
0x82BC, 0x0BED,
0x82C0, 0x0BF1,
0x02BC, 0x0BED,
0x02BD, 0x0BF6,
0x82BD, 0x0BF6,
0x82C1, 0x0BFA,
0x02BD, 0x0BF6,
0x02AF, 0x0C05,
0x82AF, 0x0C05,
0x82B3, 0x0C09,
0x02AF, 0x0C05,
0x02B2, 0x0C09,
0x82B2, 0x0C09,
0x82B6, 0x0C0D,
0x02B2, 0x0C09,
0x02B0, 0x0C0B,
0x82B0, 0x0C0B,
0x82B4, 0x0C0F,
0x02B0, 0x0C0B,
0x02AD, 0x0C0B,
0x82AD, 0x0C0B,
0x82B1, 0x0C0F,
0x02AD, 0x0C0B,
0x02AC, 0x0C0F,
0x82AC, 0x0C0F,
0x82B0, 0x0C13,
0x02AC, 0x0C0F,
0x02AF, 0x0C36,
0x82AF, 0x0C36,
0x82B3, 0x0C3A,
0x02AF, 0x0C36,
0x02B5, 0x0C27,
0x82B5, 0x0C27,
0x82B9, 0x0C2B,
0x02B5, 0x0C27,
0x02BA, 0x0C3E,
0x82BA, 0x0C3E,
0x82BE, 0x0C42,
0x02BA, 0x0C3E,
0x02BF, 0x0C08,
0x82BF, 0x0C08,
0x82C4, 0x0C0C,
0x02BF, 0x0C08,
0x02C4, 0x0C06,
0x82C4, 0x0C06,
0x82C8, 0x0C0A,
0x02C4, 0x0C06,
0x0279, 0x0C33,
0x8279, 0x0C33,
0x827D, 0x0C37,
0x0279, 0x0C33,
0x028B, 0x0C27,
0x828B, 0x0C27,
0x828F, 0x0C2B,
0x028B, 0x0C27,
0x0291, 0x0C32,
0x8291, 0x0C32,
0x8296, 0x0C36,
0x0291, 0x0C32,
0x0291, 0x0C33,
0x8291, 0x0C33,
0x8295, 0x0C37,
0x0291, 0x0C33,
0x0296, 0x0C25,
0x8296, 0x0C25,
0x829A, 0x0C29,
0x0296, 0x0C25,
0x029A, 0x0C23,
0x829A, 0x0C23,
0x829F, 0x0C27,
0x029A, 0x0C23,
0x0297, 0x0C29,
0x8297, 0x0C29,
0x829B, 0x0C2D,
0x0297, 0x0C29,
0x0299, 0x0C32,
0x8299, 0x0C32,
0x829E, 0x0C37,
0x0299, 0x0C32,
0x02A6, 0x0C2C,
0x82A6, 0x0C2C,
0x82AA, 0x0C31,
0x02A6, 0x0C2C,
0x029E, 0x0C2D,
0x829E, 0x0C2D,
0x82A3, 0x0C31,
0x029E, 0x0C2D,
0x02A6, 0x0C2B,
0x82A6, 0x0C2B,
0x82AA, 0x0C2F,
0x02A6, 0x0C2B,
0x026E, 0x0C36,
0x826E, 0x0C36,
0x8272, 0x0C3B,
0x026E, 0x0C36,
0x026A, 0x0C36,
0x826A, 0x0C36,
0x826E, 0x0C3A,
0x026A, 0x0C36,
0x026D, 0x0C34,
0x826D, 0x0C34,
0x8271, 0x0C39,
0x026D, 0x0C34,
0x026A, 0x0C2C,
0x826A, 0x0C2C,
0x826F, 0x0C30,
0x026A, 0x0C2C,
0x0261, 0x0C55,
0x8261, 0x0C55,
0x8265, 0x0C59,
0x0261, 0x0C55,
0x0260, 0x0C2D,
0x8260, 0x0C2D,
0x8264, 0x0C31,
0x0260, 0x0C2D,
0x0260, 0x0C2C,
0x8260, 0x0C2C,
0x8264, 0x0C30,
0x0260, 0x0C2C,
0x025E, 0x0C2D,
0x825E, 0x0C2D,
0x8262, 0x0C31,
0x025E, 0x0C2D,
0x025C, 0x0C2C,
0x825C, 0x0C2C,
0x8260, 0x0C30,
0x025C, 0x0C2C,
0x0267, 0x0C7C,
0x8267, 0x0C7C,
0x826B, 0x0C80,
0x0267, 0x0C7C,
0x026A, 0x0C7A,
0x826A, 0x0C7A,
0x826E, 0x0C7E,
0x026A, 0x0C7A,
0x024F, 0x0C57,
0x824F, 0x0C57,
0x8253, 0x0C5B,
0x024F, 0x0C57,
0x0255, 0x0C54,
0x8255, 0x0C54,
0x825A, 0x0C58,
0x0255, 0x0C54,
0x024F, 0x0C59,
0x824F, 0x0C59,
0x8253, 0x0C5D,
0x024F, 0x0C59,
0x0255, 0x0C3E,
0x8255, 0x0C3E,
0x825A, 0x0C42,
0x0255, 0x0C3E,
0x025F, 0x0C83,
0x825F, 0x0C83,
0x8263, 0x0C87,
0x025F, 0x0C83,
0x0259, 0x0C7F,
0x8259, 0x0C7F,
0x825D, 0x0C83,
0x0259, 0x0C7F,
0x0251, 0x0C62,
0x8251, 0x0C62,
0x8255, 0x0C66,
0x0251, 0x0C62,
0x024E, 0x0C79,
0x824E, 0x0C79,
0x8252, 0x0C7D,
0x024E, 0x0C79,
0x0248, 0x0C78,
0x8248, 0x0C78,
0x824C, 0x0C7C,
0x0248, 0x0C78,
0x0243, 0x0C80,
0x8243, 0x0C80,
0x8247, 0x0C84,
0x0243, 0x0C80,
0x024F, 0x0C2D,
0x824F, 0x0C2D,
0x8253, 0x0C31,
0x024F, 0x0C2D,
0x024D, 0x0C2A,
0x824D, 0x0C2A,
0x8251, 0x0C2E,
0x024D, 0x0C2A,
0x0249, 0x0C35,
0x8249, 0x0C35,
0x824D, 0x0C3A,
0x0249, 0x0C35,
0x0249, 0x0C30,
0x8249, 0x0C30,
0x824D, 0x0C34,
0x0249, 0x0C30,
0x0242, 0x0C33,
0x8242, 0x0C33,
0x8246, 0x0C37,
0x0242, 0x0C33,
0x0242, 0x0C2C,
0x8242, 0x0C2C,
0x8246, 0x0C30,
0x0242, 0x0C2C,
0x023C, 0x0C2B,
0x823C, 0x0C2B,
0x8240, 0x0C2F,
0x023C, 0x0C2B,
0x023D, 0x0C2E,
0x823D, 0x0C2E,
0x8241, 0x0C33,
0x023D, 0x0C2E,
0x0238, 0x0C36,
0x8238, 0x0C36,
0x823C, 0x0C3A,
0x0238, 0x0C36,
0x022E, 0x0C30,
0x822E, 0x0C30,
0x8232, 0x0C34,
0x022E, 0x0C30,
0x022D, 0x0C31,
0x822D, 0x0C31,
0x8232, 0x0C35,
0x022D, 0x0C31,
0x0229, 0x0C36,
0x8229, 0x0C36,
0x822D, 0x0C3A,
0x0229, 0x0C36,
0x0220, 0x0C30,
0x8220, 0x0C30,
0x8224, 0x0C34,
0x0220, 0x0C30,
0x022C, 0x0C26,
0x822C, 0x0C26,
0x8230, 0x0C2A,
0x022C, 0x0C26,
0x0228, 0x0C2B,
0x8228, 0x0C2B,
0x822C, 0x0C2F,
0x0228, 0x0C2B,
0x021F, 0x0C32,
0x821F, 0x0C32,
0x8223, 0x0C36,
0x021F, 0x0C32,
0x021B, 0x0C38,
0x821B, 0x0C38,
0x821F, 0x0C3C,
0x021B, 0x0C38,
0x0221, 0x0C34,
0x8221, 0x0C34,
0x8225, 0x0C38,
0x0221, 0x0C34,
0x0212, 0x0C3B,
0x8212, 0x0C3B,
0x8216, 0x0C3F,
0x0212, 0x0C3B,
0x021E, 0x0C1D,
0x821E, 0x0C1D,
0x8222, 0x0C21,
0x021E, 0x0C1D,
0x021C, 0x0C1C,
0x821C, 0x0C1C,
0x8220, 0x0C20,
0x021C, 0x0C1C,
0x021B, 0x0C19,
0x821B, 0x0C19,
0x821F, 0x0C1D,
0x021B, 0x0C19,
0x021D, 0x0C19,
0x821D, 0x0C19,
0x8221, 0x0C1D,
0x021D, 0x0C19,
0x020C, 0x0C11,
0x820C, 0x0C11,
0x8210, 0x0C15,
0x020C, 0x0C11,
0x0200, 0x0C0B,
0x8200, 0x0C0B,
0x8204, 0x0C0F,
0x0200, 0x0C0B,
0x0202, 0x0C09,
0x8202, 0x0C09,
0x8206, 0x0C0D,
0x0202, 0x0C09,
0x020B, 0x0C10,
0x820B, 0x0C10,
0x820F, 0x0C14,
0x020B, 0x0C10,
0x0203, 0x0C3B,
0x8203, 0x0C3B,
0x8208, 0x0C3F,
0x0203, 0x0C3B,
0x0202, 0x0C39,
0x8202, 0x0C39,
0x8206, 0x0C3D,
0x0202, 0x0C39,
0x01F7, 0x0C43,
0x81F7, 0x0C43,
0x81FB, 0x0C47,
0x01F7, 0x0C43,
0x01FA, 0x0C3F,
0x81FA, 0x0C3F,
0x81FE, 0x0C43,
0x01FA, 0x0C3F,
0x01F6, 0x0C42,
0x81F6, 0x0C42,
0x81FA, 0x0C46,
0x01F6, 0x0C42,
0x01F7, 0x0C37,
0x81F7, 0x0C37,
0x81FB, 0x0C3B,
0x01F7, 0x0C37,
0x01F7, 0x0C24,
0x81F7, 0x0C24,
0x81FB, 0x0C28,
0x01F7, 0x0C24,
0x01F6, 0x0C1C,
0x81F6, 0x0C1C,
0x81FB, 0x0C20,
0x01F6, 0x0C1C,
0x01F6, 0x0C18,
0x81F6, 0x0C18,
0x81FA, 0x0C1C,
0x01F6, 0x0C18,
0x01FE, 0x0C4D,
0x81FE, 0x0C4D,
0x8202, 0x0C51,
0x01FE, 0x0C4D,
0x0205, 0x0C4D,
0x8205, 0x0C4D,
0x8209, 0x0C51,
0x0205, 0x0C4D,
0x01FB, 0x0C6B,
0x81FB, 0x0C6B,
0x81FF, 0x0C6F,
0x01FB, 0x0C6B,
0x0206, 0x0C85,
0x8206, 0x0C85,
0x820A, 0x0C89,
0x0206, 0x0C85,
0x0205, 0x0C81,
0x8205, 0x0C81,
0x820A, 0x0C85,
0x0205, 0x0C81,
0x021C, 0x0C98,
0x821C, 0x0C98,
0x8220, 0x0C9C,
0x021C, 0x0C98,
0x021C, 0x0C97,
0x821C, 0x0C97,
0x8220, 0x0C9B,
0x021C, 0x0C97,
0x021A, 0x0C95,
0x821A, 0x0C95,
0x821E, 0x0C99,
0x021A, 0x0C95,
0x0214, 0x0C92,
0x8214, 0x0C92,
0x8218, 0x0C96,
0x0214, 0x0C92,
0x0211, 0x0C93,
0x8211, 0x0C93,
0x8216, 0x0C97,
0x0211, 0x0C93,
0x0210, 0x0C97,
0x8210, 0x0C97,
0x8214, 0x0C9B,
0x0210, 0x0C97,
0x0208, 0x0C83,
0x8208, 0x0C83,
0x820C, 0x0C87,
0x0208, 0x0C83,
0x020E, 0x0C90,
0x820E, 0x0C90,
0x8212, 0x0C94,
0x020E, 0x0C90,
0x022F, 0x0CAC,
0x822F, 0x0CAC,
0x8233, 0x0CB1,
0x022F, 0x0CAC,
0x022C, 0x0CA5,
0x822C, 0x0CA5,
0x8230, 0x0CA9,
0x022C, 0x0CA5,
0x022F, 0x0CA9,
0x822F, 0x0CA9,
0x8233, 0x0CAD,
0x022F, 0x0CA9,
0x0237, 0x0CA4,
0x8237, 0x0CA4,
0x823B, 0x0CA8,
0x0237, 0x0CA4,
0x0243, 0x0CAA,
0x8243, 0x0CAA,
0x8247, 0x0CAE,
0x0243, 0x0CAA,
0x0243, 0x0CAC,
0x8243, 0x0CAC,
0x8248, 0x0CB1,
0x0243, 0x0CAC,
0x0240, 0x0CB1,
0x8240, 0x0CB1,
0x8244, 0x0CB5,
0x0240, 0x0CB1,
0x022C, 0x0CB1,
0x822C, 0x0CB1,
0x8230, 0x0CB5,
0x022C, 0x0CB1,
0x0227, 0x0CB4,
0x8227, 0x0CB4,
0x822B, 0x0CB8,
0x0227, 0x0CB4,
0x0224, 0x0CB2,
0x8224, 0x0CB2,
0x8229, 0x0CB6,
0x0224, 0x0CB2,
0x0227, 0x0CB2,
0x8227, 0x0CB2,
0x822B, 0x0CB6,
0x0227, 0x0CB2,
0x01FC, 0x0CB4,
0x81FC, 0x0CB4,
0x8200, 0x0CB8,
0x01FC, 0x0CB4,
0x01F8, 0x0C6F,
0x81F8, 0x0C6F,
0x81FC, 0x0C73,
0x01F8, 0x0C6F,
0x027E, 0x0CA8,
0x827E, 0x0CA8,
0x8283, 0x0CAC,
0x027E, 0x0CA8,
0x027E, 0x0CAF,
0x827E, 0x0CAF,
0x8282, 0x0CB3,
0x027E, 0x0CAF,
0x026D, 0x0CAA,
0x826D, 0x0CAA,
0x8271, 0x0CAE,
0x026D, 0x0CAA,
0x027A, 0x0CA9,
0x827A, 0x0CA9,
0x827E, 0x0CAD,
0x027A, 0x0CA9,
0x0264, 0x0CAA,
0x8264, 0x0CAA,
0x8268, 0x0CAE,
0x0264, 0x0CAA,
0x025B, 0x0CA7,
0x825B, 0x0CA7,
0x8260, 0x0CAB,
0x025B, 0x0CA7,
0x02D0, 0x0C9E,
0x82D0, 0x0C9E,
0x82D4, 0x0CA2,
0x02D0, 0x0C9E,
0x02C9, 0x0CB3,
0x82C9, 0x0CB3,
0x82CD, 0x0CB7,
0x02C9, 0x0CB3,
0x02C4, 0x0CBB,
0x82C4, 0x0CBB,
0x82C9, 0x0CBF,
0x02C4, 0x0CBB,
0x02C3, 0x0CB1,
0x82C3, 0x0CB1,
0x82C7, 0x0CB5,
0x02C3, 0x0CB1,
0x02C1, 0x0CAE,
0x82C1, 0x0CAE,
0x82C5, 0x0CB2,
0x02C1, 0x0CAE,
0x02BF, 0x0CA7,
0x82BF, 0x0CA7,
0x82C4, 0x0CAB,
0x02BF, 0x0CA7,
0x02CC, 0x0CB8,
0x82CC, 0x0CB8,
0x82D0, 0x0CBC,
0x02CC, 0x0CB8,
0x02BA, 0x0CA4,
0x82BA, 0x0CA4,
0x82BE, 0x0CA8,
0x02BA, 0x0CA4,
0x02B9, 0x0CA7,
0x82B9, 0x0CA7,
0x82BD, 0x0CAB,
0x02B9, 0x0CA7,
0x02BA, 0x0CA8,
0x82BA, 0x0CA8,
0x82BE, 0x0CAC,
0x02BA, 0x0CA8,
0x02BB, 0x0CA7,
0x82BB, 0x0CA7,
0x82BF, 0x0CAB,
0x02BB, 0x0CA7,
0x02AC, 0x0CA7,
0x82AC, 0x0CA7,
0x82B0, 0x0CAC,
0x02AC, 0x0CA7,
0x02B0, 0x0CAB,
0x82B0, 0x0CAB,
0x82B4, 0x0CAF,
0x02B0, 0x0CAB,
0x02B1, 0x0CA7,
0x82B1, 0x0CA7,
0x82B5, 0x0CAC,
0x02B1, 0x0CA7,
0x029D, 0x0CAD,
0x829D, 0x0CAD,
0x82A1, 0x0CB1,
0x029D, 0x0CAD,
0x029E, 0x0CA8,
0x829E, 0x0CA8,
0x82A2, 0x0CAC,
0x029E, 0x0CA8,
0x0297, 0x0CA4,
0x8297, 0x0CA4,
0x829C, 0x0CA8,
0x0297, 0x0CA4,
0x0298, 0x0CA7,
0x8298, 0x0CA7,
0x829C, 0x0CAB,
0x0298, 0x0CA7,
0x029C, 0x0CA4,
0x829C, 0x0CA4,
0x82A0, 0x0CA8,
0x029C, 0x0CA4,
0x028D, 0x0CA5,
0x828D, 0x0CA5,
0x8291, 0x0CA9,
0x028D, 0x0CA5,
0x02DC, 0x0C8D,
0x82DC, 0x0C8D,
0x82E1, 0x0C91,
0x02DC, 0x0C8D,
0x02DE, 0x0C76,
0x82DE, 0x0C76,
0x82E2, 0x0C7A,
0x02DE, 0x0C76,
0x02DC, 0x0C85,
0x82DC, 0x0C85,
0x82E0, 0x0C89,
0x02DC, 0x0C85,
0x02DB, 0x0C83,
0x82DB, 0x0C83,
0x82DF, 0x0C87,
0x02DB, 0x0C83,
0x02D9, 0x0C94,
0x82D9, 0x0C94,
0x82DD, 0x0C98,
0x02D9, 0x0C94,
0x02BE, 0x0CCC,
0x82BE, 0x0CCC,
0x82C2, 0x0CD0,
0x02BE, 0x0CCC,
0x02BC, 0x0CEC,
0x82BC, 0x0CEC,
0x82C0, 0x0CF1,
0x02BC, 0x0CEC,
0x02B9, 0x0CEE,
0x82B9, 0x0CEE,
0x82BE, 0x0CF3,
0x02B9, 0x0CEE,
0x02BE, 0x0CF4,
0x82BE, 0x0CF4,
0x82C2, 0x0CF8,
0x02BE, 0x0CF4,
0x02B3, 0x0CF4,
0x82B3, 0x0CF4,
0x82B7, 0x0CF8,
0x02B3, 0x0CF4,
0x02B5, 0x0CF2,
0x82B5, 0x0CF2,
0x82B9, 0x0CF7,
0x02B5, 0x0CF2,
0x02B2, 0x0CEF,
0x82B2, 0x0CEF,
0x82B6, 0x0CF3,
0x02B2, 0x0CEF,
0x02BA, 0x0CF9,
0x82BA, 0x0CF9,
0x82BE, 0x0CFD,
0x02BA, 0x0CF9,
0x02A4, 0x0CD0,
0x82A4, 0x0CD0,
0x82A8, 0x0CD4,
0x02A4, 0x0CD0,
0x02A1, 0x0CCD,
0x82A1, 0x0CCD,
0x82A5, 0x0CD1,
0x02A1, 0x0CCD,
0x02AB, 0x0CD7,
0x82AB, 0x0CD7,
0x82AF, 0x0CDB,
0x02AB, 0x0CD7,
0x02A2, 0x0CCC,
0x82A2, 0x0CCC,
0x82A6, 0x0CD0,
0x02A2, 0x0CCC,
0x02AA, 0x0CD4,
0x82AA, 0x0CD4,
0x82AE, 0x0CD8,
0x02AA, 0x0CD4,
0x02AF, 0x0CDC,
0x82AF, 0x0CDC,
0x82B3, 0x0CE0,
0x02AF, 0x0CDC,
0x02AF, 0x0CE2,
0x82AF, 0x0CE2,
0x82B3, 0x0CE6,
0x02AF, 0x0CE2,
0x01FC, 0x0BFE,
0x81FC, 0x0BFE,
0x8200, 0x0C02,
0x01FC, 0x0BFE,
0x01F7, 0x0BF6,
0x81F7, 0x0BF6,
0x81FB, 0x0BFA,
0x01F7, 0x0BF6,
0x01F6, 0x0CD5,
0x81F6, 0x0CD5,
0x81FA, 0x0CD9,
0x01F6, 0x0CD5,
0x01F4, 0x0CD1,
0x81F4, 0x0CD1,
0x81F9, 0x0CD5,
0x01F4, 0x0CD1,
0x01FE, 0x0CD3,
0x81FE, 0x0CD3,
0x8202, 0x0CD7,
0x01FE, 0x0CD3,
0x01F5, 0x0CCD,
0x81F5, 0x0CCD,
0x81F9, 0x0CD1,
0x01F5, 0x0CCD,
0x0206, 0x0CC6,
0x8206, 0x0CC6,
0x820A, 0x0CCA,
0x0206, 0x0CC6,
0x01F9, 0x0CB9,
0x81F9, 0x0CB9,
0x81FD, 0x0CBE,
0x01F9, 0x0CB9
};
#endif